iata,icao,name,size,latitude,longitude,iso_country,iso_region,region_name,municipality,website,wikipedia
AUH,OMAA,Zayed International Airport,large,24.440966,54.649237,AE,AE-AZ,Abu Dhabi Emirate,Abu Dhabi,https://www.zayedinternationalairport.ae/,https://en.wikipedia.org/wiki/Abu_Dhabi_International_Airport
AAN,OMAL,Al Ain International Airport,large,24.2617,55.6092,AE,AE-AZ,Abu Dhabi Emirate,Al Ain,,https://en.wikipedia.org/wiki/Al_Ain_International_Airport
DXB,OMDB,Dubai International Airport,large,25.24979,55.370992,AE,AE-DU,Dubai Emirate,Dubai,https://www.dubaiairport.com/,https://en.wikipedia.org/wiki/Dubai_International_Airport
DWC,OMDW,Al Maktoum International Airport,large,24.896171,55.16235,AE,AE-DU,Dubai Emirate,Dubai(Jebel Ali),https://dubaiairports.ae/corporate/our-story/dwc-dubai-world-central,https://en.wikipedia.org/wiki/Al_Maktoum_International_Airport
FJR,OMFJ,Fujairah International Airport,large,25.108411,56.328061,AE,AE-FU,Fujairah Emirate,Fujairah,,https://en.wikipedia.org/wiki/Fujairah_International_Airport
RKT,OMRK,Ras Al Khaimah International Airport,large,25.613501,55.938801,AE,AE-RK,Ras al-Khaimah Emirate,Ras Al Khaimah,,https://en.wikipedia.org/wiki/Ras_Al_Khaimah_International_Airport
SHJ,OMSJ,Sharjah International Airport,large,25.3286,55.5172,AE,AE-SH,Sharjah Emirate,Sharjah,https://www.sharjahairport.ae/en/,https://en.wikipedia.org/wiki/Sharjah_International_Airport
HEA,OAHR,Herat - Khwaja Abdullah Ansari International Airport,large,34.209999,62.228298,AF,AF-HER,Herat Province,Guzara,,https://en.wikipedia.org/wiki/Herat_International_Airport
KBL,OAKB,Kabul International Airport,large,34.565899,69.212303,AF,AF-KAB,Kabul Province,Kabul,,https://en.wikipedia.org/wiki/Kabul_International_Airport
KDH,OAKN,Ahmad Shah Baba International Airport,large,31.505769,65.847963,AF,AF-KAN,Kandahar Province,Kandahar,,https://en.wikipedia.org/wiki/Kandahar_International_Airport
KHT,OAKS,Khost International Airport,medium,33.284605,69.80734,AF,AF-KHO,Khost Province,Khost,,https://en.wikipedia.org/wiki/Khost_International_Airport
MZR,OAMS,Mazar-i-Sharif International Airport,large,36.70412,67.210459,AF,AF-BAL,Balkh Province,Mazar-i-Sharif,,https://en.wikipedia.org/wiki/Mazar-i-Sharif_International_Airport
BBQ,TAPB,Burton-Nibbs International Airport,medium,17.621194,-61.798347,AG,AG-10,Barbuda Dependency,Codrington,,https://en.wikipedia.org/wiki/Burton%E2%80%93Nibbs_International_Airport
ANU,TAPA,V. C. Bird International Airport,large,17.1367,-61.792702,AG,AG-03,Saint George Parish,Osbourn,https://vcbia.com,https://en.wikipedia.org/wiki/VC_Bird_International_Airport
AXA,TQPF,Clayton J. Lloyd International Airport,medium,18.204773,-63.05383,AI,AI-U-A,(unassigned),The Valley,http://www.anguillaports.com/cjlia,https://en.wikipedia.org/wiki/Clayton_J._Lloyd_International_Airport
TIA,LATI,Tirana International Airport Mother Teresa,large,41.4147,19.7206,AL,AL-02,Durrës County,Rinas,http://www.tirana-airport.com/,https://en.wikipedia.org/wiki/Tirana_International_Airport_N%C3%ABn%C3%AB_Tereza
LWN,UDSG,Shirak International Airport,large,40.750401,43.859299,AM,AM-SH,Shirak Province,Gyumri,http://www.aviation.am/eng/gorc/aeroport.htm,https://en.wikipedia.org/wiki/Shirak_Airport
EVN,UDYZ,Zvartnots International Airport,large,40.148941,44.397887,AM,AM-ER,Yerevan (capital district),Yerevan,http://www.aia-zvartnots.aero/,https://en.wikipedia.org/wiki/Zvartnots_International_Airport
CAB,FNCA,Cabinda Airport,medium,-5.59839,12.188145,AO,AO-CAB,Cabinda Province,Cabinda,,https://en.wikipedia.org/wiki/Cabinda_Airport
CBT,FNCT,Catumbela Airport,medium,-12.4792,13.4869,AO,AO-BGU,Benguela Province,Catumbela,,https://en.wikipedia.org/wiki/Catumbela_Airport
DUE,FNDU,Dundo Airport,medium,-7.40089,20.818501,AO,AO-LNO,Lunda Norte Province,Chitato,,https://en.wikipedia.org/wiki/Dundo_Airport
NOV,FNHU,Albano Machado Airport,medium,-12.8089,15.7605,AO,AO-HUA,Huambo Province,Huambo,,https://en.wikipedia.org/wiki/Albano_Machado_Airport
LAD,FNLU,Quatro de Fevereiro International Airport,large,-8.85837,13.2312,AO,AO-LUA,Luanda Province,Luanda,,https://en.wikipedia.org/wiki/Quatro_de_Fevereiro_Airport
NBJ,FNBJ,Dr. Antonio Agostinho Neto International Airport,large,-9.050734,13.499078,AO,AO-LUA,Luanda Province,Luanda (Ícolo e Bengo),https://www.aiaan.co.ao/,https://en.wikipedia.org/wiki/Angola_International_Airport
SDD,FNUB,Lubango Mukanka International Airport,medium,-14.924839,13.576653,AO,AO-HUI,Huíla Province,Lubango,,https://en.wikipedia.org/wiki/Lubango_Airport
MEG,FNMA,Malanje Airport,medium,-9.52509,16.312401,AO,AO-MAL,Malanje Province,Malanje,,https://en.wikipedia.org/wiki/Malanje_Airport
SSY,FNBC,Mbanza Congo Airport,medium,-6.2699,14.247,AO,AO-ZAI,Zaire Province,Mbanza Congo,,https://en.wikipedia.org/wiki/Mbanza_Congo_Airport
SPP,FNME,Menongue Airport,medium,-14.6576,17.719801,AO,AO-CCU,Cuando Cubango Province,Menongue,,https://en.wikipedia.org/wiki/Menongue_Airport
MSZ,FNMO,Welwitschia Mirabilis International Airport,medium,-15.2612,12.1468,AO,AO-NAM,Namibe Province,Moçâmedes,,https://en.wikipedia.org/wiki/Welwitschia_Mirabilis_Airport
GXG,FNNG,Negage Airport,medium,-7.75451,15.2877,AO,AO-UIG,Uíge Province,Negage,,https://en.wikipedia.org/wiki/Negage_Airport
VPE,FNGI,Ngjiva Pereira Airport,medium,-17.043501,15.6838,AO,AO-CNN,Cunene Province,Ngiva,,https://en.wikipedia.org/wiki/Ondjiva_Pereira_Airport
SZA,FNSO,Soyo Airport,medium,-6.14109,12.3718,AO,AO-ZAI,Zaire Province,Soyo,,https://en.wikipedia.org/wiki/Soyo_Airport
BHI,SAZB,Comandante Espora Airport,medium,-38.725,-62.1693,AR,AR-B,Buenos Aires Province,Bahía Blanca,https://www.aeropuertobahiablanca.com/,https://en.wikipedia.org/wiki/Comandante_Espora_Airport
AEP,SABE,Aeroparque Jorge Newbery,large,-34.559419,-58.415536,AR,AR-C,Buenos Aires (Autonomous City),Buenos Aires,https://www.aeropuertosargentina.com/es/AEP,https://en.wikipedia.org/wiki/Aeroparque_Jorge_Newbery
EZE,SAEZ,Ezeiza International Airport - Ministro Pistarini,large,-34.8222,-58.5358,AR,AR-B,Buenos Aires Province,Buenos Aires (Ezeiza),https://www.aeropuertosargentina.com/es/EZE,https://en.wikipedia.org/wiki/Ministro_Pistarini_International_Airport
CTC,SANC,Coronel Felipe Varela International Airport,medium,-28.593117,-65.7512,AR,AR-K,Catamarca Province,Catamarca,,https://en.wikipedia.org/wiki/Coronel_Felipe_Varela_International_Airport
CPC,SAZY,Aviador C. Campos Airport,medium,-40.075401,-71.137299,AR,AR-Q,Neuquén Province,Chapelco/San Martin de los Andes,,https://en.wikipedia.org/wiki/Aviador_Carlos_Campos_Airport
CRD,SAVC,General Enrique Mosconi International Airport,large,-45.786941,-67.463355,AR,AR-U,Chubut Province,Comodoro Rivadavia,http://www.aa2000.com.ar/comrivadavia,https://en.wikipedia.org/wiki/General_Enrique_Mosconi_International_Airport
COR,SACO,Ingeniero Aeronáutico Ambrosio L.V. Taravella International Airport,large,-31.312346,-64.208329,AR,AR-X,Córdoba Province,Cordoba,https://www.aeropuertosargentina.com/en/COR,https://en.wikipedia.org/wiki/Ingeniero_Ambrosio_L.V._Taravella_International_Airport
CNQ,SARC,Corrientes Airport,medium,-27.4455,-58.7619,AR,AR-W,Corrientes Province,Corrientes,,https://en.wikipedia.org/wiki/Doctor_Fernando_Piragine_Niveyro_International_Airport
FTE,SAWC,El Calafate - Commander Armando Tola International Airport,medium,-50.280267,-72.053401,AR,AR-Z,Santa Cruz Province,El Calafate,http://www.aeropuertoelcalafate.com/en/,https://en.wikipedia.org/wiki/Comandante_Armando_Tola_International_Airport
EQS,SAVE,Esquel Brigadier Antonio Parodi International Airport,medium,-42.908001,-71.139503,AR,AR-U,Chubut Province,Esquel,,https://en.wikipedia.org/wiki/Esquel_Airport
FMA,SARF,Formosa National Airport,medium,-26.2127,-58.2281,AR,AR-P,Formosa Province,Formosa,,https://en.wikipedia.org/wiki/Formosa_International_Airport
IRJ,SANL,Capitan V A Almonacid Airport,medium,-29.381599,-66.795799,AR,AR-F,La Rioja Province,La Rioja,,https://en.wikipedia.org/wiki/Capit%C3%A1n_Vicente_Almandos_Almonacid_Airport
LHS,SAVH,Las Heras Airport,medium,-46.538517,-68.965323,AR,AR-Z,Santa Cruz Province,Las Heras,,https://en.wikipedia.org/wiki/Colonia_Las_Heras_Airport
MDQ,SAZM,Ástor Piazzola International Airport,medium,-37.9342,-57.5733,AR,AR-B,Buenos Aires Province,Mar del Plata,,https://en.wikipedia.org/wiki/%C3%81stor_Piazzola_International_Airport
MDZ,SAME,Governor Francisco Gabrielli International Airport,large,-32.831699,-68.7929,AR,AR-M,Mendoza Province,Mendoza,https://www.aeropuertosargentina.com/en/MDZ,https://en.wikipedia.org/wiki/Governor_Francisco_Gabrielli_International_Airport
NEC,SAZO,Necochea Airport,medium,-38.490746,-58.816337,AR,AR-B,Buenos Aires Province,Necochea,,https://en.wikipedia.org/wiki/Necochea_Airport
NQN,SAZN,Presidente Perón International Airport,large,-38.949001,-68.155701,AR,AR-Q,Neuquén Province,Neuquén,,https://en.wikipedia.org/wiki/Presidente_Per%C3%B3n_International_Airport
PRA,SAAP,General Urquiza Airport,medium,-31.7948,-60.4804,AR,AR-E,Entre Ríos Province,Parana,,https://en.wikipedia.org/wiki/General_Urquiza_Airport
PMQ,SAWP,Perito Moreno Jalil Hamer Airport,medium,-46.537899,-70.978699,AR,AR-Z,Santa Cruz Province,Perito Moreno,,https://en.wikipedia.org/wiki/Perito_Moreno_Airport
PSS,SARP,Libertador Gral D Jose De San Martin Airport,medium,-27.3858,-55.9707,AR,AR-N,Misiones Province,Posadas,,https://en.wikipedia.org/wiki/Libertador_General_Jos%C3%A9_de_San_Mart%C3%ADn_Airport
PUD,SAWD,Puerto Deseado Airport,medium,-47.7353,-65.9041,AR,AR-Z,Santa Cruz Province,Puerto Deseado,,https://en.wikipedia.org/wiki/Puerto_Deseado_Airport
IGR,SARI,Cataratas Del Iguazú International Airport,medium,-25.737301,-54.4734,AR,AR-N,Misiones Province,Puerto Iguazu,http://www.aa2000.com.ar/iguazu,https://en.wikipedia.org/wiki/Cataratas_del_Iguaz%C3%BA_International_Airport
PMY,SAVY,El Tehuelche Airport,medium,-42.7592,-65.1027,AR,AR-U,Chubut Province,Puerto Madryn,,https://en.wikipedia.org/wiki/El_Tehuelche_Airport
REL,SAVT,Almirante Marco Andres Zar Airport,medium,-43.2105,-65.2703,AR,AR-U,Chubut Province,Rawson,,https://en.wikipedia.org/wiki/Almirante_Marco_Andr%C3%A9s_Zar_Airport
RES,SARE,Resistencia International Airport,large,-27.44991,-59.056125,AR,AR-H,Chaco Province,Resistencia,https://www.aeropuertosargentina.com/en/RES,https://en.wikipedia.org/wiki/Resistencia_International_Airport
RGL,SAWG,Piloto Civil Norberto Fernández International Airport,large,-51.608791,-69.308948,AR,AR-Z,Santa Cruz Province,Rio Gallegos,,https://en.wikipedia.org/wiki/Piloto_Civil_Norberto_Fern%C3%A1ndez_International_Airport
RGA,SAWE,Gobernador Ramón Trejo Noel International Airport,medium,-53.7777,-67.7494,AR,AR-V,Tierra del Fuego Province,Rio Grande,,https://en.wikipedia.org/wiki/Hermes_Quijada_Airport
ROS,SAAR,Rosario Islas Malvinas International Airport,large,-32.9036,-60.785,AR,AR-S,Santa Fe Province,Rosario,https://aeropuertorosario.com,https://en.wikipedia.org/wiki/Rosario_International_Airport
SLA,SASA,Martín Miguel de Güemes International Airport,large,-24.856001,-65.486198,AR,AR-A,Salta Province,Salta,,https://en.wikipedia.org/wiki/Mart%C3%ADn_Miguel_de_G%C3%BCemes_Airport
BRC,SAZS,Teniente Luis Candelaria International Airport,large,-41.151199,-71.157501,AR,AR-R,Río Negro Province,San Carlos de Bariloche,http://www.aa2000.com.ar/bariloche,https://en.wikipedia.org/wiki/San_Carlos_de_Bariloche_Airport
UAQ,SANU,Domingo Faustino Sarmiento Airport,medium,-31.571501,-68.418198,AR,AR-J,San Juan Province,San Juan,,https://en.wikipedia.org/wiki/Domingo_Faustino_Sarmiento_Airport
LUQ,SAOU,Brigadier Mayor D Cesar Raul Ojeda Airport,medium,-33.273201,-66.3564,AR,AR-D,San Luis Province,San Luis,,https://en.wikipedia.org/wiki/Brigadier_Mayor_C%C3%A9sar_Ra%C3%BAl_Ojeda_Airport
TUC,SANT,Teniente Benjamín Matienzo International Airport,large,-26.837397,-65.104195,AR,AR-T,Tucumán Province,San Miguel de Tucumán,,https://en.wikipedia.org/wiki/Benjam%C3%ADn_Matienzo_International_Airport
AFA,SAMR,Suboficial Ay Santiago Germano Airport,medium,-34.588299,-68.4039,AR,AR-M,Mendoza Province,San Rafael,,https://en.wikipedia.org/wiki/San_Rafael_Airport_(Argentina)
JUJ,SASJ,Gobernador Horacio Guzman International Airport,large,-24.392799,-65.097801,AR,AR-Y,Jujuy Province,San Salvador de Jujuy,,https://en.wikipedia.org/wiki/Gobernador_Horacio_Guzm%C3%A1n_International_Airport
SFN,SAAV,Sauce Viejo Airport,medium,-31.7117,-60.8117,AR,AR-S,Santa Fe Province,Santa Fe,,https://en.wikipedia.org/wiki/Sauce_Viejo_Airport
RSA,SAZR,Santa Rosa Airport,medium,-36.588299,-64.275703,AR,AR-L,La Pampa Province,Santa Rosa,,https://en.wikipedia.org/wiki/Santa_Rosa_Airport_(Argentina)
SST,SAZL,Santa Teresita Airport,medium,-36.5423,-56.7218,AR,AR-B,Buenos Aires Province,Santa Teresita,,https://en.wikipedia.org/wiki/Santa_Teresita_Airport
SDE,SANE,Vicecomodoro Angel D. La Paz Aragonés Airport,medium,-27.765556,-64.309998,AR,AR-G,Santiago del Estero Province,Santiago del Estero,,https://en.wikipedia.org/wiki/Santiago_del_Estero_Airport
RHD,SANR,Termas de Río Hondo international Airport,medium,-27.4966,-64.93595,AR,AR-G,Santiago del Estero Province,Termas de Río Hondo,,https://en.wikipedia.org/wiki/Las_Termas_Airport
USH,SAWH,Ushuaia - Malvinas Argentinas International Airport,medium,-54.8433,-68.2958,AR,AR-V,Tierra del Fuego Province,Ushuaia,,https://en.wikipedia.org/wiki/Ushuaia_%E2%80%93_Malvinas_Argentinas_International_Airport
VDM,SAVV,Gobernador Castello Airport,medium,-40.8692,-63.0004,AR,AR-R,Río Negro Province,Viedma / Carmen de Patagones,,https://en.wikipedia.org/wiki/Gobernador_Edgardo_Castello_Airport
PPG,NSTU,Pago Pago International Airport,large,-14.331,-170.710007,AS,AS-WT,Western District,Pago Pago,,https://en.wikipedia.org/wiki/Pago_Pago_International_Airport
GRZ,LOWG,Graz Airport,large,46.9911,15.4396,AT,AT-6,Styria,Feldkirchen bei Graz,http://www.flughafen-graz.at/,https://en.wikipedia.org/wiki/Graz_Airport
INN,LOWI,Innsbruck Airport,large,47.260201,11.344,AT,AT-7,Tyrol,Innsbruck,http://www.innsbruck-airport.com/,https://en.wikipedia.org/wiki/Innsbruck_Airport
KLU,LOWK,Klagenfurt Airport,large,46.642502,14.3377,AT,AT-2,Carinthia,Klagenfurt am Wörthersee,http://www.klagenfurt-airport.com/,https://en.wikipedia.org/wiki/Klagenfurt_Airport
LNZ,LOWL,Linz-Hörsching Airport,large,48.235362,14.188128,AT,AT-4,Upper Austria,Linz,http://www.flughafen-linz.at/,https://en.wikipedia.org/wiki/Linz_Airport
SZG,LOWS,Salzburg Airport,large,47.793301,13.0043,AT,AT-5,Salzburg,Salzburg,http://www.salzburg-airport.com/,https://en.wikipedia.org/wiki/Salzburg_Airport
VIE,LOWW,Vienna International Airport,large,48.110298,16.5697,AT,AT-9,Vienna,Vienna,http://www.viennaairport.com/en/,https://en.wikipedia.org/wiki/Vienna_International_Airport
BVI,YBDV,Birdsville Airport,medium,-25.897499,139.348007,AU,AU-QLD,Queensland,,,https://en.wikipedia.org/wiki/Birdsville_Airport
BQL,YBOU,Boulia Airport,medium,-22.9133,139.899994,AU,AU-QLD,Queensland,,,https://en.wikipedia.org/wiki/Boulia_Airport
BRK,YBKE,Bourke Airport,medium,-30.0392,145.951996,AU,AU-NSW,New South Wales,,,https://en.wikipedia.org/wiki/Bourke_Airport
CED,YCDU,Ceduna Airport,medium,-32.1306,133.710007,AU,AU-SA,South Australia,,,https://en.wikipedia.org/wiki/Ceduna_Airport
CAZ,YCBA,Cobar Airport,medium,-31.5383,145.794006,AU,AU-NSW,New South Wales,,,https://en.wikipedia.org/wiki/Cobar_Airport
CTN,YCKN,Cooktown Airport,medium,-15.443649,145.183221,AU,AU-QLD,Queensland,,,https://en.wikipedia.org/wiki/Cooktown_Airport
CNB,YCNM,Coonamble Airport,medium,-30.980946,148.377833,AU,AU-NSW,New South Wales,,,https://en.wikipedia.org/wiki/Coonamble_Airport
CMA,YCMU,Cunnamulla Airport,medium,-28.030001,145.621994,AU,AU-QLD,Queensland,,,https://en.wikipedia.org/wiki/Cunnamulla_Airport
FIZ,YFTZ,Fitzroy Crossing Airport,medium,-18.183596,125.559783,AU,AU-WA,Western Australia,,https://www.sdwk.wa.gov.au/visitors/airports/fitzroy-crossing-yftz.aspx,https://en.wikipedia.org/wiki/Fitzroy_Crossing_Airport
KNS,YKII,King Island Airport,medium,-39.877499,143.878006,AU,AU-TAS,Tasmania,,,https://en.wikipedia.org/wiki/King_Island_Airport
KGC,YKSC,Kingscote Airport,medium,-35.713902,137.520996,AU,AU-SA,South Australia,,,https://en.wikipedia.org/wiki/Kingscote_Airport
LER,YLST,Leinster Airport,medium,-27.8433,120.703003,AU,AU-WA,Western Australia,,,https://en.wikipedia.org/wiki/Leinster_Airport
LHG,YLRD,Lightning Ridge Airport,medium,-29.452857,147.977146,AU,AU-NSW,New South Wales,,,https://en.wikipedia.org/wiki/Lightning_Ridge_Airport
MKR,YMEK,Meekatharra Airport,medium,-26.6117,118.547997,AU,AU-WA,Western Australia,,,https://en.wikipedia.org/wiki/Meekatharra_Airport
MMG,YMOG,Mount Magnet Airport,medium,-28.1161,117.842003,AU,AU-WA,Western Australia,,,https://en.wikipedia.org/wiki/Mount_Magnet_Airport
OKY,YBOK,Oakey Army Aviation Centre,medium,-27.409262,151.736727,AU,AU-QLD,Queensland,,,https://en.wikipedia.org/wiki/Oakey_Army_Aviation_Centre
PUG,YPAG,Port Augusta Airport,medium,-32.506901,137.716995,AU,AU-SA,South Australia,,,https://en.wikipedia.org/wiki/Port_Augusta_Airport
PTJ,YPOD,Portland Airport,medium,-38.3181,141.470993,AU,AU-VIC,Victoria,,,https://en.wikipedia.org/wiki/Portland_Airport_(Australia)
ULP,YQLP,Quilpie Airport,medium,-26.609176,144.253746,AU,AU-QLD,Queensland,,,https://en.wikipedia.org/wiki/Quilpie_Airport
WGE,YWLG,Walgett Airport,medium,-30.032801,148.126007,AU,AU-NSW,New South Wales,,,https://en.wikipedia.org/wiki/Walgett_Airport
WUN,YWLU,Wiluna Airport,medium,-26.632691,120.221906,AU,AU-WA,Western Australia,,,https://en.wikipedia.org/wiki/Wiluna_Airport
WIN,YWTN,Winton Airport,medium,-22.3636,143.085999,AU,AU-QLD,Queensland,,,https://en.wikipedia.org/wiki/Winton_Airport
ADL,YPAD,Adelaide International Airport,large,-34.947512,138.533393,AU,AU-SA,South Australia,Adelaide,,https://en.wikipedia.org/wiki/Adelaide_Airport
ALH,YABA,Albany Airport,medium,-34.943333,117.808889,AU,AU-WA,Western Australia,Albany,https://www.albany.wa.gov.au/facilities/venues-facilities/albany-harry-riggs-regional-airport.aspx,https://en.wikipedia.org/wiki/Albany_Airport_(Australia)
ASP,YBAS,Alice Springs Airport,medium,-23.806588,133.903427,AU,AU-NT,Northern Territory,Alice Springs,http://www.alicespringsairport.com.au/,https://en.wikipedia.org/wiki/Alice_Springs_Airport
ARM,YARM,Armidale Airport,medium,-30.528099,151.617004,AU,AU-NSW,New South Wales,Armidale,,https://en.wikipedia.org/wiki/Armidale_Airport
BNK,YBNA,Ballina Byron Gateway Airport,medium,-28.833236,153.561471,AU,AU-NSW,New South Wales,Ballina,,https://en.wikipedia.org/wiki/Ballina_Airport
BCI,YBAR,Barcaldine Airport,medium,-23.566268,145.302086,AU,AU-QLD,Queensland,Barcaldine,,https://en.wikipedia.org/wiki/Barcaldine_Airport
BHS,YBTH,Bathurst Airport,medium,-33.406817,149.651161,AU,AU-NSW,New South Wales,Bathurst,,https://en.wikipedia.org/wiki/Bathurst_Airport_(New_South_Wales)
BEU,YBIE,Bedourie Airport,medium,-24.3461,139.460007,AU,AU-QLD,Queensland,Bedourie,,https://en.wikipedia.org/wiki/Bedourie_Airport
THG,YTNG,Thangool Airport,medium,-24.494863,150.577967,AU,AU-QLD,Queensland,Biloela,,https://en.wikipedia.org/wiki/Thangool_Airport
BKQ,YBCK,Blackall Airport,medium,-24.431678,145.429716,AU,AU-QLD,Queensland,Blackall,,https://en.wikipedia.org/wiki/Blackall_Airport
BNE,YBBN,Brisbane International Airport,large,-27.384199,153.117004,AU,AU-QLD,Queensland,Brisbane,,https://en.wikipedia.org/wiki/Brisbane_Airport
KGI,YPKG,Kalgoorlie Boulder Airport,medium,-30.791543,121.464586,AU,AU-WA,Western Australia,Broadwood,,https://en.wikipedia.org/wiki/Kalgoorlie-Boulder_Airport
BHQ,YBHI,Broken Hill Airport,medium,-32.0014,141.472,AU,AU-NSW,New South Wales,Broken Hill,,https://en.wikipedia.org/wiki/Broken_Hill_Airport
BME,YBRM,Broome International Airport,large,-17.949194,122.2283,AU,AU-WA,Western Australia,Broome,https://broomeair.com.au,https://en.wikipedia.org/wiki/Broome_International_Airport
BDB,YBUD,Bundaberg Airport,medium,-24.905039,152.322612,AU,AU-QLD,Queensland,Bundaberg,http://bundaberg.qld.gov.au/services/airport,https://en.wikipedia.org/wiki/Bundaberg_Airport
BWT,YWYY,Wynyard Airport,medium,-40.997039,145.726,AU,AU-TAS,Tasmania,Burnie,,https://en.wikipedia.org/wiki/Burnie_Airport
CNS,YBCS,Cairns International Airport,large,-16.878921,145.74948,AU,AU-QLD,Queensland,Cairns,https://www.cairnsairport.com.au/,https://en.wikipedia.org/wiki/Cairns_International_Airport
CBR,YSCB,Canberra Airport,medium,-35.3069,149.195007,AU,AU-ACT,Australian Capital Territory,Canberra,,https://en.wikipedia.org/wiki/Canberra_Airport
CVQ,YCAR,Carnarvon Airport,medium,-24.884337,113.666393,AU,AU-WA,Western Australia,Carnarvon,,https://en.wikipedia.org/wiki/Carnarvon_Airport_(Western_Australia)
CTL,YBCV,Charleville Airport,medium,-26.4133,146.261993,AU,AU-QLD,Queensland,Charleville,,https://en.wikipedia.org/wiki/Charleville_Airport
CNJ,YCCY,Cloncurry Airport,medium,-20.6686,140.503998,AU,AU-QLD,Queensland,Cloncurry,,https://en.wikipedia.org/wiki/Cloncurry_Airport
CUQ,YCOE,Coen Airport,medium,-13.761133,143.113311,AU,AU-QLD,Queensland,Coen,,https://en.wikipedia.org/wiki/Coen_Airport
CFS,YCFS,Coffs Harbour Airport,medium,-30.320601,153.115997,AU,AU-NSW,New South Wales,Coffs Harbour,,https://en.wikipedia.org/wiki/Coffs_Harbour_Airport
CPD,YCBP,Coober Pedy Airport,medium,-29.038312,134.722166,AU,AU-SA,South Australia,Coober Pedy,,https://en.wikipedia.org/wiki/Coober_Pedy_Airport
OOM,YCOM,Cooma Snowy Mountains Airport,medium,-36.300445,148.972408,AU,AU-NSW,New South Wales,Cooma,,https://en.wikipedia.org/wiki/Cooma_-_Snowy_Mountains_Airport
DRW,YPDN,Darwin International Airport / RAAF Darwin,large,-12.41497,130.88185,AU,AU-NT,Northern Territory,Darwin,https://www.darwinairport.com.au/,https://en.wikipedia.org/wiki/Darwin_International_Airport
MJK,YSHK,Shark Bay Airport,medium,-25.897294,113.575802,AU,AU-WA,Western Australia,Denham,,https://en.wikipedia.org/wiki/Shark_Bay_Airport
DPO,YDPO,Devonport Airport,medium,-41.169701,146.429993,AU,AU-TAS,Tasmania,Devonport,http://www.tasports.com.au/infrastructure/devonport_airport.html,https://en.wikipedia.org/wiki/Devonport_Airport
DBO,YSDU,Dubbo City Regional Airport,medium,-32.216702,148.574997,AU,AU-NSW,New South Wales,Dubbo,http://www.dubbo.nsw.gov.au/BusinessandIndustry/DubboCityRegionalAirport.html,https://en.wikipedia.org/wiki/Dubbo_Airport
ABX,YMAY,Albury Airport,medium,-36.066758,146.959148,AU,AU-NSW,New South Wales,East Albury,,https://en.wikipedia.org/wiki/Albury_Airport
ELC,YELD,Elcho Island Airport,medium,-12.0194,135.570999,AU,AU-NT,Northern Territory,Elcho Island,,https://en.wikipedia.org/wiki/Elcho_Island_Airport
EMD,YEML,Emerald Airport,medium,-23.567499,148.179001,AU,AU-QLD,Queensland,Emerald,http://www.emerald.qld.gov.au/Council/Departments/Engineering_Operations/Engineering_Operations.htm,https://en.wikipedia.org/wiki/Emerald_Airport
EPR,YESP,Esperance Airport,medium,-33.684399,121.822998,AU,AU-WA,Western Australia,Esperance,,https://en.wikipedia.org/wiki/Esperance_Airport
MEB,YMEN,Melbourne Essendon Airport,medium,-37.7281,144.901993,AU,AU-VIC,Victoria,Essendon Fields,http://www.essendonairport.com.au/,https://en.wikipedia.org/wiki/Essendon_Airport
LEA,YPLM,Learmonth Airport,medium,-22.235201,114.090024,AU,AU-WA,Western Australia,Exmouth,,https://en.wikipedia.org/wiki/RAAF_Learmonth
WGA,YSWG,Wagga Wagga Airport,medium,-35.163484,147.46832,AU,AU-NSW,New South Wales,Forest Hill,http://www.wagga.nsw.gov.au/www/html/271-airport.asp,https://en.wikipedia.org/wiki/Wagga_Wagga_Airport
AVV,YMAV,Melbourne Avalon International Airport,large,-38.040269,144.467196,AU,AU-VIC,Victoria,Geelong/Melbourne,https://www.avalonairport.com.au/,https://en.wikipedia.org/wiki/Avalon_Airport
GLT,YGLA,Gladstone Airport,medium,-23.869763,151.225439,AU,AU-QLD,Queensland,Gladstone,,https://en.wikipedia.org/wiki/Gladstone_Airport_(Australia)
OOL,YBCG,Gold Coast Airport,large,-28.165962,153.506641,AU,AU-QLD,Queensland,Gold Coast,,https://en.wikipedia.org/wiki/Gold_Coast_Airport
GFF,YGTH,Griffith Airport,medium,-34.250801,146.067001,AU,AU-NSW,New South Wales,Griffith,,https://en.wikipedia.org/wiki/Griffith_Airport
GTE,YGTE,Groote Eylandt Airport,medium,-13.972405,136.458553,AU,AU-NT,Northern Territory,Groote Eylandt,,https://en.wikipedia.org/wiki/Groote_Eylandt_Airport
HTI,YBHM,Hamilton Island Airport,medium,-20.358101,148.951996,AU,AU-QLD,Queensland,Hamilton Island,http://www.hamiltonisland.com.au/airport/,https://en.wikipedia.org/wiki/Hamilton_Island_Airport
HVB,YHBA,Hervey Bay Airport,medium,-25.320127,152.880662,AU,AU-QLD,Queensland,Hervey Bay,,https://en.wikipedia.org/wiki/Hervey_Bay_Airport
HBA,YMHB,Hobart International Airport,large,-42.837032,147.513022,AU,AU-TAS,Tasmania,Hobart (Cambridge),https://hobartairport.com.au,https://en.wikipedia.org/wiki/Hobart_International_Airport
HID,YHID,Horn Island Airport,medium,-10.585636,142.29277,AU,AU-QLD,Queensland,Horn,https://www.torres.qld.gov.au/Community/Council-Facilities/Horn-Island/Airport,https://en.wikipedia.org/wiki/Horn_Island_Airport
KTA,YPKA,Karratha Airport,medium,-20.7122,116.773003,AU,AU-WA,Western Australia,Karratha,,https://en.wikipedia.org/wiki/Karratha_Airport
KWM,YKOW,Kowanyama Airport,medium,-15.485369,141.752572,AU,AU-QLD,Queensland,Kowanyama,,https://en.wikipedia.org/wiki/Kowanyama_Airport
KNX,YPKU,East Kimberley Regional (Kununurra) Airport,medium,-15.7781,128.707993,AU,AU-WA,Western Australia,Kununurra,,https://en.wikipedia.org/wiki/Kununurra_Airport
LST,YMLT,Launceston Airport,medium,-41.544935,147.210785,AU,AU-TAS,Tasmania,Launceston (Western Junction),http://www.launcestonairport.com.au/,https://en.wikipedia.org/wiki/Launceston_Airport
LNO,YLEO,Leonora Airport,medium,-28.878099,121.315002,AU,AU-WA,Western Australia,Leonora,http://www.leonora.wa.gov.au/services_facilities/airport.html,https://en.wikipedia.org/wiki/Leonora_Airport
LSY,YLIS,Lismore Airport,medium,-28.830689,153.258419,AU,AU-NSW,New South Wales,Lismore,,https://en.wikipedia.org/wiki/Lismore_Airport
IRG,YLHR,Lockhart River Airport,medium,-12.7869,143.304993,AU,AU-QLD,Queensland,Lockhart River,,https://en.wikipedia.org/wiki/Lockhart_River_Airport
LRE,YLRE,Longreach Airport,medium,-23.43202,144.277492,AU,AU-QLD,Queensland,Longreach,https://www.longreachairport.com.au/,https://en.wikipedia.org/wiki/Longreach_Airport
MKY,YBMK,Mackay Airport,medium,-21.170816,149.182588,AU,AU-QLD,Queensland,Mackay,http://www.mackayairport.com.au/,https://en.wikipedia.org/wiki/Mackay_Airport
MNG,YMGD,Maningrida Airport,medium,-12.0561,134.233994,AU,AU-NT,Northern Territory,Maningrida,,https://en.wikipedia.org/wiki/Maningrida_Airport
MCY,YBSU,Sunshine Coast Airport,large,-26.593324,153.08319,AU,AU-QLD,Queensland,Maroochydore,http://www.sunshinecoastairport.com.au/,https://en.wikipedia.org/wiki/Sunshine_Coast_Airport
MEL,YMML,Melbourne Airport,large,-37.670732,144.837898,AU,AU-VIC,Victoria,Melbourne,http://melbourneairport.com.au/,https://en.wikipedia.org/wiki/Melbourne_Airport
MBW,YMMB,Melbourne Moorabbin Airport,medium,-37.977765,145.099799,AU,AU-VIC,Victoria,Melbourne,http://www.moorabbinairport.com.au/,https://en.wikipedia.org/wiki/Moorabbin_Airport
MIM,YMER,Merimbula Airport,medium,-36.9086,149.901001,AU,AU-NSW,New South Wales,Merimbula,,https://en.wikipedia.org/wiki/Merimbula_Airport
MQL,YMIA,Mildura Airport,medium,-34.229198,142.085999,AU,AU-VIC,Victoria,Mildura,http://www.milduraairport.com.au/,https://en.wikipedia.org/wiki/Mildura_Airport
SNB,YSNK,Snake Bay Airport,medium,-11.417674,130.648481,AU,AU-NT,Northern Territory,Milikapiti,,https://en.wikipedia.org/wiki/Snake_Bay_Airport
GET,YGEL,Geraldton Airport,medium,-28.796101,114.707001,AU,AU-WA,Western Australia,Moonyoonooka,,https://en.wikipedia.org/wiki/Geraldton_Airport
MOV,YMRB,Moranbah Airport,medium,-22.0578,148.076996,AU,AU-QLD,Queensland,Moranbah,,https://en.wikipedia.org/wiki/Moranbah_Airport
MRZ,YMOR,Moree Airport,medium,-29.498899,149.845001,AU,AU-NSW,New South Wales,Moree,,https://en.wikipedia.org/wiki/Moree_Airport
MYA,YMRY,Moruya Airport,medium,-35.8978,150.143997,AU,AU-NSW,New South Wales,Moruya,,https://en.wikipedia.org/wiki/Moruya_Airport
MGB,YMTG,Mount Gambier Airport,medium,-37.744382,140.780561,AU,AU-SA,South Australia,Mount Gambier,https://www.dcgrant.sa.gov.au/services/mount-gambier-regional-airport,https://en.wikipedia.org/wiki/Mount_Gambier_Airport
MHU,YHOT,Mount Hotham Airport,medium,-37.047501,147.334,AU,AU-VIC,Victoria,Mount Hotham,,https://en.wikipedia.org/wiki/Mount_Hotham_Airport
ISA,YBMA,Mount Isa Airport,medium,-20.66638,139.488468,AU,AU-QLD,Queensland,Mount Isa,,https://en.wikipedia.org/wiki/Mount_Isa_Airport
NAA,YNBR,Narrabri Airport,medium,-30.319201,149.826996,AU,AU-NSW,New South Wales,Narrabri,http://narrabri.cfm.predelegation.com/index.cfm?page_id=1249,https://en.wikipedia.org/wiki/Narrabri_Airport
NRA,YNAR,Narrandera Airport,medium,-34.702202,146.511993,AU,AU-NSW,New South Wales,Narrandera,,https://en.wikipedia.org/wiki/Narrandera_Airport
ZNE,YNWN,Newman Airport,medium,-23.417801,119.803001,AU,AU-WA,Western Australia,Newman,,https://en.wikipedia.org/wiki/Newman_Airport
GOV,YPGV,Gove Airport,medium,-12.2694,136.817993,AU,AU-NT,Northern Territory,Nhulunbuy,,https://en.wikipedia.org/wiki/Gove_Airport
NTN,YNTN,Normanton Airport,medium,-17.68409,141.069664,AU,AU-QLD,Queensland,Normanton,,https://en.wikipedia.org/wiki/Normanton_Airport
PBO,YPBO,Paraburdoo Airport,medium,-23.171101,117.745003,AU,AU-WA,Western Australia,Paraburdoo,,https://en.wikipedia.org/wiki/Paraburdoo_Airport
PKE,YPKS,Parkes Airport,medium,-33.131401,148.238998,AU,AU-NSW,New South Wales,Parkes,,https://en.wikipedia.org/wiki/Parkes_Airport
PER,YPPH,Perth International Airport,large,-31.9403,115.967003,AU,AU-WA,Western Australia,Perth,,https://en.wikipedia.org/wiki/Perth_Airport
PHE,YPPD,Port Hedland International Airport,large,-20.382787,118.629789,AU,AU-WA,Western Australia,Port Hedland,https://porthedlandairport.com.au,https://en.wikipedia.org/wiki/Port_Hedland_International_Airport
PLO,YPLC,Port Lincoln Airport,medium,-34.605301,135.880005,AU,AU-SA,South Australia,Port Lincoln,,https://en.wikipedia.org/wiki/Port_Lincoln_Airport
PQQ,YPMQ,Port Macquarie Airport,medium,-31.435801,152.863007,AU,AU-NSW,New South Wales,Port Macquarie,http://www.hastings.nsw.gov.au/www/html/455-welcome-to-port-macquarie-airport.asp?intLocationID=455,https://en.wikipedia.org/wiki/Port_Macquarie_Airport
PPP,YBPN,Proserpine Whitsunday Coast Airport,medium,-20.494416,148.553583,AU,AU-QLD,Queensland,Proserpine,,https://en.wikipedia.org/wiki/Proserpine_/_Whitsunday_Coast_Airport
ROK,YBRK,Rockhampton Airport,medium,-23.380019,150.475359,AU,AU-QLD,Queensland,Rockhampton,http://www.rok.aero/,https://en.wikipedia.org/wiki/Rockhampton_Airport
RMA,YROM,Roma Airport,medium,-26.545,148.774994,AU,AU-QLD,Queensland,Roma,,https://en.wikipedia.org/wiki/Roma_Airport
SYD,YSSY,Sydney Kingsford Smith International Airport,large,-33.946098,151.177002,AU,AU-NSW,New South Wales,Sydney (Mascot),http://www.sydneyairport.com.au/,https://en.wikipedia.org/wiki/Sydney_Airport
TMW,YSTW,Tamworth Airport,medium,-31.077898,150.845484,AU,AU-NSW,New South Wales,Tamworth,http://www.tamworth.nsw.gov.au/Council/Council-Enterprises-and-Venues/Tamworth-Regional-Airport/Tamworth-Regional-Airport/defaul,https://en.wikipedia.org/wiki/Tamworth_Airport
TCA,YTNK,Tennant Creek Airport,medium,-19.634399,134.182999,AU,AU-NT,Northern Territory,Tennant Creek,http://www.tennantcreekairport.com.au/,https://en.wikipedia.org/wiki/Tennant_Creek_Airport
XTG,YTGM,Thargomindah Airport,medium,-27.986368,143.812065,AU,AU-QLD,Queensland,Thargomindah,,https://en.wikipedia.org/wiki/Thargomindah_Airport
WTB,YBWW,Toowoomba Wellcamp Airport,large,-27.558332,151.793335,AU,AU-QLD,Queensland,Toowoomba,http://www.wellcamp.com.au,https://en.wikipedia.org/wiki/Toowoomba_Wellcamp_Airport
TSV,YBTL,Townsville Airport / RAAF Base Townsville,medium,-19.252904,146.766512,AU,AU-QLD,Queensland,Townsville,http://www.townsvilleairport.com.au/,https://en.wikipedia.org/wiki/Townsville_Airport
WEI,YBWP,Weipa Airport,medium,-12.677493,141.922618,AU,AU-QLD,Queensland,Weipa,,https://en.wikipedia.org/wiki/Weipa_Airport
WYA,YWHA,Whyalla Airport,medium,-33.058899,137.514008,AU,AU-SA,South Australia,Whyalla,,https://en.wikipedia.org/wiki/Whyalla_Airport
NTL,YWLM,Newcastle Airport,large,-32.796114,151.835025,AU,AU-NSW,New South Wales,Williamtown,https://www.newcastleairport.com.au/,https://en.wikipedia.org/wiki/Newcastle_Airport_(Williamtown)
WNR,YWDH,Windorah Airport,medium,-25.410641,142.668428,AU,AU-QLD,Queensland,Windorah,,https://en.wikipedia.org/wiki/Windorah_Airport
AYQ,YAYE,Ayers Rock Connellan Airport,medium,-25.185913,130.97703,AU,AU-NT,Northern Territory,Yulara,,https://en.wikipedia.org/wiki/Ayers_Rock_Airport
AUA,TNCA,Queen Beatrix International Airport,large,12.501056,-70.014281,AW,AW-U-A,(unassigned),Oranjestad,,https://en.wikipedia.org/wiki/Queen_Beatrix_International_Airport
GYD,UBBB,Heydar Aliyev International Airport,large,40.47278,50.050931,AZ,AZ-BA,Baku (city),Baku,https://www.airport-baku.com/,https://en.wikipedia.org/wiki/Heydar_Aliyev_International_Airport
GBB,UBBQ,Gabala International Airport,medium,40.808617,47.725389,AZ,AZ-QAB,Qabala District,Gabala,,https://en.wikipedia.org/wiki/Gabala_Airport
GNJ,UBBG,Ganja International Airport,large,40.738692,46.320383,AZ,AZ-GA,Ganja (city),Ganja,,https://en.wikipedia.org/wiki/Ganja_International_Airport
LHL,UBLC,Lachin International Airport,medium,39.883787,46.363137,AZ,AZ-LAC,Lacin District,Lachin,,https://en.wikipedia.org/wiki/Lachin_International_Airport
NAJ,UBBN,Nakhchivan International Airport,large,39.188801,45.458401,AZ,AZ-NX,Nakhchivan Autonomous Republic,Nakhchivan,http://airportnakhchivan.com/,https://en.wikipedia.org/wiki/Nakhichevan_Airport
TZL,LQTZ,Tuzla International Airport,large,44.459858,18.723627,BA,BA-BIH,Federation of Bosnia and Herzegovina,Dubrave Gornje,http://www.tuzla-airport.ba/,https://en.wikipedia.org/wiki/Tuzla_International_Airport
BNX,LQBK,Banja Luka International Airport,large,44.941399,17.297501,BA,BA-SRP,Republika Srpska,Mahovljani,http://www.banjaluka-airport.com/,https://en.wikipedia.org/wiki/Banja_Luka_International_Airport
OMO,LQMO,Mostar International Airport,large,43.282489,17.846101,BA,BA-BIH,Federation of Bosnia and Herzegovina,Mostar,http://www.mostar-airport.ba/,https://en.wikipedia.org/wiki/Mostar_International_Airport
SJJ,LQSA,Sarajevo International Airport,large,43.8246,18.331499,BA,BA-BIH,Federation of Bosnia and Herzegovina,Sarajevo,http://www.sarajevo-airport.ba/,https://en.wikipedia.org/wiki/Sarajevo_International_Airport
BGI,TBPB,Grantley Adams International Airport,large,13.074667,-59.491034,BB,BB-01,Christ Church,Bridgetown,http://www.gaia.bb/content/about-gaia-inc,https://en.wikipedia.org/wiki/Grantley_Adams_International_Airport
BZL,VGBR,Barisal Airport,medium,22.801001,90.301201,BD,BD-A,Barisal Division,Barisal,,https://en.wikipedia.org/wiki/Barisal_Airport
CGP,VGEG,Shah Amanat International Airport,large,22.249599,91.813301,BD,BD-B,Chittagong Division,Chattogram (Chittagong),,https://en.wikipedia.org/wiki/Shah_Amanat_International_Airport
CXB,VGCB,Cox's Bazar Airport,medium,21.457517,91.963263,BD,BD-B,Chittagong Division,Cox's Bazar,,https://en.wikipedia.org/wiki/Cox's_Bazar_Airport
DAC,VGHS,Hazrat Shahjalal International Airport,large,23.843347,90.397783,BD,BD-C,Dhaka Division,Dhaka,,https://www.linkedin.com/in/md-shamim-islam-109925358/
JSR,VGJR,Jessore Airport,medium,23.1838,89.160797,BD,BD-D,Khulna Division,Jashore (Jessore),,https://en.wikipedia.org/wiki/Jessore_Airport
RJH,VGRJ,Shah Makhdum Airport,medium,24.437201,88.616501,BD,BD-E,Rajshahi Division,Rajshahi,,https://en.wikipedia.org/wiki/Shah_Makhdum_Airport
SPD,VGSD,Saidpur Airport,medium,25.759199,88.908897,BD,BD-E,Rajshahi Division,Saidpur,,https://en.wikipedia.org/wiki/Saidpur_Airport
ZYL,VGSY,Osmany International Airport,large,24.963993,91.864749,BD,BD-G,Sylhet Division,Sylhet,,https://en.wikipedia.org/wiki/Osmani_International_Airport
ANR,EBAW,Antwerp International Airport (Deurne),medium,51.190667,4.463153,BE,BE-VAN,Antwerp Province,Antwerp,http://www.antwerp-airport.be/,https://en.wikipedia.org/wiki/Antwerp_International_Airport
CRL,EBCI,Brussels South Charleroi Airport,large,50.461963,4.459562,BE,BE-WHT,Hainaut Province,Charleroi,http://www.charleroi-airport.com,https://en.wikipedia.org/wiki/Brussels_South_Charleroi_Airport
LGG,EBLG,Liège Airport,medium,50.638574,5.443897,BE,BE-WLG,Liège Province,Grâce-Hollogne,http://www.liegeairport.be/,https://en.wikipedia.org/wiki/Li%C3%A8ge_Airport
OST,EBOS,Ostend-Bruges International Airport,large,51.1998,2.874673,BE,BE-VWV,West Flanders Province,Oostende,http://www.ost.aero/,https://en.wikipedia.org/wiki/Ostend-Bruges_International_Airport
BRU,EBBR,Brussels Airport,large,50.901402,4.48444,BE,BE-VBR,Flemish Brabant Province,Zaventem,http://www.brusselsairport.be/en/,https://en.wikipedia.org/wiki/Brussels_Airport
BOY,DFOO,Bobo Dioulasso Airport,large,11.1601,-4.33097,BF,BF-HOU,Houet Province,Bobo Dioulasso,,https://en.wikipedia.org/wiki/Bobo_Dioulasso_Airport
OUA,DFFD,Ouagadougou Thomas Sankara International Airport,large,12.3532,-1.51242,BF,BF-KAD,Kadiogo Province,Ouagadougou,,https://en.wikipedia.org/wiki/Ouagadougou_Airport
BOJ,LBBG,Burgas Airport,large,42.569917,27.515173,BG,BG-02,Burgas Province,Burgas,,https://en.wikipedia.org/wiki/Burgas_Airport
PDV,LBPD,Plovdiv International Airport,large,42.067799,24.8508,BG,BG-16,Plovdiv Province,Plovdiv,http://www.plovdivairport.com/,https://en.wikipedia.org/wiki/Plovdiv_International_Airport
SOF,LBSF,Sofia Airport,large,42.696357,23.417671,BG,BG-22,Sofia City Province,Sofia,http://sofia-airport.bg,https://en.wikipedia.org/wiki/Sofia_Airport
VAR,LBWN,Varna Airport,large,43.232101,27.8251,BG,BG-03,Varna Province,Varna,,https://en.wikipedia.org/wiki/Varna_Airport
BAH,OBBI,Bahrain International Airport,large,26.267295,50.63764,BH,BH-15,Muharraq Governorate,Manama,https://www.bahrainairport.bh/,https://en.wikipedia.org/wiki/Bahrain_International_Airport
BJM,HBBA,Bujumbura Melchior Ndadaye International Airport,large,-3.32402,29.318501,BI,BI-BM,Bujumbura Mairie Province,Bujumbura,,https://en.wikipedia.org/wiki/Bujumbura_International_Airport
GID,HBBE,Gitega Airport,medium,-3.417209,29.911308,BI,BI-GI,Gitega Province,Gitega,,https://en.wikipedia.org/wiki/Gitega_Airport
COO,DBBB,Cotonou Cadjehoun International Airport,large,6.35723,2.38435,BJ,BJ-AQ,Atlantique Department,Cotonou,,https://en.wikipedia.org/wiki/Cadjehoun_Airport
SBH,TFFJ,St. Jean Airport,medium,17.904398,-62.843333,BL,BL-U-A,(unassigned),Gustavia,,https://en.wikipedia.org/wiki/Gustaf_III_Airport
BDA,TXKF,L.F. Wade International Airport,large,32.363802,-64.67824,BM,BM-U-A,(unassigned),Hamilton,http://www.bermudaairport.com/,https://en.wikipedia.org/wiki/L.F._Wade_International_Airport
BWN,WBSB,Brunei International Airport,large,4.9442,114.928001,BN,BN-BM,Brunei-Muara District,Bandar Seri Begawan,,https://en.wikipedia.org/wiki/Brunei_International_Airport
CIJ,SLCO,Capitán Aníbal Arab Airport,medium,-11.039109,-68.782774,BO,BO-N,Pando Department,Cobija,,https://en.wikipedia.org/wiki/Cap._Anibal_Arab_Airport
CBB,SLCB,Jorge Wilsterman International Airport,large,-17.421105,-66.177102,BO,BO-C,Cochabamba Department,Cochabamba,,https://en.wikipedia.org/wiki/Jorge_Wilstermann_International_Airport
GYA,SLGM,Guayaramerín Airport,medium,-10.88856,-65.380955,BO,BO-B,El Beni Department,Guayaramerín,,https://en.wikipedia.org/wiki/Guayaramer%C3%ADn_Airport
LPB,SLLP,El Alto International Airport,large,-16.510272,-68.189416,BO,BO-L,La Paz Department,La Paz / El Alto,https://naabol.gob.bo/aeropuerto-internacional-el-alto/,https://en.wikipedia.org/wiki/El_Alto_International_Airport
ORU,SLOR,Juan Mendoza International Airport,large,-17.956151,-67.075829,BO,BO-O,Oruro Department,Oruro,http://en.wikipedia.org/wiki/Juan_Mendoza_Airport,https://en.wikipedia.org/wiki/Juan_Mendoza_Airport
PSZ,SLPS,Capitán Av. Salvador Ogaya G. airport,medium,-18.975301,-57.820599,BO,BO-S,Santa Cruz Department,Puerto Suárez,,https://en.wikipedia.org/wiki/Puerto_Su%C3%A1rez_International_Airport
UYU,SLUY,Joya Andina International Airport,large,-20.441304,-66.857553,BO,BO-P,Potosí Department,Quijarro,,https://en.wikipedia.org/wiki/Uyuni_Airport
RIB,SLRI,Capitán Av. Selin Zeitun Lopez Airport,medium,-11.009355,-66.075468,BO,BO-B,El Beni Department,Riberalta,,https://en.wikipedia.org/wiki/Cap._Av._Selin_Zeitun_Lopez_Airport
SRZ,SLET,El Trompillo Airport,medium,-17.8116,-63.171501,BO,BO-S,Santa Cruz Department,Santa Cruz,,https://en.wikipedia.org/wiki/El_Trompillo_Airport
VVI,SLVR,Viru Viru International Airport,large,-17.6448,-63.135399,BO,BO-S,Santa Cruz Department,Santa Cruz,,https://en.wikipedia.org/wiki/Viru_Viru_International_Airport
SRE,SLAL,Alcantarí International Airport,large,-19.246835,-65.149611,BO,BO-H,Chuquisaca Department,Sucre,,https://en.wikipedia.org/wiki/Alcantar%C3%AD_Airport
TJA,SLTJ,Capitan Oriel Lea Plaza Airport,medium,-21.5557,-64.701302,BO,BO-T,Tarija Department,Tarija,,https://en.wikipedia.org/wiki/Cap._Oriel_Lea_Plaza_Airport
TDD,SLTR,Teniente Av. Jorge Henrich Arauz Airport,medium,-14.8187,-64.917999,BO,BO-B,El Beni Department,Trinidad,,https://en.wikipedia.org/wiki/Tte._Av._Jorge_Henrich_Arauz_Airport
BON,TNCB,Flamingo International Airport,large,12.131,-68.268501,BQ,BQ-BO,Bonaire,Kralendijk,,https://en.wikipedia.org/wiki/Flamingo_International_Airport
EUX,TNCE,F. D. Roosevelt Airport,medium,17.4965,-62.979401,BQ,BQ-SE,Sint Eustatius,Oranjestad,,https://en.wikipedia.org/wiki/F.D._Roosevelt_Airport
SAB,TNCS,Juancho E. Yrausquin Airport,medium,17.64533,-63.220514,BQ,BQ-SA,Saba,Zion's Hill,,https://en.wikipedia.org/wiki/Juancho_E._Yrausquin_Airport
AFL,SBAT,Piloto Osvaldo Marques Dias Airport,medium,-9.866389,-56.106298,BR,BR-MT,Mato Grosso,Alta Floresta,,https://en.wikipedia.org/wiki/Alta_Floresta_Airport
ATM,SBHT,Altamira Interstate Airport,medium,-3.253144,-52.253938,BR,BR-PA,Pará,Altamira,https://www4.infraero.gov.br/aeroportos/aeroporto-de-altamira-para/,https://en.wikipedia.org/wiki/Altamira_Airport
AJU,SBAR,Aracaju - Santa Maria Airport,medium,-10.98394,-37.072873,BR,BR-SE,Sergipe,Aracaju,https://www.aenabrasil.com.br/pt/aeroportos/aeroporto-internacional-santa-maria-aracaju/index.html,https://en.wikipedia.org/wiki/Santa_Maria_Airport_(Sergipe)
AUX,SWGN,Araguaína Airport,medium,-7.22787,-48.240501,BR,BR-TO,Tocantins,Araguaína,,https://en.wikipedia.org/wiki/Aragua%C3%ADna_Airport
AQA,SBAQ,Araraquara Airport,medium,-21.812,-48.132999,BR,BR-SP,São Paulo,Araraquara,http://www.daesp.sp.gov.br/aeroporto-estadual-de-araraquara-bartolomeu-de-gusmao/,https://en.wikipedia.org/wiki/Araraquara_Airport
AAX,SBAX,Romeu Zema Airport,medium,-19.5632,-46.9604,BR,BR-MG,Minas Gerais,Araxá,,https://en.wikipedia.org/wiki/Arax%C3%A1_Airport
ARU,SBAU,Araçatuba Airport,medium,-21.141479,-50.424575,BR,BR-SP,São Paulo,Araçatuba,https://aeroportospaulistas.com.br/aracatuba/,https://en.wikipedia.org/wiki/Ara%C3%A7atuba_Airport
JTC,SBAE,Bauru/Arealva–Moussa Nakhal Tobias State Airport,medium,-22.160755,-49.070325,BR,BR-SP,São Paulo,Bauru,http://www.daesp.sp.gov.br/aeroporto-estadual-de-bauru-arealva-moussa-nakhal-tobias/,https://en.wikipedia.org/wiki/Bauru-Arealva_Airport
CNF,SBCF,Tancredo Neves International Airport,large,-19.63571,-43.966928,BR,BR-MG,Minas Gerais,Belo Horizonte,http://www.infraero.gov.br/usa/aero_prev_home.php?ai=207,https://en.wikipedia.org/wiki/Belo_Horizonte_International_Airport
BEL,SBBE,Val de Cans/Júlio Cezar Ribeiro International Airport,large,-1.379279,-48.476207,BR,BR-PA,Pará,Belém,http://www.infraero.gov.br/index.php/br/aeroportos/para/aeroporto-internacional-de-belem.html,https://en.wikipedia.org/wiki/Val_de_Cans_International_Airport
BVB,SBBV,Atlas Brasil Cantanhede International Airport,large,2.84615,-60.690648,BR,BR-RR,Roraima,Boa Vista,https://www.boavista-airport.com.br/,https://en.wikipedia.org/wiki/Boa_Vista_International_Airport
BSB,SBBR,Presidente Juscelino Kubitschek International Airport,large,-15.869167,-47.920834,BR,BR-DF,Distrito Federal,Brasília,http://www.infraero.gov.br/usa/aero_prev_home.php?ai=146,https://en.wikipedia.org/wiki/Bras%C3%ADlia_International_Airport
CPV,SBKG,Presidente João Suassuna Airport,medium,-7.269662,-35.896057,BR,BR-PB,Paraíba,Campina Grande,https://www.aenabrasil.com.br/pt/aeroportos/aeroporto-de-campina-grande-presidente-joao-suassuna/index.html,https://en.wikipedia.org/wiki/Campina_Grande_Airport
VCP,SBKP,Viracopos International Airport,large,-23.007404,-47.134502,BR,BR-SP,São Paulo,Campinas,https://www.viracopos.com/,https://en.wikipedia.org/wiki/Viracopos-Campinas_International_Airport
CGR,SBCG,Campo Grande Airport,medium,-20.469998,-54.673988,BR,BR-MS,Mato Grosso do Sul,Campo Grande,,https://en.wikipedia.org/wiki/Campo_Grande_International_Airport
CAW,SBCP,Bartolomeu Lisandro Airport,medium,-21.698299,-41.301701,BR,BR-RJ,Rio de Janeiro,Campos dos Goytacazes,http://www.infraero.gov.br/index.php/aeroportos/rio-de-janeiro/aeroporto-de-bartolomeu-lisandro.html,https://en.wikipedia.org/wiki/Bartolomeu_Lysandro_Airport
CAC,SBCA,Coronel Adalberto Mendes da Silva Airport,medium,-25.000323,-53.501208,BR,BR-PR,Paraná,Cascavel,,https://en.wikipedia.org/wiki/Cascavel_Airport
CXJ,SBCX,Hugo Cantergiani Regional Airport,medium,-29.197183,-51.187647,BR,BR-RS,Rio Grande do Sul,Caxias Do Sul,,https://en.wikipedia.org/wiki/Caxias_do_Sul_Airport
XAP,SBCH,Serafin Enoss Bertaso Airport,medium,-27.134199,-52.656601,BR,BR-SC,Santa Catarina,Chapecó,,https://en.wikipedia.org/wiki/Chapec%C3%B3_Airport
CMG,SBCR,Corumbá International Airport,medium,-19.01193,-57.672772,BR,BR-MS,Mato Grosso do Sul,Corumbá,,https://en.wikipedia.org/wiki/Corumb%C3%A1_International_Airport
JJD,SBJE,Comandante Ariston Pessoa Airport,medium,-2.906425,-40.357338,BR,BR-CE,Ceará,Cruz,https://aeroportodejericoacoara.com.br,https://en.wikipedia.org/wiki/Jericoacoara_airport
CZS,SBCZ,Cruzeiro do Sul Airport,medium,-7.59991,-72.769501,BR,BR-AC,Acre,Cruzeiro Do Sul,http://www.infraero.gov.br/index.php/aeroportos/acre/aeroporto-cruzeiro-do-sul.html,https://en.wikipedia.org/wiki/Cruzeiro_do_Sul_International_Airport
CGB,SBCY,Várzea Grande–Marechal Rondon International Airport,large,-15.6529,-56.116699,BR,BR-MT,Mato Grosso,Cuiabá,https://www.infraero.gov.br/index.php/aeroportos/mato-grosso/aeroporto-internacional-marechal-rondon,https://en.wikipedia.org/wiki/Marechal_Rondon_International_Airport
CWB,SBCT,Curitiba-Afonso Pena International Airport,large,-25.5285,-49.1758,BR,BR-PR,Paraná,Curitiba,https://www.ccraeroportos.com.br/curitiba-pr,https://en.wikipedia.org/wiki/Afonso_Pena_International_Airport
FEN,SBFN,Fernando de Noronha Airport,medium,-3.854534,-32.423017,BR,BR-PE,Pernambuco,Fernando de Noronha,http://www.ilhadenoronha.com.br/ailha/aviacao_em_noronha.php,https://en.wikipedia.org/wiki/Fernando_de_Noronha_Airport
FLN,SBFL,Hercílio Luz International Airport,large,-27.670279,-48.552502,BR,BR-SC,Santa Catarina,Florianópolis,http://www.infraero.gov.br/usa/aero_prev_home.php?ai=228,https://en.wikipedia.org/wiki/Herc%C3%ADlio_Luz_International_Airport
FOR,SBFZ,Pinto Martins International Airport,large,-3.775833,-38.532222,BR,BR-CE,Ceará,Fortaleza,https://fortaleza-airport.com.br/en,https://en.wikipedia.org/wiki/Pinto_Martins_International_Airport
IGU,SBFI,Cataratas International Airport,large,-25.594167,-54.489444,BR,BR-PR,Paraná,Foz do Iguaçu,https://aeroportos.motiva.com.br/foz-do-iguacu-pr/,https://en.wikipedia.org/wiki/Foz_do_Igua%C3%A7u_International_Airport
GYN,SBGO,Santa Genoveva International Airport,large,-16.632,-49.220699,BR,BR-GO,Goiás,Goiânia,https://www4.infraero.gov.br/aeroportos/aeroporto-de-goiania-santa-genoveva/,https://en.wikipedia.org/wiki/Santa_Genoveva_Airport
GVR,SBGV,Coronel Altino Machado Airport,medium,-18.895882,-41.982869,BR,BR-MG,Minas Gerais,Governador Valadares,,https://en.wikipedia.org/wiki/Governador_Valadares_Airport
IOS,SBIL,Bahia - Jorge Amado Airport,medium,-14.815929,-39.033458,BR,BR-BA,Bahia,Ilhéus,,https://en.wikipedia.org/wiki/Ilh%C3%A9us_Jorge_Amado_Airport
IMP,SBIZ,Prefeito Renato Moreira Airport,medium,-5.53129,-47.459999,BR,BR-MA,Maranhão,Imperatriz,,https://en.wikipedia.org/wiki/Imperatriz_Airport
IPN,SBIP,Usiminas Airport,medium,-19.470699,-42.487598,BR,BR-MG,Minas Gerais,Ipatinga,https://www4.infraero.gov.br/aeroportos/aeroporto-regional-do-vale-do-aco/,https://en.wikipedia.org/wiki/Vale_do_Aço_Regional_Airport
ITB,SBIH,Itaituba Airport,medium,-4.242131,-56.000651,BR,BR-PA,Pará,Itaituba,,https://en.wikipedia.org/wiki/Itaituba_Airport
JOI,SBJV,Lauro Carneiro de Loyola Airport,medium,-26.224501,-48.797401,BR,BR-SC,Santa Catarina,Joinville,,https://en.wikipedia.org/wiki/Joinville-Lauro_Carneiro_de_Loyola_Airport
JPA,SBJP,Presidente Castro Pinto International Airport,large,-7.148691,-34.950554,BR,BR-PB,Paraíba,João Pessoa,https://www.aenabrasil.com.br/pt/aeroportos/aeroporto-internacional-de-joao-pessoa-presidente-castro-pinto/index.html,https://en.wikipedia.org/wiki/Presidente_Castro_Pinto_International_Airport
JDF,SBJF,Francisco de Assis Airport,medium,-21.791482,-43.386072,BR,BR-MG,Minas Gerais,Juiz de Fora,,https://en.wikipedia.org/wiki/Juiz_de_Fora_Airport
IZA,SBZM,Presidente Itamar Franco Airport,medium,-21.513086,-43.173069,BR,BR-MG,Minas Gerais,Juiz de Fora,,https://en.wikipedia.org/wiki/Zona_da_Mata_Regional_Airport
LAJ,SBLJ,Lages Airport,medium,-27.782101,-50.281502,BR,BR-SC,Santa Catarina,Lages,,https://en.wikipedia.org/wiki/Lages_Airport
LDB,SBLO,Governor José Richa Airport,medium,-23.334375,-51.128365,BR,BR-PR,Paraná,Londrina,https://www.ccraeroportos.com.br/londrina-pr,https://en.wikipedia.org/wiki/Londrina_Airport
MCP,SBMQ,Macapá - Alberto Alcolumbre International Airport,medium,0.050664,-51.072201,BR,BR-AP,Amapá,Macapá,https://www4.infraero.gov.br/aeroportos/aeroporto-internacional-de-macapa-alberto-alcolumbre/,https://en.wikipedia.org/wiki/Macap%C3%A1_International_Airport
MCZ,SBMO,Zumbi dos Palmares International Airport,large,-9.512559,-35.791839,BR,BR-AL,Alagoas,Maceió,https://www.aenabrasil.com.br/pt/aeroportos/aeroporto-internacional-de-maceio-zumbi-dos-palmares/index.html,https://en.wikipedia.org/wiki/Zumbi_dos_Palmares_International_Airport
MAO,SBEG,Eduardo Gomes International Airport,large,-3.03861,-60.049702,BR,BR-AM,Amazonas,Manaus,https://airport-manaus.com.br/,https://en.wikipedia.org/wiki/Eduardo_Gomes_International_Airport
MNX,SBMY,Manicoré Airport,medium,-5.81138,-61.278301,BR,BR-AM,Amazonas,Manicoré,,https://en.wikipedia.org/wiki/Manicor%C3%A9_Airport
MAB,SBMA,João Correa da Rocha Airport,medium,-5.36859,-49.138,BR,BR-PA,Pará,Marabá,,https://en.wikipedia.org/wiki/Marab%C3%A1_Airport
MGF,SBMG,Regional de Maringá - Sílvio Name Júnior Airport,medium,-23.47606,-52.016187,BR,BR-PR,Paraná,Maringá,https://www.aeroportomaringa.com.br/,https://en.wikipedia.org/wiki/Maring%C3%A1_Domestic_Airport
MII,SBML,Frank Miloye Milenkowichi–Marília State Airport,medium,-22.196899,-49.926485,BR,BR-SP,São Paulo,Marília,https://www.daesp.sp.gov.br/aeroporto-estadual-de-marilia-frank-miloye-milenkowichi/,https://en.wikipedia.org/wiki/Mar%C3%ADlia_Airport
MOC,SBMK,Mário Ribeiro Airport,medium,-16.706919,-43.818901,BR,BR-MG,Minas Gerais,Montes Claros,https://www4.infraero.gov.br/aeroportos/aeroporto-de-montes-claros-mario-ribeiro/,https://en.wikipedia.org/wiki/Montes_Claros_Airport
MVF,SBMS,Dix-Sept Rosado Airport,medium,-5.20192,-37.3643,BR,BR-RN,Rio Grande do Norte,Mossoró,,https://en.wikipedia.org/wiki/Mossor%C3%B3_Airport
NAT,SBSG,Rio Grande do Norte/São Gonçalo do Amarante–Governador Aluízio Alves International Airport,large,-5.769822,-35.36661,BR,BR-RN,Rio Grande do Norte,Natal,http://www.natal.aero,https://en.wikipedia.org/wiki/Greater_Natal_International_Airport
NVT,SBNF,Ministro Victor Konder International Airport,large,-26.879431,-48.650979,BR,BR-SC,Santa Catarina,Navegantes,https://www.ccraeroportos.com.br/navegantes-sc,https://en.wikipedia.org/wiki/Navegantes_Airport
TMT,SBTB,Trombetas Airport,medium,-1.4896,-56.396801,BR,BR-PA,Pará,Oriximiná,,https://en.wikipedia.org/wiki/Porto_Trombetas_Airport
PMW,SBPJ,Brigadeiro Lysias Rodrigues Airport,medium,-10.2915,-48.356998,BR,BR-TO,Tocantins,Palmas,https://www4.infraero.gov.br/aeroportos/aeroporto-de-palmas-brigadeiro-lysias-rodrigues/,https://en.wikipedia.org/wiki/Palmas_Airport
CKS,SBCJ,Carajás Airport,medium,-6.117841,-50.003372,BR,BR-PA,Pará,Parauapebas,http://www.infraero.gov.br/index.php/us/airports/para/carajas-airport.html,https://en.wikipedia.org/wiki/Caraj%C3%A1s_Airport
PHB,SBPB,Parnaíba - Prefeito Doutor João Silva Filho International Airport,medium,-2.89375,-41.731998,BR,BR-PI,Piauí,Parnaíba,,https://en.wikipedia.org/wiki/Parna%C3%ADba-Prefeito_Dr._Jo%C3%A3o_Silva_Filho_International_Airport
PFB,SBPF,Lauro Kurtz Airport,medium,-28.243976,-52.32777,BR,BR-RS,Rio Grande do Sul,Passo Fundo,,https://en.wikipedia.org/wiki/Lauro_Kurtz_Airport
PAV,SBUF,Paulo Afonso Airport,medium,-9.40088,-38.250599,BR,BR-BA,Bahia,Paulo Afonso,https://www4.infraero.gov.br/aeroportos/aeroporto-de-paulo-afonso/,https://en.wikipedia.org/wiki/Paulo_Afonso_Airport
PET,SBPK,João Simões Lopes Neto International Airport,medium,-31.717189,-52.327796,BR,BR-RS,Rio Grande do Sul,Pelotas,https://www.ccraeroportos.com.br/pelotas-rs,https://en.wikipedia.org/wiki/Pelotas_International_Airport
PNZ,SBPL,Senador Nilo Coelho Airport,medium,-9.362422,-40.569098,BR,BR-PE,Pernambuco,Petrolina,https://www4.infraero.gov.br/aeroportos/aeroporto-de-petrolina-senador-nilo-coelho/,https://en.wikipedia.org/wiki/Petrolina_Airport
PGZ,SBPG,Ponta Grossa Airport - Comandante Antonio Amilton Beraldo,medium,-25.184476,-50.143822,BR,BR-PR,Paraná,Ponta Grossa,https://www.pontagrossa.pr.gov.br/smicqp/aeroporto,https://en.wikipedia.org/wiki/Ponta_Grossa_Airport
PMG,SBPP,Ponta Porã Airport,medium,-22.549601,-55.702599,BR,BR-MS,Mato Grosso do Sul,Ponta Porã,https://www4.infraero.gov.br/aeroportos/aeroporto-internacional-de-ponta-pora/,https://en.wikipedia.org/wiki/Ponta_Por%C3%A3_International_Airport
POA,SBPA,Porto Alegre-Salgado Filho International Airport,large,-29.993984,-51.167482,BR,BR-RS,Rio Grande do Sul,Porto Alegre,https://portoalegre-airport.com.br/en/,https://en.wikipedia.org/wiki/Salgado_Filho_International_Airport
BPS,SBPS,Porto Seguro International Airport,large,-16.438426,-39.080584,BR,BR-BA,Bahia,Porto Seguro,https://www.aeroportoportoseguro.com.br/,https://en.wikipedia.org/wiki/Porto_Seguro_Airport
PVH,SBPV,Governador Jorge Teixeira de Oliveira International Airport,large,-8.708491,-63.902338,BR,BR-RO,Rondônia,Porto Velho,,https://en.wikipedia.org/wiki/Governador_Jorge_Teixeira_de_Oliveira_International_Airport
PPB,SBDN,Presidente Prudente Airport,medium,-22.1751,-51.424599,BR,BR-SP,São Paulo,Presidente Prudente,http://www.daesp.sp.gov.br/aeroporto-detalhe/?id=879,https://en.wikipedia.org/wiki/Presidente_Prudente_Airport
REC,SBRF,Recife/Guararapes - Gilberto Freyre International Airport,large,-8.12747,-34.922961,BR,BR-PE,Pernambuco,Recife,http://www.infraero.gov.br/usa/aero_prev_home.php?ai=163,https://en.wikipedia.org/wiki/Recife/Guararapes%E2%80%93Gilberto_Freyre_International_Airport
RAO,SBRP,Leite Lopes Airport,medium,-21.134314,-47.774053,BR,BR-SP,São Paulo,Ribeirão Preto,https://www.daesp.sp.gov.br/aeroporto-estadual-de-ribeirao-preto-dr-leite-lopes/,https://en.wikipedia.org/wiki/Leite_Lopes_Airport
RBR,SBRB,Rio Branco-Plácido de Castro International Airport,large,-9.869031,-67.893984,BR,BR-AC,Acre,Rio Branco,,https://en.wikipedia.org/wiki/Rio_Branco_International_Airport
GIG,SBGL,Rio de Janeiro Galeão – Tom Jobim International Airport,large,-22.809999,-43.250557,BR,BR-RJ,Rio de Janeiro,Rio De Janeiro,https://www.riogaleao.com/passageiros,https://en.wikipedia.org/wiki/Rio_de_Janeiro-Gale%C3%A3o_International_Airport
SDU,SBRJ,Santos Dumont Airport,large,-22.910397,-43.16282,BR,BR-RJ,Rio de Janeiro,Rio de Janeiro,https://www4.infraero.gov.br/aeroporto-santos-dumont/,https://en.wikipedia.org/wiki/Santos_Dumont_Airport
ROO,SBRD,Maestro Marinho Franco Airport,medium,-16.584292,-54.724803,BR,BR-MT,Mato Grosso,Rondonópolis,http://www.rondonopolis.mt.gov.br/orgaos-municipais/aeroporto-municipal-maestro-marinho-franco/,https://en.wikipedia.org/wiki/Rondon%C3%B3polis_Airport
SSA,SBSV,Deputado Luiz Eduardo Magalhães International Airport,large,-12.908611,-38.322498,BR,BR-BA,Bahia,Salvador,https://www4.infraero.gov.br/aeroportos/aeroporto-internacional-de-salvador-dep-luis-eduardo-magalhaes/web,https://en.wikipedia.org/wiki/Deputado_Lu%C3%ADs_Eduardo_Magalh%C3%A3es_International_Airport
RIA,SBSM,Santa Maria Airport,medium,-29.711399,-53.688202,BR,BR-RS,Rio Grande do Sul,Santa Maria,,https://en.wikipedia.org/wiki/Santa_Maria_Airport_(Rio_Grande_do_Sul)
STM,SBSN,Santarém - Maestro Wilson Fonseca International Airport,medium,-2.422423,-54.79306,BR,BR-PA,Pará,Santarém,https://www4.infraero.gov.br/aeroportos/aeroporto-de-santarem-maestro-wilson-fonseca/,https://en.wikipedia.org/wiki/Santar%C3%A9m-Maestro_Wilson_Fonseca_Airport
GEL,SBNM,Santo Ângelo Airport,medium,-28.282503,-54.169623,BR,BR-RS,Rio Grande do Sul,Santo Ângelo,,https://en.wikipedia.org/wiki/Santo_%C3%82ngelo_Airport
SJL,SBUA,São Gabriel da Cachoeira Airport,medium,-0.14835,-66.9855,BR,BR-AM,Amazonas,São Gabriel da Cachoeira,https://sjlairport.com.br/,https://en.wikipedia.org/wiki/São_Gabriel_da_Cachoeira_Airport
SJK,SBSJ,Professor Urbano Ernesto Stumpf Airport,medium,-23.2292,-45.8615,BR,BR-SP,São Paulo,São José Dos Campos,,https://en.wikipedia.org/wiki/S%C3%A3o_Jos%C3%A9_dos_Campos_Regional_Airport
SJP,SBSR,Prof. Eribelto Manoel Reino State Airport,medium,-20.817113,-49.406963,BR,BR-SP,São Paulo,São José do Rio Preto,,https://en.wikipedia.org/wiki/S%C3%A3o_Jos%C3%A9_do_Rio_Preto_Airport
SLZ,SBSL,Marechal Cunha Machado International Airport,large,-2.586386,-44.235008,BR,BR-MA,Maranhão,São Luís,https://www.ccraeroportos.com.br/sao-luis-ma,https://en.wikipedia.org/wiki/Marechal_Cunha_Machado_International_Airport
CGH,SBSP,Congonhas–Deputado Freitas Nobre Airport,large,-23.627657,-46.654601,BR,BR-SP,São Paulo,São Paulo,https://www.aenabrasil.com.br/en/airports/congonhas-airport/index.html,https://en.wikipedia.org/wiki/Congonhas-S%C3%A3o_Paulo_International_Airport
GRU,SBGR,São Paulo/Guarulhos–Governor André Franco Montoro International Airport,large,-23.431274,-46.469954,BR,BR-SP,São Paulo,São Paulo,http://www.gru.com.br/,https://en.wikipedia.org/wiki/S%C3%A3o_Paulo-Guarulhos_International_Airport
TBT,SBTT,Tabatinga International Airport,medium,-4.25567,-69.935799,BR,BR-AM,Amazonas,Tabatinga,,https://en.wikipedia.org/wiki/Tabatinga_International_Airport
TFF,SBTF,Tefé Airport,medium,-3.38294,-64.724098,BR,BR-AM,Amazonas,Tefé,,https://en.wikipedia.org/wiki/Tef%C3%A9_Airport
THE,SBTE,Senador Petrônio Portela Airport,medium,-5.06025,-42.823712,BR,BR-PI,Piauí,Teresina,,https://en.wikipedia.org/wiki/Teresina_Airport
TUR,SBTU,Tucuruí Airport,medium,-3.78601,-49.720299,BR,BR-PA,Pará,Tucuruí,,https://en.wikipedia.org/wiki/Tucuru%C3%AD_Airport
UBA,SBUR,Mário de Almeida Franco Airport,medium,-19.765036,-47.964805,BR,BR-MG,Minas Gerais,Uberaba,,https://en.wikipedia.org/wiki/Uberaba_Airport
UDI,SBUL,Ten. Cel. Aviador César Bombonato Airport,medium,-18.883579,-48.225936,BR,BR-MG,Minas Gerais,Uberlândia,https://www4.infraero.gov.br/aeroportos/aeroporto-de-uberlandia-ten-cel-aviador-cesar-bombonato/,https://en.wikipedia.org/wiki/Uberlândia_Airport
URG,SBUG,Rubem Berta Airport,medium,-29.7822,-57.0382,BR,BR-RS,Rio Grande do Sul,Uruguaiana,,https://en.wikipedia.org/wiki/Ruben_Berta_International_Airport
BVH,SBVH,Brigadeiro Camarão Airport,medium,-12.6944,-60.098301,BR,BR-RO,Rondônia,Vilhena,,https://en.wikipedia.org/wiki/Vilhena_Airport
VIX,SBVT,Eurico de Aguiar Salles International Airport,large,-20.258,-40.285,BR,BR-ES,Espírito Santo,Vitória,https://vitoria-airport.com.br,https://en.wikipedia.org/wiki/Eurico_de_Aguiar_Salles_Airport
VDC,SBVC,Glauber de Andrade Rocha Airport,medium,-14.907885,-40.914804,BR,BR-BA,Bahia,Vitória da Conquista,,https://en.wikipedia.org/wiki/Glauber_Rocha_Airport
MYG,MYMM,Mayaguana Airport,medium,22.379499,-73.013494,BS,BS-MG,Mayaguana,Abraham Bay Settlement,,https://en.wikipedia.org/wiki/Mayaguana_Airport
TZN,MYAK,Congo Town Airport,medium,24.158701,-77.589798,BS,BS-SA,South Andros,Andros,,https://en.wikipedia.org/wiki/South_Andros_Airport
SAQ,MYAN,San Andros Airport,medium,25.053801,-78.049004,BS,BS-NS,North Andros,Andros Island,,https://en.wikipedia.org/wiki/San_Andros_Airport
ASD,MYAF,Andros Town Airport,medium,24.697901,-77.795601,BS,BS-NS,North Andros,Andros Town,,https://en.wikipedia.org/wiki/Andros_Town_International_Airport
ATC,MYCA,Arthur's Town Airport,medium,24.6294,-75.673797,BS,BS-CI,Cat Island,Arthur's Town,,https://en.wikipedia.org/wiki/Arthur's_Town_Airport
TBI,MYCB,New Bight Airport,medium,24.3153,-75.452301,BS,BS-CI,Cat Island,Cat Island,,https://en.wikipedia.org/wiki/New_Bight_Airport
CCZ,MYBC,Chub Cay Airport,medium,25.417101,-77.880898,BS,BS-NS,North Andros,Chub Cay,,https://en.wikipedia.org/wiki/Chub_Cay_International_Airport
CRI,MYCI,Colonel Hill Airport,medium,22.7456,-74.182404,BS,BS-CK,Crooked Island and Long Cay,Colonel Hill,,https://en.wikipedia.org/wiki/Colonial_Hill_Airport
LGI,MYLD,Deadman's Cay Airport,medium,23.179001,-75.093597,BS,BS-LI,Long Island,Deadman's Cay,,https://en.wikipedia.org/wiki/Deadman's_Cay_Airport
FPO,MYGF,Grand Bahama International Airport,large,26.557996,-78.695583,BS,BS-FP,City of Freeport,Freeport,,https://en.wikipedia.org/wiki/Grand_Bahama_International_Airport
GHB,MYEM,Governor's Harbour Airport,medium,25.2847,-76.331001,BS,BS-CE,Central Eleuthera,Governor's Harbour,,https://en.wikipedia.org/wiki/Governor's_Harbour_Airport
MHH,MYAM,Leonard M. Thompson International Airport,medium,26.510711,-77.084262,BS,BS-CO,Central Abaco,Marsh Harbour,,https://en.wikipedia.org/wiki/Marsh_Harbour_Airport
IGA,MYIG,Inagua Airport,medium,20.975,-73.666901,BS,BS-IN,Inagua,Matthew Town,,https://en.wikipedia.org/wiki/Inagua_Airport
GGT,MYEF,Exuma International Airport,medium,23.562599,-75.877998,BS,BS-EX,Exuma,Moss Town,,https://en.wikipedia.org/wiki/Exuma_International_Airport
NAS,MYNN,Lynden Pindling International Airport,large,25.039,-77.466202,BS,BS-NP,New Providence,Nassau,http://www.nas.bs/,https://en.wikipedia.org/wiki/Lynden_Pindling_International_Airport
ELH,MYEH,North Eleuthera Airport,medium,25.475823,-76.680784,BS,BS-HI,Harbour Island,North Eleuthera,,https://en.wikipedia.org/wiki/North_Eleuthera_Airport
RSD,MYER,Rock Sound International Airport,medium,24.89165,-76.177602,BS,BS-SE,South Eleuthera,Rock Sound,,https://en.wikipedia.org/wiki/Rock_Sound_International_Airport
ZSA,MYSM,San Salvador International Airport,large,24.063041,-74.523233,BS,BS-SS,San Salvador,San Salvador,,https://en.wikipedia.org/wiki/San_Salvador_Airport
BIM,MYBS,South Bimini Airport,medium,25.6999,-79.264702,BS,BS-BI,Bimini,South Bimini,,https://en.wikipedia.org/wiki/South_Bimini_Airport
AXP,MYAP,Spring Point Airport,medium,22.441799,-73.970901,BS,BS-AK,Acklins,Spring Point,,https://en.wikipedia.org/wiki/Spring_Point_Airport
SML,MYLS,Stella Maris Airport,medium,23.582317,-75.268621,BS,BS-LI,Long Island,Stella Maris,,https://en.wikipedia.org/wiki/Stella_Maris_Airport
TCB,MYAT,Treasure Cay Airport,medium,26.7453,-77.391296,BS,BS-CO,Central Abaco,Treasure Cay,,https://en.wikipedia.org/wiki/Treasure_Cay_Airport
PBH,VQPR,Paro International Airport,large,27.4032,89.424599,BT,BT-11,Paro District,Paro,https://www.paroairport.com/,https://en.wikipedia.org/wiki/Paro_Airport
FRW,FBPM,Phillip Gaonwe Matante International Airport,large,-21.159183,27.468826,BW,BW-FR,Francistown (city),Francistown,https://www.caab.co.bw/p-g-matante-international-airport/,https://en.wikipedia.org/wiki/Francistown_Airport
GBE,FBSK,Sir Seretse Khama International Airport,large,-24.555201,25.9182,BW,BW-GA,Gaborone (city),Gaborone,,https://en.wikipedia.org/wiki/Sir_Seretse_Khama_International_Airport
BBK,FBKE,Kasane International Airport,large,-17.831653,25.166195,BW,BW-CH,Chobe District,Kasane,,https://en.wikipedia.org/wiki/Kasane_Airport
MUB,FBMN,Maun International Airport,large,-19.970491,23.431409,BW,BW-NW,North West District,Maun,https://www.caab.co.bw/maun-international-airport/,https://en.wikipedia.org/wiki/Maun_Airport
BQT,UMBB,Brest International Airport,large,52.108138,23.89676,BY,BY-BR,Brest Region,Brest,https://www.ban.by/filialy/brest,https://en.wikipedia.org/wiki/Brest_Airport
GME,UMGG,Gomel Airport,medium,52.527,31.016701,BY,BY-HO,Gomel Region,Gomel,http://www.gomelavia.com/,https://en.wikipedia.org/wiki/Gomel_Airport
MSQ,UMMS,Minsk National Airport,large,53.888071,28.039964,BY,BY-MI,Minsk Region,Minsk,http://airport.by/en,https://en.wikipedia.org/wiki/Minsk_National_Airport
MVQ,UMOO,Mogilev Airport,medium,53.954899,30.0951,BY,BY-MA,Mogilev Region,Mogilev,,https://en.wikipedia.org/wiki/Mogilev_Airport
BZE,MZBZ,Philip S. W. Goldson International Airport,large,17.539951,-88.303556,BZ,BZ-BZ,Belize District,Belize City,http://www.pgiabelize.com/,https://en.wikipedia.org/wiki/Philip_S._W._Goldson_International_Airport
TZA,MZBE,Sir Barry Bowen Municipal Airport,medium,17.517239,-88.195775,BZ,BZ-BZ,Belize District,Belize City,,https://en.wikipedia.org/wiki/Belize_City_Municipal_Airport
CUK,MZCK,Caye Caulker Airport,medium,17.735015,-88.032862,BZ,BZ-BZ,Belize District,Caye Caulker,,https://en.wikipedia.org/wiki/Caye_Caulker_Airport
CYC,MZCP,Caye Chapel Airport,medium,17.683792,-88.044985,BZ,BZ-BZ,Belize District,Caye Chapel,,https://en.wikipedia.org/wiki/Caye_Chapel_Airport
CZH,MZCZ,Corozal Airport,medium,18.3822,-88.411903,BZ,BZ-CZL,Corozal District,Corozal,,https://en.wikipedia.org/wiki/Corozal_Airport
DGA,MZPB,Dangriga Airport,medium,16.98251,-88.230988,BZ,BZ-SC,Stann Creek District,Dangriga,,https://en.wikipedia.org/wiki/Dangriga_Airport
PLJ,MZPL,Placencia Airport,medium,16.536957,-88.361511,BZ,BZ-SC,Stann Creek District,Placencia,,https://en.wikipedia.org/wiki/Placencia_Airport
SPR,MZSP,John Greif II Airport,medium,17.9139,-87.9711,BZ,BZ-CY,Cayo District,San Pedro,,https://en.wikipedia.org/wiki/San_Pedro_Airport
YXX,CYXX,Abbotsford International Airport,medium,49.025299,-122.361,CA,CA-BC,British Columbia,Abbotsford,http://www.abbotsfordairport.ca/,https://en.wikipedia.org/wiki/Abbotsford_International_Airport
YAA,,Anahim Lake Airport,medium,52.451501,-125.303776,CA,CA-BC,British Columbia,Anahim Lake,,https://en.wikipedia.org/wiki/Anahim_Lake_Airport
YBC,CYBC,Baie-Comeau Airport,medium,49.1325,-68.204399,CA,CA-QC,Quebec,Baie-Comeau,,https://en.wikipedia.org/wiki/Baie-Comeau_Airport
YBK,CYBK,Baker Lake Airport,medium,64.298897,-96.077797,CA,CA-NU,Nunavut,Baker Lake,,https://en.wikipedia.org/wiki/Baker_Lake_Airport
YLK,CYLS,Barrie-Lake Simcoe Regional Airport,medium,44.485056,-79.554663,CA,CA-ON,Ontario,Barrie,http://www.lakesimcoeairport.com/,https://en.wikipedia.org/wiki/Barrie-Orillia_(Lake_Simcoe_Regional)_Airport
ZEL,CBBC,Bella Bella (Campbell Island) Airport,medium,52.185001,-128.156994,CA,CA-BC,British Columbia,Bella Bella,,https://en.wikipedia.org/wiki/Bella_Bella_(Campbell_Island)_Airport
QBC,CYBD,Bella Coola Airport,medium,52.387501,-126.596001,CA,CA-BC,British Columbia,Bella Coola,,https://en.wikipedia.org/wiki/Bella_Coola_Airport
YBX,CYBX,Lourdes-de-Blanc-Sablon Airport,medium,51.4436,-57.185299,CA,CA-QC,Quebec,Blanc-Sablon,,https://en.wikipedia.org/wiki/Lourdes-de-Blanc-Sablon_Airport
YVB,CYVB,Bonaventure Airport,medium,48.071098,-65.460297,CA,CA-QC,Quebec,Bonaventure,,https://en.wikipedia.org/wiki/Bonaventure_Airport
YBY,CYBF,Bonnyville Airport,medium,54.304199,-110.744003,CA,CA-AB,Alberta,Bonnyville,http://town.bonnyville.ab.ca/livingin/airport/index.html,https://en.wikipedia.org/wiki/Bonnyville_Airport
YBR,CYBR,Brandon Municipal Airport,medium,49.91,-99.951897,CA,CA-MB,Manitoba,Brandon,,https://en.wikipedia.org/wiki/Brandon_Airport
YKF,CYKF,Region of Waterloo International Airport,medium,43.4608,-80.378601,CA,CA-ON,Ontario,Breslau,http://www.waterlooairport.ca/,https://en.wikipedia.org/wiki/Region_of_Waterloo_International_Airport
YPZ,CYPZ,Burns Lake Airport,medium,54.3764,-125.950996,CA,CA-BC,British Columbia,Burns Lake,,https://en.wikipedia.org/wiki/Burns_Lake_Airport
YYC,CYYC,Calgary International Airport,large,51.118822,-114.009933,CA,CA-AB,Alberta,Calgary,http://www.calgaryairport.com/,https://en.wikipedia.org/wiki/Calgary_International_Airport
YCB,CYCB,Cambridge Bay Airport,medium,69.108101,-105.138,CA,CA-NU,Nunavut,Cambridge Bay,,https://en.wikipedia.org/wiki/Cambridge_Bay_Airport
YBL,CYBL,Campbell River Airport,medium,49.950802,-125.271004,CA,CA-BC,British Columbia,Campbell River,,https://en.wikipedia.org/wiki/Campbell_River_Airport
YCG,CYCG,Castlegar/West Kootenay Regional Airport,medium,49.296398,-117.632004,CA,CA-BC,British Columbia,Castlegar,https://www.wkrairport.ca/,https://en.wikipedia.org/wiki/Castlegar_Airport
YYG,CYYG,Charlottetown Airport,medium,46.288911,-63.125174,CA,CA-PE,Prince Edward Island,Charlottetown,,https://en.wikipedia.org/wiki/Charlottetown_Airport
YMT,CYMT,Chapais Airport,medium,49.7719,-74.528099,CA,CA-QC,Quebec,Chibougamau,,https://en.wikipedia.org/wiki/Chibougamau/Chapais_Airport
YYQ,CYYQ,Churchill Airport,medium,58.739201,-94.065002,CA,CA-MB,Manitoba,Churchill,,https://en.wikipedia.org/wiki/Churchill_Airport
YQQ,CYQQ,Comox Valley International Airport / CFB Comox,medium,49.7108,-124.887001,CA,CA-BC,British Columbia,Comox,https://comoxairport.com,https://en.wikipedia.org/wiki/CFB_Comox
YZS,CYZS,Coral Harbour Airport,medium,64.193298,-83.359398,CA,CA-NU,Nunavut,Coral Harbour,,https://en.wikipedia.org/wiki/Coral_Harbour_Airport
YXC,CYXC,Cranbrook/Canadian Rockies International Airport,medium,49.610802,-115.781998,CA,CA-BC,British Columbia,Cranbrook,https://flycanadianrockies.com/,https://en.wikipedia.org/wiki/Cranbrook/Canadian_Rockies_International_Airport
YDN,CYDN,Dauphin Barker Airport,medium,51.1008,-100.052002,CA,CA-MB,Manitoba,Dauphin,,https://en.wikipedia.org/wiki/Dauphin_(Lt._Col_W.G._(Billy)_Barker_VC_Airport)
YDA,CYDA,Dawson City Airport,medium,64.043098,-139.128006,CA,CA-YT,Yukon,Dawson City,,https://en.wikipedia.org/wiki/Dawson_City_Airport
YDF,CYDF,Deer Lake Airport,medium,49.208159,-57.396147,CA,CA-NL,Newfoundland and Labrador,Deer Lake,https://deerlakeairport.com/,https://en.wikipedia.org/wiki/Deer_Lake_Airport_(Newfoundland)
YEG,CYEG,Edmonton International Airport,large,53.3097,-113.580002,CA,CA-AB,Alberta,Edmonton,http://www.edmontonairports.com/,https://en.wikipedia.org/wiki/Edmonton_International_Airport
YPY,CYPY,Fort Chipewyan Airport,medium,58.7672,-111.116997,CA,CA-AB,Alberta,Fort Chipewyan,,https://en.wikipedia.org/wiki/Fort_Chipewyan_Airport
YAG,CYAG,Fort Frances Municipal Airport,medium,48.655749,-93.44349,CA,CA-ON,Ontario,Fort Frances,,https://en.wikipedia.org/wiki/Fort_Frances_Municipal_Airport
YMM,CYMM,Fort McMurray International Airport,medium,56.653301,-111.222,CA,CA-AB,Alberta,Fort McMurray,,https://en.wikipedia.org/wiki/Fort_McMurray_Airport
YYE,CYYE,Fort Nelson Airport,medium,58.836399,-122.597,CA,CA-BC,British Columbia,Fort Nelson,,https://en.wikipedia.org/wiki/Fort_Nelson_Airport
YXJ,CYXJ,Fort St John / North Peace Regional Airport,medium,56.238098,-120.739998,CA,CA-BC,British Columbia,Fort Saint John,,https://en.wikipedia.org/wiki/Fort_St._John_Airport
YFS,CYFS,Fort Simpson Airport,medium,61.760201,-121.237,CA,CA-NT,Northwest Territories,Fort Simpson,,https://en.wikipedia.org/wiki/Fort_Simpson_Airport
YSM,CYSM,Fort Smith Airport,medium,60.020302,-111.961998,CA,CA-NT,Northwest Territories,Fort Smith,,https://en.wikipedia.org/wiki/Fort_Smith_Airport
YFC,CYFC,Fredericton International Airport,medium,45.868697,-66.529891,CA,CA-NB,New Brunswick,Fredericton,,https://en.wikipedia.org/wiki/Greater_Fredericton_Airport
YQX,CYQX,Gander International Airport,medium,48.936258,-54.567719,CA,CA-NL,Newfoundland and Labrador,Gander,,https://en.wikipedia.org/wiki/Gander_International_Airport
YGP,CYGP,Michel-Pouliot Gaspé Airport,medium,48.774915,-64.481893,CA,CA-QC,Quebec,Gaspé,,https://en.wikipedia.org/wiki/Gasp%C3%A9_Airport
YND,CYND,Ottawa / Gatineau Airport,medium,45.521702,-75.563599,CA,CA-QC,Quebec,Gatineau,http://www.ego-airport.ca/english/propos_ego/,https://en.wikipedia.org/wiki/Ottawa-Gatineau_Airport
YYR,CYYR,Goose Bay Airport,medium,53.319199,-60.4258,CA,CA-NL,Newfoundland and Labrador,Goose Bay,,https://en.wikipedia.org/wiki/CFB_Goose_Bay
YQU,CYQU,Grande Prairie Airport,medium,55.179699,-118.885002,CA,CA-AB,Alberta,Grande Prairie,http://www.grandeprairieairport.com/,https://en.wikipedia.org/wiki/Grande_Prairie_Airport
YQA,CYQA,Muskoka Airport,medium,44.975376,-79.306546,CA,CA-ON,Ontario,Gravenhurst,,https://en.wikipedia.org/wiki/Muskoka_Airport
YHZ,CYHZ,Halifax / Stanfield International Airport,large,44.880798,-63.508598,CA,CA-NS,Nova Scotia,Halifax,http://www.hiaa.ca/,https://en.wikipedia.org/wiki/Halifax_International_Airport
YHM,CYHM,John C. Munro Hamilton International Airport,large,43.171308,-79.929416,CA,CA-ON,Ontario,Hamilton,https://www.flyhi.ca/,https://en.wikipedia.org/wiki/Hamilton/John_C._Munro_International_Airport
YGV,CYGV,Havre-Saint-Pierre Airport,medium,50.281898,-63.611401,CA,CA-QC,Quebec,Havre-Saint-Pierre,,https://en.wikipedia.org/wiki/Havre_St-Pierre_Airport
YHY,CYHY,Hay River / Merlyn Carter Airport,medium,60.839699,-115.782997,CA,CA-NT,Northwest Territories,Hay River,,https://en.wikipedia.org/wiki/Hay_River_Airport
YOJ,CYOJ,High Level Airport,medium,58.621399,-117.165001,CA,CA-AB,Alberta,High Level,,https://en.wikipedia.org/wiki/High_Level_Airport
YEV,CYEV,Inuvik Mike Zubko Airport,medium,68.304199,-133.483002,CA,CA-NT,Northwest Territories,Inuvik,,https://en.wikipedia.org/wiki/Inuvik_(Mike_Zubko)_Airport
YFB,CYFB,Iqaluit Airport,medium,63.756402,-68.555801,CA,CA-NU,Nunavut,Iqaluit,,https://en.wikipedia.org/wiki/Iqaluit_Airport
YIV,CYIV,Island Lake Airport,medium,53.857201,-94.653603,CA,CA-MB,Manitoba,Island Lake,,https://en.wikipedia.org/wiki/Island_Lake_Airport
YKA,CYKA,Kamloops John Moose Fulton Field Regional Airport,medium,50.703038,-120.448641,CA,CA-BC,British Columbia,Kamloops,,https://en.wikipedia.org/wiki/Kamloops_Airport
XKS,CYAQ,Kasabonika Airport,medium,53.5247,-88.642799,CA,CA-ON,Ontario,Kasabonika,,https://en.wikipedia.org/wiki/Kasabonika_Airport
YLW,CYLW,Kelowna International Airport,large,49.9561,-119.377998,CA,CA-BC,British Columbia,Kelowna,https://ylw.kelowna.ca/,https://en.wikipedia.org/wiki/Kelowna_International_Airport
YQK,CYQK,Kenora Airport,medium,49.7883,-94.363098,CA,CA-ON,Ontario,Kenora,,https://en.wikipedia.org/wiki/Kenora_Airport
YVP,CYVP,Kuujjuaq Airport,medium,58.0961,-68.426903,CA,CA-QC,Quebec,Kuujjuaq,,https://en.wikipedia.org/wiki/Kuujjuaq_Airport
YGW,CYGW,Kuujjuarapik Airport,medium,55.281898,-77.765297,CA,CA-QC,Quebec,Kuujjuarapik,,https://en.wikipedia.org/wiki/Kuujjuarapik_Airport
YGL,CYGL,La Grande Rivière Airport,medium,53.625301,-77.704201,CA,CA-QC,Quebec,La Grande Rivière,,https://en.wikipedia.org/wiki/La_Grande_Rivi%C3%A8re_Airport
YVC,CYVC,La Ronge Airport,medium,55.151402,-105.262001,CA,CA-SK,Saskatchewan,La Ronge,,https://en.wikipedia.org/wiki/La_Ronge_(Barber_Field)_Airport
YGR,CYGR,Îles-de-la-Madeleine Airport,medium,47.425242,-61.778612,CA,CA-QC,Quebec,Les Îles-de-la-Madeleine,,https://en.wikipedia.org/wiki/%C3%8Eles-de-la-Madeleine_Airport
YQL,CYQL,Lethbridge County Airport,medium,49.630299,-112.800003,CA,CA-AB,Alberta,Lethbridge,,https://en.wikipedia.org/wiki/Lethbridge_County_Airport
YLL,CYLL,Lloydminster Airport,medium,53.3092,-110.072998,CA,CA-AB,Alberta,Lloydminster,,https://en.wikipedia.org/wiki/Lloydminster_Airport
YXU,CYXU,London International Airport,medium,43.032845,-81.149003,CA,CA-ON,Ontario,London,http://www.londonairport.on.ca/,https://en.wikipedia.org/wiki/London_International_Airport
YYL,CYYL,Lynn Lake Airport,medium,56.863899,-101.075996,CA,CA-MB,Manitoba,Lynn Lake,,https://en.wikipedia.org/wiki/Lynn_Lake_Airport
ZMT,CZMT,Masset Airport,medium,54.0275,-132.125,CA,CA-BC,British Columbia,Masset,,https://en.wikipedia.org/wiki/Masset_Airport
YXH,CYXH,Medicine Hat Regional Airport,medium,50.018902,-110.721001,CA,CA-AB,Alberta,Medicine Hat,,https://en.wikipedia.org/wiki/Medicine_Hat_Airport
YQM,CYQM,Greater Moncton Roméo LeBlanc International Airport,medium,46.113189,-64.67719,CA,CA-NB,New Brunswick,Moncton,https://cyqm.ca/,https://en.wikipedia.org/wiki/Greater_Moncton_International_Airport
YYY,CYYY,Mont Joli Airport,medium,48.608601,-68.208099,CA,CA-QC,Quebec,Mont-Joli,,https://en.wikipedia.org/wiki/Mont-Joli_Airport
YUL,CYUL,Montreal / Pierre Elliott Trudeau International Airport,large,45.467837,-73.742294,CA,CA-QC,Quebec,Montréal,http://www.admtl.com/passager/Home.aspx,https://en.wikipedia.org/wiki/Montréal–Trudeau_International_Airport
YMX,CYMX,Montreal Mirabel International Airport,medium,45.679501,-74.038696,CA,CA-QC,Quebec,Montréal,,https://en.wikipedia.org/wiki/Montr%C3%A9al-Mirabel_International_Airport
YHU,CYHU,Montréal / Saint-Hubert Metropolitan Airport,medium,45.517502,-73.416901,CA,CA-QC,Quebec,Montréal,http://www.dashl.ca/,https://en.wikipedia.org/wiki/Montr%C3%A9al/St-Hubert_Airport
YMO,CYMO,Moosonee Airport,medium,51.2911,-80.607803,CA,CA-ON,Ontario,Moosonee,,https://en.wikipedia.org/wiki/Moosonee_Airport
YQN,CYQN,Nakina Airport,medium,50.1828,-86.696404,CA,CA-ON,Ontario,Nakina,,https://en.wikipedia.org/wiki/Nakina_Airport
YCD,CYCD,Nanaimo Airport,medium,49.05497,-123.869863,CA,CA-BC,British Columbia,Nanaimo,https://www.ycd.ca/,https://en.wikipedia.org/wiki/Nanaimo_Airport
YNA,CYNA,Natashquan Airport,medium,50.190114,-61.78898,CA,CA-QC,Quebec,Natashquan,,https://en.wikipedia.org/wiki/Natashquan_Airport
YCM,CYSN,Niagara District Airport,medium,43.191598,-79.171686,CA,CA-ON,Ontario,Niagara-on-the-Lake,,https://en.wikipedia.org/wiki/St._Catharines/Niagara_District_Airport
YVQ,CYVQ,Norman Wells Airport,medium,65.281601,-126.797997,CA,CA-NT,Northwest Territories,Norman Wells,,https://en.wikipedia.org/wiki/Norman_Wells_Airport
YYB,CYYB,North Bay Jack Garland Airport,medium,46.363602,-79.422798,CA,CA-ON,Ontario,North Bay,https://yyb.ca/,https://en.wikipedia.org/wiki/North_Bay/Jack_Garland_Airport
YRO,CYRO,Ottawa / Rockcliffe Airport,medium,45.460496,-75.644001,CA,CA-ON,Ontario,Ottawa,http://www.rfc.ca/,https://en.wikipedia.org/wiki/Ottawa/Rockcliffe_Airport
YOW,CYOW,Ottawa Macdonald-Cartier International Airport,large,45.322498,-75.669197,CA,CA-ON,Ontario,Ottawa,https://yow.ca/,https://en.wikipedia.org/wiki/Ottawa_Macdonald%E2%80%93Cartier_International_Airport
YPE,CYPE,Peace River Airport,medium,56.226898,-117.446999,CA,CA-AB,Alberta,Peace River,,https://en.wikipedia.org/wiki/Peace_River_Airport
YYF,CYYF,Penticton Airport,medium,49.4631,-119.601997,CA,CA-BC,British Columbia,Penticton,,https://en.wikipedia.org/wiki/Penticton_Regional_Airport
YPQ,CYPQ,Peterborough Regional Airport,medium,44.232251,-78.362053,CA,CA-ON,Ontario,Peterborough,https://www.peterborough.ca/business-building-development/airport/,https://en.wikipedia.org/wiki/Peterborough_Airport
YPL,CYPL,Pickle Lake Airport,medium,51.4464,-90.214203,CA,CA-ON,Ontario,Pickle Lake,,https://en.wikipedia.org/wiki/Pickle_Lake_Airport
YNL,CYNL,Points North Landing Airport,medium,58.276699,-104.082001,CA,CA-SK,Saskatchewan,Points North Landing,,https://en.wikipedia.org/wiki/Points_North_Landing_Airport
YZT,CYZT,Port Hardy Airport,medium,50.680599,-127.366997,CA,CA-BC,British Columbia,Port Hardy,,https://en.wikipedia.org/wiki/Port_Hardy_Airport
YPN,CYPN,Port-Menier Airport,medium,49.836399,-64.288597,CA,CA-QC,Quebec,Port-Menier,,https://en.wikipedia.org/wiki/Port-Menier_Airport
YPW,CYPW,Powell River Airport,medium,49.834202,-124.5,CA,CA-BC,British Columbia,Powell River,,https://en.wikipedia.org/wiki/Powell_River_Airport
YPA,CYPA,Prince Albert Glass Field,medium,53.214199,-105.672997,CA,CA-SK,Saskatchewan,Prince Albert,,https://en.wikipedia.org/wiki/Prince_Albert_(Glass_Field)_Airport
YXS,CYXS,Prince George (International) Airport,medium,53.884311,-122.666554,CA,CA-BC,British Columbia,Prince George,https://www.pgairport.ca/,https://en.wikipedia.org/wiki/Prince_George_Airport
YPR,CYPR,Prince Rupert Airport,medium,54.286098,-130.445007,CA,CA-BC,British Columbia,Prince Rupert,http://www.ypr.ca/,https://en.wikipedia.org/wiki/Prince_Rupert_Airport
YPX,CYPX,Puvirnituq Airport,medium,60.050598,-77.286903,CA,CA-QC,Quebec,Puvirnituq,,https://en.wikipedia.org/wiki/Puvirnituq_Airport
XQU,,Qualicum Beach Airport,medium,49.337456,-124.393086,CA,CA-BC,British Columbia,Qualicum Beach,http://www.qualicumbeach.com/cms.asp?wpID=437,https://en.wikipedia.org/wiki/Qualicum_Beach_Airport
YQB,CYQB,Quebec Jean Lesage International Airport,large,46.7911,-71.393303,CA,CA-QC,Quebec,Quebec,http://www.aeroportdequebec.com/,https://en.wikipedia.org/wiki/Qu%C3%A9bec/Jean_Lesage_International_Airport
YQZ,CYQZ,Quesnel Airport,medium,53.0261,-122.510002,CA,CA-BC,British Columbia,Quesnel,,https://en.wikipedia.org/wiki/Quesnel_Airport
YRT,CYRT,Rankin Inlet Airport,medium,62.811401,-92.115799,CA,CA-NU,Nunavut,Rankin Inlet,,https://en.wikipedia.org/wiki/Rankin_Inlet_Airport
YRL,CYRL,Red Lake Airport,medium,51.066898,-93.793098,CA,CA-ON,Ontario,Red Lake,,https://en.wikipedia.org/wiki/Red_Lake_Airport
YQR,CYQR,Regina International Airport,medium,50.431938,-104.660906,CA,CA-SK,Saskatchewan,Regina,,https://en.wikipedia.org/wiki/Regina_International_Airport
YRB,CYRB,Resolute Bay Airport,medium,74.716904,-94.969398,CA,CA-NU,Nunavut,Resolute Bay,,https://en.wikipedia.org/wiki/Resolute_Bay_Airport
YRJ,CYRJ,Roberval Airport,medium,48.519665,-72.265735,CA,CA-QC,Quebec,Roberval,,https://en.wikipedia.org/wiki/Roberval_Airport
YUY,CYUY,Rouyn Noranda Airport,medium,48.2061,-78.835602,CA,CA-QC,Quebec,Rouyn-Noranda,,https://en.wikipedia.org/wiki/Rouyn-Noranda_Airport
YBG,CYBG,Saguenay-Bagotville Airport,medium,48.330123,-70.992012,CA,CA-QC,Quebec,Saguenay,,https://en.wikipedia.org/wiki/CFB_Bagotville
YSJ,CYSJ,Saint John Airport,medium,45.316101,-65.890297,CA,CA-NB,New Brunswick,Saint John,,https://en.wikipedia.org/wiki/Saint_John_Airport
YZP,CYZP,Sandspit Airport,medium,53.254299,-131.813995,CA,CA-BC,British Columbia,Sandspit,,https://en.wikipedia.org/wiki/Sandspit_Airport
ZSJ,CZSJ,Sandy Lake Airport,medium,53.064201,-93.344398,CA,CA-ON,Ontario,Sandy Lake,,https://en.wikipedia.org/wiki/Sandy_Lake_Airport
YUX,CYUX,Hall Beach Airport,medium,68.7761,-81.2425,CA,CA-NU,Nunavut,Sanirajak,,https://en.wikipedia.org/wiki/Hall_Beach_Airport
YXE,CYXE,Saskatoon John G. Diefenbaker International Airport,large,52.170723,-106.700793,CA,CA-SK,Saskatchewan,Saskatoon,,https://en.wikipedia.org/wiki/Saskatoon/John_G._Diefenbaker_International_Airport
YAM,CYAM,Sault Ste Marie Airport,medium,46.483216,-84.508467,CA,CA-ON,Ontario,Sault Ste Marie,http://www.saultairport.com/,https://en.wikipedia.org/wiki/Sault_Ste._Marie_Airport
YKL,CYKL,Schefferville Airport,medium,54.805302,-66.805298,CA,CA-QC,Quebec,Schefferville,,https://en.wikipedia.org/wiki/Schefferville_Airport
YZV,CYZV,Sept-Îles Airport,medium,50.223301,-66.265602,CA,CA-QC,Quebec,Sept-Îles,,https://en.wikipedia.org/wiki/Sept-%C3%8Eles_Airport
YXL,CYXL,Sioux Lookout Airport,medium,50.113899,-91.905296,CA,CA-ON,Ontario,Sioux Lookout,,https://en.wikipedia.org/wiki/Sioux_Lookout_Airport
YYD,CYYD,Smithers Airport,medium,54.824699,-127.182999,CA,CA-BC,British Columbia,Smithers,,https://en.wikipedia.org/wiki/Smithers_Airport
ZBF,CZBF,Bathurst Airport,medium,47.6297,-65.738899,CA,CA-NB,New Brunswick,South Tetagouche,,https://en.wikipedia.org/wiki/Bathurst_Airport_(New_Brunswick)
YIF,CYIF,St Augustin Airport,medium,51.2117,-58.658298,CA,CA-QC,Quebec,St-Augustin,,https://en.wikipedia.org/wiki/St-Augustin_Airport
YAY,CYAY,St. Anthony Airport,medium,51.391909,-56.08321,CA,CA-NL,Newfoundland and Labrador,St. Anthony,,https://en.wikipedia.org/wiki/St._Anthony_Airport
YYT,CYYT,St. John's International Airport,large,47.618599,-52.7519,CA,CA-NL,Newfoundland and Labrador,St. John's,https://www.stjohnsairport.com/,https://en.wikipedia.org/wiki/St._John's_International_Airport
YSF,CYSF,Stony Rapids Airport,medium,59.250301,-105.841003,CA,CA-SK,Saskatchewan,Stony Rapids,,https://en.wikipedia.org/wiki/Stony_Rapids_Airport
YSB,CYSB,Sudbury Airport,medium,46.625,-80.798897,CA,CA-ON,Ontario,Sudbury,,https://en.wikipedia.org/wiki/Sudbury_Airport
YQY,CYQY,Sydney / J.A. Douglas McCurdy Airport,medium,46.161072,-60.049759,CA,CA-NS,Nova Scotia,Sydney,https://www.sydneyairport.ca/,https://en.wikipedia.org/wiki/Sydney/J.A._Douglas_McCurdy_Airport
YXT,CYXT,Northwest Regional Airport Terrace-Kitimat,medium,54.468498,-128.576009,CA,CA-BC,British Columbia,Terrace,,https://en.wikipedia.org/wiki/Terrace_Airport
YQD,CYQD,The Pas Airport,medium,53.971401,-101.091003,CA,CA-MB,Manitoba,The Pas,,https://en.wikipedia.org/wiki/The_Pas_Airport
YTH,CYTH,Thompson Airport,medium,55.801102,-97.864197,CA,CA-MB,Manitoba,Thompson,,https://en.wikipedia.org/wiki/Thompson_Airport
YQT,CYQT,Thunder Bay International Airport,medium,48.371899,-89.323898,CA,CA-ON,Ontario,Thunder Bay,,https://en.wikipedia.org/wiki/Thunder_Bay_International_Airport
YTS,CYTS,Timmins/Victor M. Power,medium,48.569698,-81.376701,CA,CA-ON,Ontario,Timmins,http://portal.timmins.ca/portal/en/timmins/residents/airport,https://en.wikipedia.org/wiki/Timmins_Airport
YAZ,CYAZ,Tofino / Long Beach Airport,medium,49.079833,-125.775583,CA,CA-BC,British Columbia,Tofino,http://www.acrd.bc.ca/long-beach-airport,https://en.wikipedia.org/wiki/Tofino_Airport
YTZ,CYTZ,Billy Bishop Toronto City Airport,medium,43.627852,-79.39553,CA,CA-ON,Ontario,Toronto,https://www.billybishopairport.com/,https://en.wikipedia.org/wiki/Billy_Bishop_Toronto_City_Airport
YYZ,CYYZ,Toronto Pearson International Airport,large,43.675935,-79.629421,CA,CA-ON,Ontario,Toronto,http://www.torontopearson.com/,https://en.wikipedia.org/wiki/Toronto_Pearson_International_Airport
YVO,CYVO,Val-d'Or Airport,medium,48.053299,-77.782799,CA,CA-QC,Quebec,Val-d'Or,http://www.arvo.qc.ca/,https://en.wikipedia.org/wiki/Val-d'Or_Airport
YVR,CYVR,Vancouver International Airport,large,49.193901,-123.183998,CA,CA-BC,British Columbia,Vancouver,http://www.yvr.ca/,https://en.wikipedia.org/wiki/Vancouver_International_Airport
YYJ,CYYJ,Victoria International Airport,large,48.647201,-123.427792,CA,CA-BC,British Columbia,Victoria,http://www.victoriaairport.com/,https://en.wikipedia.org/wiki/Victoria_International_Airport
YWK,CYWK,Wabush Airport,medium,52.921902,-66.864403,CA,CA-NL,Newfoundland and Labrador,Wabush,,https://en.wikipedia.org/wiki/Wabush_Airport
YQH,CYQH,Watson Lake Airport,medium,60.116839,-128.821993,CA,CA-YT,Yukon,Watson Lake,,https://en.wikipedia.org/wiki/Watson_Lake_Airport
YZU,CYZU,Whitecourt Airport,medium,54.143902,-115.787003,CA,CA-AB,Alberta,Whitecourt,,https://en.wikipedia.org/wiki/Whitecourt_Airport
YXY,CYXY,Whitehorse / Erik Nielsen International Airport,medium,60.708533,-135.065705,CA,CA-YT,Yukon,Whitehorse,https://yukonairports.ca/about-yxy,https://en.wikipedia.org/wiki/Whitehorse_International_Airport
YVV,CYVV,Wiarton Airport,medium,44.7458,-81.107201,CA,CA-ON,Ontario,Wiarton,http://wiartonairport.ca/,https://en.wikipedia.org/wiki/Wiarton_Airport
YWL,CYWL,Williams Lake Airport,medium,52.183102,-122.054001,CA,CA-BC,British Columbia,Williams Lake,,https://en.wikipedia.org/wiki/Williams_Lake_Airport
YQG,CYQG,Windsor International Airport,large,42.2756,-82.955597,CA,CA-ON,Ontario,Windsor,https://flyyqg.ca/,https://en.wikipedia.org/wiki/Windsor_Airport
YWG,CYWG,Winnipeg / James Armstrong Richardson International Airport,large,49.91,-97.239899,CA,CA-MB,Manitoba,Winnipeg,http://www.waa.ca/,https://en.wikipedia.org/wiki/Winnipeg_James_Armstrong_Richardson_International_Airport
YZF,CYZF,Yellowknife International Airport,medium,62.462799,-114.440002,CA,CA-NT,Northwest Territories,Yellowknife,https://www.inf.gov.nt.ca/en/services/airports/yellowknife-airport,https://en.wikipedia.org/wiki/Yellowknife_Airport
CCK,YPCC,Cocos (Keeling) Islands Airport,large,-12.192218,96.834103,CC,CC-U-A,(unassigned),West Island,http://cocosislandairport.com.au/,https://en.wikipedia.org/wiki/Cocos_(Keeling)_Island_International_Airport
FDU,FZBO,Bandundu Airport,medium,-3.31132,17.381701,CD,CD-KL,Kwilu Province,Bandundu,,https://en.wikipedia.org/wiki/Bandundu_Airport
BUX,FZKA,Bunia Airport,medium,1.565743,30.220685,CD,CD-IT,Ituri Province,Bunia,,https://en.wikipedia.org/wiki/Bunia_Airport
BDT,FZFD,Gbadolite Airport,medium,4.252745,20.975271,CD,CD-NU,Nord-Ubangi Province,Gbadolite,,https://en.wikipedia.org/wiki/Gbadolite_Airport
GMA,FZFK,Gemena Airport,medium,3.23537,19.771299,CD,CD-SU,Sud-Ubangi Province,Gemena,,https://en.wikipedia.org/wiki/Gemena_Airport
GOM,FZNA,Goma International Airport,large,-1.666758,29.238037,CD,CD-NK,Nord-Kivu Province,Goma,,https://en.wikipedia.org/wiki/Goma_International_Airport
IRP,FZJH,Matari Airport,medium,2.82761,27.588301,CD,CD-HU,Haut-Uélé Province,Isiro,,https://en.wikipedia.org/wiki/Matari_Airport
FMI,FZRF,Kalemie Airport,medium,-5.87556,29.25,CD,CD-TA,Tanganyika Province,Kalemie,,https://en.wikipedia.org/wiki/Kalemie_Airport
KGA,FZUA,Kananga Airport,medium,-5.90005,22.4692,CD,CD-KC,Kasaï-Central Province,Kananga,,https://en.wikipedia.org/wiki/Kananga_Airport
KKW,FZCA,Kikwit Airport,medium,-5.03577,18.785601,CD,CD-KL,Kwilu Province,Kikwit,,https://en.wikipedia.org/wiki/Kikwit_Airport
KND,FZOA,Kindu Airport,medium,-2.91918,25.9154,CD,CD-MA,Maniema Province,Kindu,,https://en.wikipedia.org/wiki/Kindu_Airport
FIH,FZAA,Ndjili International Airport,large,-4.38575,15.4446,CD,CD-KN,Kinshasa Province,Kinshasa,,https://en.wikipedia.org/wiki/N%27djili_Airport
FKI,FZIC,Bangoka International Airport,large,0.481639,25.337999,CD,CD-TO,Tshopo Province,Kisangani,,https://en.wikipedia.org/wiki/Bangoka_International_Airport
KWZ,FZQM,Kolwezi Airport,medium,-10.7659,25.505699,CD,CD-LU,Lualaba Province,Kolwezi,,https://en.wikipedia.org/wiki/Kolwezi_Airport
FBM,FZQA,Lubumbashi International Airport,large,-11.591494,27.530753,CD,CD-HK,Haut-Katanga Province,Lubumbashi,http://lubumbashiairport.com/,https://en.wikipedia.org/wiki/Lubumbashi_International_Airport
MDK,FZEA,Mbandaka Airport,medium,0.0226,18.2887,CD,CD-EQ,Équateur Province,Mbandaka,,https://en.wikipedia.org/wiki/Mbandaka_Airport
MJM,FZWA,Mbuji Mayi Airport,medium,-6.12124,23.569,CD,CD-KE,Kasaï-Oriental Province,Mbuji Mayi,,https://en.wikipedia.org/wiki/Mbuji_Mayi_Airport
BGF,FEFF,Bangui M'Poko International Airport,large,4.39848,18.518801,CF,CF-MP,Ombella-M'Poko,Bangui,,https://en.wikipedia.org/wiki/Bangui_M'Poko_International_Airport
BZV,FCBB,Maya-Maya International Airport,large,-4.2517,15.253,CG,CG-12,Pool Department,Brazzaville,,https://en.wikipedia.org/wiki/Maya-Maya_Airport
PNR,FCPP,Antonio Agostinho-Neto International Airport,large,-4.81603,11.8866,CG,CG-5,Kouilou Department,Pointe Noire,,https://en.wikipedia.org/wiki/Agostinho-Neto_International_Airport
LUG,LSZA,Lugano Airport,medium,46.004299,8.91058,CH,CH-TI,Ticino,Agno,https://www.luganoairport.ch/en/,https://en.wikipedia.org/wiki/Lugano_Airport
BRN,LSZB,Bern Airport,medium,46.912736,7.498819,CH,CH-BE,Bern,Bern,https://www.bernairport.ch/de/,https://en.wikipedia.org/wiki/Bern_Airport
GVA,LSGG,Geneva International Airport,large,46.238098,6.10895,CH,CH-GE,Geneva,Geneva,https://www.gva.ch/,https://en.wikipedia.org/wiki/Geneva_Airport
ACH,LSZR,Sankt Gallen Altenrhein Airport,medium,47.485001,9.56077,CH,CH-SG,St. Gallen,St. Gallen,https://www.peoples.ch/lszr,https://en.wikipedia.org/wiki/St._Gallen-Altenrhein_Airport
ZRH,LSZH,Zürich Airport,large,47.458056,8.548056,CH,CH-ZH,Zürich,Zurich,http://www.zurich-airport.com/,https://en.wikipedia.org/wiki/Zurich_Airport
SPY,DISP,San Pedro Airport,medium,4.74672,-6.66082,CI,CI-BS,Bas-Sassandra District,,,https://en.wikipedia.org/wiki/San_P%C3%A9dro_Airport
ABJ,DIAP,Félix-Houphouët-Boigny International Airport,large,5.26139,-3.92629,CI,CI-AB,Abidjan (autonomous district),Abidjan,,https://en.wikipedia.org/wiki/F%C3%A9lix-Houphou%C3%ABt-Boigny_International_Airport
BYK,DIBK,Bouaké Airport,medium,7.7388,-5.07367,CI,CI-VB,Vallée du Bandama District,Bouaké,,https://en.wikipedia.org/wiki/Bouak%C3%A9_Airport
HGO,DIKO,Korhogo Airport,medium,9.38718,-5.55666,CI,CI-SV,Savanes District,Korhogo,,https://en.wikipedia.org/wiki/Korhogo_Airport
RAR,NCRG,Rarotonga International Airport,large,-21.2027,-159.806,CK,CK-U-A,(unassigned),Avarua,,https://en.wikipedia.org/wiki/Rarotonga_International_Airport
ANF,SCFA,Andrés Sabella Gálvez International Airport,large,-23.445274,-70.445232,CL,CL-AN,Antofagasta Region,Antofagasta,https://aeropuertoantofagasta.cl,https://en.wikipedia.org/wiki/Andr%C3%A9s_Sabella_G%C3%A1lvez_International_Airport
ARI,SCAR,Chacalluta International Airport,medium,-18.348499,-70.338699,CL,CL-AP,Arica and Parinacota Region,Arica,https://aeropuertoarica.cl/,https://en.wikipedia.org/wiki/Chacalluta_International_Airport
BBA,SCBA,Balmaceda Airport,medium,-45.915968,-71.689499,CL,CL-AI,Aysén Region,Balmaceda,https://aeropuertodebalmaceda.cl/,https://en.wikipedia.org/wiki/Balmaceda_Airport
CJC,SCCF,El Loa Airport,medium,-22.498199,-68.903603,CL,CL-AN,Antofagasta Region,Calama,,https://en.wikipedia.org/wiki/El_Loa_Airport
CCP,SCIE,Carriel Sur International Airport,large,-36.77235,-73.062828,CL,CL-BI,Bío-Bío Region,Concepcion,https://aeropuertocarrielsur.cl,https://en.wikipedia.org/wiki/Carriel_Sur_International_Airport
CPO,SCAT,Desierto de Atacama Airport,medium,-27.2612,-70.779198,CL,CL-AT,Atacama Region,Copiapo,,https://en.wikipedia.org/wiki/Desierto_de_Atacama_Airport
ESR,SCES,Ricardo García Posada Airport,medium,-26.3111,-69.765198,CL,CL-AT,Atacama Region,El Salvador,,https://en.wikipedia.org/wiki/Ricardo_Garc%C3%ADa_Posada_Airport
IQQ,SCDA,Diego Aracena International Airport,large,-20.536273,-70.181373,CL,CL-TA,Tarapacá Region,Iquique,https://www.aeropuertodiegoaracena.cl/,https://en.wikipedia.org/wiki/Diego_Aracena_International_Airport
IPC,SCIP,Mataveri International Airport,large,-27.165411,-109.421027,CL,CL-VS,Valparaíso Region,Isla De Pascua,https://imaginarapanui.com/en/easter-island-airport/,https://en.wikipedia.org/wiki/Mataveri_International_Airport
LSC,SCSE,La Florida Airport,medium,-29.916201,-71.199501,CL,CL-CO,Coquimbo Region,La Serena-Coquimbo,,https://en.wikipedia.org/wiki/La_Florida_Airport_(Chile)
ZOS,SCJO,Cañal Bajo Carlos Hott Siebert Airport,medium,-40.611198,-73.060997,CL,CL-LL,Los Lagos Region,Osorno,,https://en.wikipedia.org/wiki/Canal_Bajo_Carlos_Hott_Siebert_Airport
PMC,SCTE,El Tepual International Airport,large,-41.443093,-73.094065,CL,CL-LL,Los Lagos Region,Puerto Montt,,https://en.wikipedia.org/wiki/El_Tepual_Airport
PNT,SCNT,Lieutenant Julio Gallardo Airport,medium,-51.67067,-72.529078,CL,CL-MA,Magallanes Region,Puerto Natales,,https://en.wikipedia.org/wiki/Teniente_Julio_Gallardo_Airport
PUQ,SCCI,President Carlos Ibáñez International Airport,large,-53.002602,-70.854599,CL,CL-MA,Magallanes Region,Punta Arenas,,https://en.wikipedia.org/wiki/Presidente_Carlos_Ibanez_Del_Campo_International_Airport
SCL,SCEL,Comodoro Arturo Merino Benítez International Airport,large,-33.393002,-70.785797,CL,CL-RM,Santiago Metropolitan Region,Santiago,http://www.aeropuertosantiago.cl/ingles/index.php,https://en.wikipedia.org/wiki/Comodoro_Arturo_Merino_Ben%C3%ADtez_International_Airport
ZCO,SCQP,La Araucanía International Airport,large,-38.9259,-72.6515,CL,CL-AR,Araucanía Region,Temuco,,https://en.wikipedia.org/wiki/La_Araucan%C3%ADa_International_Airport
ZAL,SCVD,Pichoy Airport,medium,-39.650002,-73.086098,CL,CL-LR,Los Ríos Region,Valdivia,,https://en.wikipedia.org/wiki/Pichoy_Airport
DLA,FKKD,Douala International Airport,large,4.00608,9.71948,CM,CM-LT,Littoral Region,Douala,,https://en.wikipedia.org/wiki/Douala_International_Airport
GOU,FKKR,Garoua International Airport,large,9.334785,13.372129,CM,CM-NO,North Region,Garoua,,https://en.wikipedia.org/wiki/Garoua_International_Airport
MVR,FKKL,Salak Airport,medium,10.4514,14.2574,CM,CM-EN,Far North Region,Maroua,,https://en.wikipedia.org/wiki/Salak_Airport
NGE,FKKN,N'Gaoundéré Airport,medium,7.35701,13.5592,CM,CM-AD,Adamaoua Region,N'Gaoundéré,,https://en.wikipedia.org/wiki/N'Gaound%C3%A9r%C3%A9_Airport
NSI,FKYS,Yaoundé Nsimalen International Airport,large,3.72256,11.5533,CM,CM-CE,Centre Region,Yaoundé,,https://en.wikipedia.org/wiki/Yaoundé_Nsimalen_International_Airport
AKU,ZWAK,Aksu Hongqipo Airport,medium,41.262501,80.291702,CN,CN-65,Xinjiang Autonomous Region,Aksu (Onsu),,https://en.wikipedia.org/wiki/Aksu_Hongqipo_Airport
AAT,ZWAT,Altay Xuedu Airport,medium,47.749886,88.085808,CN,CN-65,Xinjiang Autonomous Region,Altay,,https://en.wikipedia.org/wiki/Altay_Xuedu_Airport
AQG,ZSAQ,Anqing Tianzhushan Airport / Anqing North Air Base,medium,30.582199,117.050003,CN,CN-34,Anhui Province,Anqing,,https://en.wikipedia.org/wiki/Anqing_Tianzhushan_Airport
AOG,ZYAS,Anshan Teng'ao Airport / Anshan Air Base,medium,41.105301,122.853996,CN,CN-21,Liaoning Province,Anshan,,https://en.wikipedia.org/wiki/Anshan_Teng%27ao_Airport
AVA,ZUAS,Anshun Huangguoshu Airport,medium,26.260556,105.873333,CN,CN-52,Guizhou Province,Anshun (Xixiu),,https://en.wikipedia.org/wiki/Anshun_Huangguoshu_Airport
YIE,ZBES,Arxan Yi'ershi Airport,medium,47.3106,119.9117,CN,CN-15,Inner Mongolia Autonomous Region,Arxan,,https://en.wikipedia.org/wiki/Arxan_Yi%27ershi_Airport
DBC,ZYBA,Baicheng Chang'an Airport,medium,45.505278,123.019722,CN,CN-22,Jilin Province,Baicheng,,https://en.wikipedia.org/wiki/Baicheng_Chang%27an_Airport
AEB,ZGBS,Baise (Bose) Bama Airport,medium,23.7206,106.959999,CN,CN-45,Guangxi Autonomous Region,Baise (Tianyang),,https://en.wikipedia.org/wiki/Baise_Youjiang_Airport
NBS,ZYBS,Changbaishan Airport,medium,42.066944,127.602222,CN,CN-22,Jilin Province,Baishan,,https://en.wikipedia.org/wiki/Changbaishan_Airport
BPX,ZUBD,Qamdo Bangda Airport,medium,30.5536,97.108299,CN,CN-54,Tibet Autonomous Region,Bangda,,https://en.wikipedia.org/wiki/Bangda_Airport
BSD,ZPBS,Baoshan Yunrui Airport,medium,25.053301,99.168297,CN,CN-53,Yunnan Province,Baoshan (Longyang),,https://en.wikipedia.org/wiki/Baoshan_Yunrui_Airport
TCZ,ZPTC,Tengchong Tuofeng Airport,medium,24.938056,98.485833,CN,CN-53,Yunnan Province,Baoshan (Tengchong),,https://en.wikipedia.org/wiki/Tengchong_Tuofeng_Airport
BAV,ZBOW,Baotou Donghe International Airport,large,40.560001,109.997002,CN,CN-15,Inner Mongolia Autonomous Region,Baotou,,https://en.wikipedia.org/wiki/Baotou_Airport
AXF,ZBAL,Alxa Left Banner Bayanhot Airport,medium,38.748317,105.58416,CN,CN-15,Inner Mongolia Autonomous Region,Bayanhot,,https://en.wikipedia.org/wiki/Alxa_Left_Banner_Bayanhot_Airport
RLK,ZBYZ,Bayannur Tianjitai Airport,medium,40.926358,107.74093,CN,CN-15,Inner Mongolia Autonomous Region,Bayannur,,https://en.wikipedia.org/wiki/Bayannur_Tianjitai_Airport
BZX,ZUBZ,Bazhong Enyang Airport,medium,31.73842,106.644872,CN,CN-51,Sichuan Province,Bazhong,,https://en.wikipedia.org/wiki/Bazhong_Enyang_Airport
BHY,ZGBH,Beihai Fucheng Airport,medium,21.538659,109.293683,CN,CN-45,Guangxi Autonomous Region,Beihai,,https://en.wikipedia.org/wiki/Beihai_Fucheng_Airport
PEK,ZBAA,Beijing Capital International Airport,large,40.077349,116.596702,CN,CN-11,Beijing Municipality,Beijing,https://en.bcia.com.cn/,https://en.wikipedia.org/wiki/Beijing_Capital_International_Airport
PKX,ZBAD,Beijing Daxing International Airport,large,39.501289,116.413967,CN,CN-11,Beijing Municipality,Beijing,,https://en.wikipedia.org/wiki/Beijing_Daxing_International_Airport
BFY,ZSBA,Bengbu Tenghu Airport,medium,33.166292,117.058344,CN,CN-34,Anhui Province,Bengbu,,https://en.wikipedia.org/wiki/Bengbu_Tenghu_Airport
BFJ,ZUBJ,Bijie Feixiong Airport,medium,27.267066,105.472097,CN,CN-52,Guizhou Province,Bijie,,https://en.wikipedia.org/wiki/Bijie_Feixiong_Airport
BPL,ZWBL,Bole Alashankou Airport,medium,44.895461,82.30007,CN,CN-65,Xinjiang Autonomous Region,Bole,,https://en.wikipedia.org/wiki/Bole_Alashankou_Airport
KJI,ZWKN,Burqin Kanas Airport,medium,48.2223,86.9959,CN,CN-65,Xinjiang Autonomous Region,Burqin,,https://en.wikipedia.org/wiki/Kanas_Airport
CGQ,ZYCC,Changchun Longjia International Airport,large,43.996201,125.684998,CN,CN-22,Jilin Province,Changchun,,https://en.wikipedia.org/wiki/Changchun_Longjia_International_Airport
CGD,ZGCD,Changde Taohuayuan Airport,medium,28.9189,111.639999,CN,CN-43,Hunan Province,Changde (Dingcheng),,https://en.wikipedia.org/wiki/Changde_Taohuayuan_Airport
CSX,ZGHA,Changsha Huanghua International Airport,large,28.189199,113.220001,CN,CN-43,Hunan Province,Changsha (Changsha),,https://en.wikipedia.org/wiki/Changsha_Huanghua_International_Airport
CZX,ZSCG,Changzhou Benniu International Airport,medium,31.920485,119.77546,CN,CN-32,Jiangsu Province,Changzhou,,https://en.wikipedia.org/wiki/Changzhou_Benniu_International_Airport
CDE,ZBCD,Chengde Puning Airport,medium,41.1225,118.073889,CN,CN-13,Hebei Province,Chengde,,https://en.wikipedia.org/wiki/Chengde_Puning_Airport
TFU,ZUTF,Chengdu Tianfu International Airport,large,30.31252,104.441284,CN,CN-51,Sichuan Province,Chengdu (Jianyang),,https://en.wikipedia.org/wiki/Chengdu_Tianfu_International_Airport
CTU,ZUUU,Chengdu Shuangliu International Airport,large,30.558257,103.945966,CN,CN-51,Sichuan Province,Chengdu (Shuangliu),http://www.cdairport.com/cdairport/en_front/index.jsp,https://en.wikipedia.org/wiki/Chengdu_Shuangliu_International_Airport
HCZ,ZGCZ,Chenzhou Beihu Airport,medium,25.753419,112.845404,CN,CN-43,Hunan Province,Chenzhou,,https://en.wikipedia.org/wiki/Chenzhou_Beihu_Airport
CIF,ZBCF,Chifeng Yulong Airport,medium,42.159723,118.840971,CN,CN-15,Inner Mongolia Autonomous Region,Chifeng,,https://en.wikipedia.org/wiki/Chifeng_Yulong_Airport
CKG,ZUCK,Chongqing Jiangbei International Airport,large,29.712254,106.651895,CN,CN-50,Chongqing Municipality,Chongqing,,https://en.wikipedia.org/wiki/Chongqing_Jiangbei_International_Airport
DLU,ZPDL,Dali Fengyi Airport,medium,25.649401,100.319,CN,CN-53,Yunnan Province,Dali (Xiaguan),,https://en.wikipedia.org/wiki/Dali_Airport
DLC,ZYTL,Dalian Zhoushuizi International Airport,large,38.965719,121.538477,CN,CN-21,Liaoning Province,Dalian (Ganjingzi),https://dlairport.com,https://en.wikipedia.org/wiki/Dalian_Zhoushuizi_International_Airport
DDG,ZYDD,Dandong Langtou International Airport,medium,40.025453,124.28669,CN,CN-21,Liaoning Province,Dandong (Zhenxing),http://www.ddcei.gov.cn/english/index.html,https://en.wikipedia.org/wiki/Dandong_Airport
DAT,ZBDT,Datong Yungang International Airport,large,40.06139,113.480509,CN,CN-14,Shanxi Province,Datong,,https://en.wikipedia.org/wiki/Datong_Yungang_Airport
DZH,ZUDA,Dazhou Jinya Airport,medium,31.048815,107.435646,CN,CN-51,Sichuan Province,Dazhou (Dachuan),,https://en.wikipedia.org/wiki/Dazhou_Jinya_Airport
LUM,ZPMS,Dehong Mangshi International Airport,medium,24.4011,98.5317,CN,CN-53,Yunnan Province,Dehong (Mangshi),,https://en.wikipedia.org/wiki/Dehong_Mangshi_Airport
HXD,ZLDL,Haixi Delingha Airport,medium,37.125286,97.268658,CN,CN-63,Qinghai Province,Delingha,,https://en.wikipedia.org/wiki/Delingha_Airport
DIG,ZPDQ,Diqing Shangri-La Airport,medium,27.7936,99.6772,CN,CN-53,Yunnan Province,Diqing (Shangri-La),,https://en.wikipedia.org/wiki/Diqing_Shangri-La_Airport
DOY,ZSDY,Dongying Shengli Airport,medium,37.50137,118.789863,CN,CN-37,Shandong Province,Dongying (Kenli),,https://en.wikipedia.org/wiki/Dongying_Shengli_Airport
DNH,ZLDH,Dunhuang Mogao International Airport,large,40.161953,94.812827,CN,CN-62,Gansu Province,Dunhuang,,https://en.wikipedia.org/wiki/Dunhuang_Airport
ENH,ZHES,Enshi Xujiaping Airport,medium,30.320299,109.485001,CN,CN-42,Hubei Province,Enshi (Enshi),,https://en.wikipedia.org/wiki/Enshi_Xujiaping_Airport
ERL,ZBER,Erenhot Saiwusu International Airport,medium,43.424079,112.091081,CN,CN-15,Inner Mongolia Autonomous Region,Erenhot,,https://en.wikipedia.org/wiki/Erenhot_Saiwusu_International_Airport
EHU,ZHEC,Ezhou Huahu International Airport,large,30.341178,115.03926,CN,CN-42,Hubei Province,Ezhou,,https://en.wikipedia.org/wiki/Ezhou_Huahu_Airport
FUO,ZGFS,Foshan Shadi Airport,medium,23.0825,113.070833,CN,CN-44,Guangdong Province,Foshan (Nanhai),,https://en.wikipedia.org/wiki/Foshan_Shadi_Airport
FYJ,ZYFY,Fuyuan Dongji Airport,medium,48.197219,134.36298,CN,CN-23,Heilongjiang Province,Fuyuan,,https://en.wikipedia.org/wiki/Fuyuan_Dongji_Airport
FYN,ZWFY,Fuyun Koktokay Airport,medium,46.804169,89.512006,CN,CN-65,Xinjiang Autonomous Region,Fuyun,,https://en.wikipedia.org/wiki/Fuyun_Koktokay_Airport
FOC,ZSFZ,Fuzhou Changle International Airport,large,25.929254,119.672524,CN,CN-35,Fujian Province,Fuzhou (Changle),,https://en.wikipedia.org/wiki/Fuzhou_Changle_International_Airport
GXH,ZLXH,Gannan Xiahe Airport,medium,34.819014,102.622261,CN,CN-62,Gansu Province,Gannan (Xiahe),,https://en.wikipedia.org/wiki/Gannan_Xiahe_Airport
DCY,ZUDC,Daocheng Yading Airport,medium,29.31632,100.060317,CN,CN-51,Sichuan Province,Garzê (Daocheng),,https://en.wikipedia.org/wiki/Daocheng_Yading_Airport
KGT,ZUKD,Kangding Airport,medium,30.142464,101.73872,CN,CN-51,Sichuan Province,Garzê (Kangding),,https://en.wikipedia.org/wiki/Kangding_Airport
GOQ,ZLGM,Golmud Airport,medium,36.4006,94.786102,CN,CN-63,Qinghai Province,Golmud,,https://en.wikipedia.org/wiki/Golmud_Airport
GMQ,ZLGL,Golog Maqên Airport,medium,34.418066,100.301144,CN,CN-63,Qinghai Province,Golog (Maqên),,https://en.wikipedia.org/wiki/Golog_Maqin_Airport
GYS,ZUGU,Guangyuan Panlong Airport,medium,32.390254,105.694571,CN,CN-51,Sichuan Province,Guangyuan (Lizhou),,https://en.wikipedia.org/wiki/Guangyuan_Airport
CAN,ZGGG,Guangzhou Baiyun International Airport,large,23.392401,113.299004,CN,CN-44,Guangdong Province,Guangzhou (Huadu),http://www.baiyunairport.com/english/index.jsp,https://en.wikipedia.org/wiki/Guangzhou_Baiyun_International_Airport
KWL,ZGKL,Guilin Liangjiang International Airport,large,25.219828,110.039553,CN,CN-45,Guangxi Autonomous Region,Guilin (Lingui),,https://en.wikipedia.org/wiki/Guilin_Liangjiang_International_Airport
KWE,ZUGY,Guiyang Longdongbao International Airport,large,26.541805,106.80402,CN,CN-52,Guizhou Province,Guiyang (Nanming),,https://en.wikipedia.org/wiki/Guiyang_Longdongbao_Airport
GYU,ZLGY,Guyuan Liupanshan Airport,medium,36.078889,106.216944,CN,CN-64,Ningxia Autonomous Region,Guyuan (Yuanzhou),,https://en.wikipedia.org/wiki/Guyuan_Liupanshan_Airport
XNN,ZLXN,Xining Caojiabao International Airport,large,36.52775,102.040215,CN,CN-63,Qinghai Province,Haidong (Huzhu Tu Autonomous County),,https://en.wikipedia.org/wiki/Xining_Caojiabao_International_Airport
HAK,ZJHK,Haikou Meilan International Airport,large,19.9349,110.459,CN,CN-46,Hainan Province,Haikou (Meilan),,https://en.wikipedia.org/wiki/Haikou_Meilan_International_Airport
HLD,ZBLA,Hulunbuir Hailar Airport,large,49.208616,119.822301,CN,CN-15,Inner Mongolia Autonomous Region,Hailar,,https://en.wikipedia.org/wiki/Hulunbuir_Hailar_Airport
HMI,ZWHM,Hami Airport,medium,42.8414,93.669197,CN,CN-65,Xinjiang Autonomous Region,Hami,,https://en.wikipedia.org/wiki/Hami_Airport
HDG,ZBHD,Handan Airport,medium,36.524824,114.424126,CN,CN-13,Hebei Province,Handan,https://hdairport.net,https://en.wikipedia.org/wiki/Handan_Airport
HGH,ZSHC,Hangzhou Xiaoshan International Airport,large,30.23609,120.428865,CN,CN-33,Zhejiang Province,Hangzhou,https://www.hzairport.com/,https://en.wikipedia.org/wiki/Hangzhou_Xiaoshan_International_Airport
HZG,ZLHZ,Hanzhong Chenggu Airport,medium,33.133527,107.203817,CN,CN-61,Shaanxi Province,Hanzhong (Chenggu),,https://en.wikipedia.org/wiki/Hanzhong_Chenggu_Airport
HRB,ZYHB,Harbin Taiping International Airport,large,45.623402,126.25,CN,CN-23,Heilongjiang Province,Harbin,,https://en.wikipedia.org/wiki/Harbin_Taiping_International_Airport
HCJ,ZGHC,Hechi Jinchengjiang Airport,medium,24.804344,107.710819,CN,CN-45,Guangxi Autonomous Region,Hechi (Jinchengjiang),,https://en.wikipedia.org/wiki/Hechi_Jinchengjiang_Airport
HFE,ZSOF,Hefei Xinqiao International Airport,large,31.98779,116.9769,CN,CN-34,Anhui Province,Hefei,https://hfairport.com,https://en.wikipedia.org/wiki/Hefei_Xinqiao_International_Airport
HEK,ZYHE,Heihe Aihui Airport,medium,50.171621,127.308884,CN,CN-23,Heilongjiang Province,Heihe,,https://en.wikipedia.org/wiki/Heihe_Aihui_Airport
DTU,ZYDU,Wudalianchi Dedu Airport,medium,48.441037,126.128374,CN,CN-23,Heilongjiang Province,Heihe,,https://en.wikipedia.org/wiki/Wudalianchi_Dedu_Airport
HZA,ZSHZ,Heze Mudan Airport,medium,35.212972,115.736748,CN,CN-37,Shandong Province,Heze (Dingtao),,https://en.wikipedia.org/wiki/Heze_Mudan_Airport
HET,ZBHH,Hohhot Baita International Airport,large,40.849658,111.824598,CN,CN-15,Inner Mongolia Autonomous Region,Hohhot,http://www.hhhtbtjc.com/,https://en.wikipedia.org/wiki/Hohhot_Baita_International_Airport
HUO,ZBHZ,Holingol Huolinhe Airport,medium,45.487222,119.407222,CN,CN-15,Inner Mongolia Autonomous Region,Holingol,,https://en.wikipedia.org/wiki/Holingol_Huolinhe_Airport
HTN,ZWTN,Hotan Airport,medium,37.038502,79.864899,CN,CN-65,Xinjiang Autonomous Region,Hotan,,https://en.wikipedia.org/wiki/Hotan_Airport
HIA,ZSSH,Huai'an Lianshui Airport,large,33.792712,119.126657,CN,CN-32,Jiangsu Province,Huai'an,,https://en.wikipedia.org/wiki/Huai'an_Lianshui_International_Airport
HJJ,ZGCJ,Huaihua Zhijiang Airport,medium,27.443087,109.704666,CN,CN-43,Hunan Province,Huaihua,,https://en.wikipedia.org/wiki/Zhijiang_Airport
TXN,ZSTX,Huangshan Tunxi International Airport,large,29.733299,118.255997,CN,CN-34,Anhui Province,Huangshan,,https://en.wikipedia.org/wiki/Huangshan_Tunxi_International_Airport
HUZ,ZGHZ,Huizhou Pingtan Airport,medium,23.049999,114.599998,CN,CN-44,Guangdong Province,Huizhou (Pingtan),,https://en.wikipedia.org/wiki/Huizhou_Airport
YIN,ZWYN,Ili Yining International Airport,medium,43.955799,81.330299,CN,CN-65,Xinjiang Autonomous Region,Ili (Yining / Ghulja),,https://en.wikipedia.org/wiki/Ili_Yining_International_Airport
JGS,ZSGS,Jinggangshan Airport,medium,26.856899,114.737,CN,CN-36,Jiangxi Province,Ji'an,,https://en.wikipedia.org/wiki/Ji%27an_Jinggangshan_Airport
JGD,ZYJD,Daxing'anling Elunchun Airport,medium,50.371389,124.1175,CN,CN-23,Heilongjiang Province,Jiagedaqi,,https://en.wikipedia.org/wiki/Daxing%27anling_Elunchun_Airport
JMU,ZYJM,Jiamusi Songjiang International Airport,medium,46.842793,130.46426,CN,CN-23,Heilongjiang Province,Jiamusi,https://www.cah.com.cn/content/2023/03-09/7039420142224150528.html,https://en.wikipedia.org/wiki/Jiamusi_Dongjiao_Airport
JSJ,ZYJS,Jiansanjiang Shidi Airport,medium,47.108248,132.65792,CN,CN-23,Heilongjiang Province,Jiansanjiang,,https://en.wikipedia.org/wiki/Jiansanjiang_Airport
JGN,ZLJQ,Jiayuguan International Airport,large,39.859052,98.339344,CN,CN-62,Gansu Province,Jiayuguan,,https://en.wikipedia.org/wiki/Jiayuguan_Airport
SWA,ZGOW,Jieyang Chaoshan International Airport,large,23.552,116.5033,CN,CN-44,Guangdong Province,Jieyang (Rongcheng),,https://en.wikipedia.org/wiki/Jieyang_Chaoshan_International_Airport
TNA,ZSJN,Jinan Yaoqiang International Airport,large,36.857201,117.216003,CN,CN-37,Shandong Province,Jinan (Licheng),,https://en.wikipedia.org/wiki/Jinan_Yaoqiang_International_Airport
JIC,ZLJC,Jinchang Jinchuan Airport,medium,38.542222,102.348333,CN,CN-62,Gansu Province,Jinchang,,https://en.wikipedia.org/wiki/Jinchang_Jinchuan_Airport
JDZ,ZSJD,Jingdezhen Luojia Airport,medium,29.3386,117.176003,CN,CN-36,Jiangxi Province,Jingdezhen,,https://en.wikipedia.org/wiki/Jingdezhen_Luojia_Airport
JHG,ZPJH,Xishuangbanna Gasa International Airport,large,21.974648,100.762224,CN,CN-53,Yunnan Province,Jinghong (Gasa),,https://en.wikipedia.org/wiki/Xishuangbanna_Gasa_International_Airport
SHS,ZHJZ,Jingzhou Shashi Airport,medium,30.29281,112.44854,CN,CN-42,Hubei Province,Jingzhou (Shashi),,https://en.wikipedia.org/wiki/Jingzhou_Shashi_Airport
JNG,ZSJG,Jining Da'an Airport,medium,35.647358,116.743269,CN,CN-37,Shandong Province,Jining,,https://en.wikipedia.org/wiki/Jining_Da%27an_Airport
JNZ,ZYJZ,Jinzhou Bay Airport,medium,40.936032,121.277114,CN,CN-21,Liaoning Province,Jinzhou (Linghai),,https://en.wikipedia.org/wiki/Jinzhou_Bay_Airport
JXA,ZYJX,Jixi Xingkaihu Airport,medium,45.293,131.193,CN,CN-23,Heilongjiang Province,Jixi,,https://en.wikipedia.org/wiki/Jixi_Xingkaihu_Airport
KJH,ZUKJ,Kaili Huangping Airport,medium,26.972,107.988,CN,CN-52,Guizhou Province,Kaili  (Huangping),,https://en.wikipedia.org/wiki/Kaili_Huangping_Airport
KHG,ZWSH,Kashgar Laining International Airport,large,39.542273,76.02023,CN,CN-65,Xinjiang Autonomous Region,Kashgar,,https://en.wikipedia.org/wiki/Kashgar_Laining_International_Airport
KRL,ZWKL,Korla Licheng Airport,medium,41.614979,86.140817,CN,CN-65,Xinjiang Autonomous Region,Korla,,https://en.wikipedia.org/wiki/Korla_Licheng_Airport
KMG,ZPPP,Kunming Changshui International Airport,large,25.110313,102.936743,CN,CN-53,Yunnan Province,Kunming,,https://en.wikipedia.org/wiki/Kunming_Changshui_International_Airport
LHW,ZLLL,Lanzhou Zhongchuan International Airport,large,36.515202,103.620003,CN,CN-62,Gansu Province,Lanzhou (Yongdeng),http://lzzcairport.com/Home/Index,https://en.wikipedia.org/wiki/Lanzhou_Airport
LSG,,Leshan Airport,medium,29.438627,103.749218,CN,CN-51,Sichuan Province,Leshan (Wutongqiao),,
XIC,ZUXC,Xichang Qingshan Airport,medium,27.9891,102.183998,CN,CN-51,Sichuan Province,Liangshan (Xichang),,https://en.wikipedia.org/wiki/Xichang_Qingshan_Airport
LYG,ZSLG,Lianyungang Huaguoshan International Airport,large,34.41406,119.17899,CN,CN-32,Jiangsu Province,Lianyungang,,https://en.wikipedia.org/wiki/Lianyungang_Huaguoshan_International_Airport
LJG,ZPLJ,Lijiang Sanyi International Airport,large,26.677483,100.244944,CN,CN-53,Yunnan Province,Lijiang,,https://en.wikipedia.org/wiki/Lijiang_Sanyi_Airport
LNJ,ZPLC,Lincang Boshang Airport,medium,23.7381,100.025002,CN,CN-53,Yunnan Province,Lincang,,https://en.wikipedia.org/wiki/Lincang_Airport
CWJ,ZPCW,Cangyuan Washan Airport,medium,23.276331,99.373169,CN,CN-53,Yunnan Province,Lincang (Cangyuan),,https://en.wikipedia.org/wiki/Cangyuan_Washan_Airport
LFQ,ZBLF,Linfen Yaodu Airport,medium,36.132629,111.641236,CN,CN-14,Shanxi Province,Linfen (Yaodu),,https://en.wikipedia.org/wiki/Linfen_Qiaoli_Airport
LYI,ZSLY,Linyi Qiyang Airport,medium,35.052918,118.411828,CN,CN-37,Shandong Province,Linyi (Hedong),,https://en.wikipedia.org/wiki/Linyi_Airport
HZH,ZUNP,Liping Airport,medium,26.32217,109.1499,CN,CN-52,Guizhou Province,Liping,,https://en.wikipedia.org/wiki/Liping_Airport
LPF,ZUPS,Liupanshui Yuezhao Airport,medium,26.609417,104.979,CN,CN-52,Guizhou Province,Liupanshui (Zhongshan),,https://en.wikipedia.org/wiki/Liupanshui_Yuezhao_Airport
LZH,ZGZH,Liuzhou Bailian Airport / Bailian Air Base,medium,24.2075,109.390999,CN,CN-45,Guangxi Autonomous Region,Liuzhou (Liujiang),,https://en.wikipedia.org/wiki/Liuzhou_Bailian_Airport
LNL,ZLLN,Longnan Chengzhou Airport,medium,33.789918,105.790014,CN,CN-62,Gansu Province,Longnan (Cheng),,https://en.wikipedia.org/wiki/Longnan_Chengzhou_Airport
LCX,ZSLO,Liancheng Guanzhishan Airport,medium,25.67592,116.745907,CN,CN-35,Fujian Province,Longyan (Liancheng),,https://en.wikipedia.org/wiki/Liancheng_Guanzhishan_Airport
LYA,ZHLY,Luoyang Beijiao Airport,large,34.7411,112.388,CN,CN-41,Henan Province,Luoyang (Laocheng),,https://en.wikipedia.org/wiki/Luoyang_Beijiao_Airport
LZO,ZULZ,Luzhou Yunlong Airport,medium,29.030357,105.468407,CN,CN-51,Sichuan Province,Luzhou (Yunlong),,https://en.wikipedia.org/wiki/Luzhou_Yunlong_Airport
LLV,ZBLL,Lüliang Dawu Airport,medium,37.683333,111.142778,CN,CN-61,Shaanxi Province,Lüliang,,https://en.wikipedia.org/wiki/L%C3%BCliang_Airport
NZH,ZBMZ,Manzhouli Xijiao Airport,medium,49.566667,117.33,CN,CN-15,Inner Mongolia Autonomous Region,Manzhouli,,https://en.wikipedia.org/wiki/Manzhouli_Xijiao_Airport
HTT,ZLHX,Huatugou Airport,medium,38.201645,90.837843,CN,CN-63,Qinghai Province,Mengnai,,https://en.wikipedia.org/wiki/Huatugou_Airport
MIG,ZUMY,Mianyang Nanjiao Airport,medium,31.428101,104.740997,CN,CN-51,Sichuan Province,Mianyang (Fucheng),,https://en.wikipedia.org/wiki/Mianyang_Airport
OHE,ZYMH,Mohe Gulian Airport,medium,52.916871,122.422759,CN,CN-23,Heilongjiang Province,Mohe,,https://en.wikipedia.org/wiki/Mohe_Gulian_Airport
MDG,ZYMD,Mudanjiang Hailang International Airport,medium,44.525172,129.568634,CN,CN-23,Heilongjiang Province,Mudanjiang,,https://en.wikipedia.org/wiki/Mudanjiang_Hailang_International_Airport
KHN,ZSCN,Nanchang Changbei International Airport,large,28.864815,115.90271,CN,CN-36,Jiangxi Province,Nanchang,,https://en.wikipedia.org/wiki/Nanchang_Changbei_International_Airport
LZG,ZULA,Langzhong Gucheng Airport,medium,31.50191,106.034417,CN,CN-51,Sichuan Province,Nanchong (Langzhong),,https://en.wikipedia.org/wiki/Langzhong_Gucheng_Airport
NKG,ZSNJ,Nanjing Lukou International Airport,large,31.735032,118.865949,CN,CN-32,Jiangsu Province,Nanjing,,https://en.wikipedia.org/wiki/Nanjing_Lukou_International_Airport
NNG,ZGNN,Nanning Wuxu International Airport,large,22.598071,108.181922,CN,CN-45,Guangxi Autonomous Region,Nanning (Jiangnan),http://www.nnairport.com/,https://en.wikipedia.org/wiki/Nanning_Wuxu_International_Airport
NTG,ZSNT,Nantong Xingdong International Airport,medium,32.073566,120.980076,CN,CN-32,Jiangsu Province,Nantong (Tongzhou),,https://en.wikipedia.org/wiki/Nantong_Xingdong_Airport
JZH,ZUJZ,Jiuzhai Huanglong Airport,medium,32.853333,103.682222,CN,CN-51,Sichuan Province,Ngawa (Songpan),,https://en.wikipedia.org/wiki/Jiuzhai_Huanglong_Airport
NGB,ZSNB,Ningbo Lishe International Airport,large,29.8267,121.461998,CN,CN-33,Zhejiang Province,Ningbo,,https://en.wikipedia.org/wiki/Ningbo_Lishe_International_Airport
NLH,ZPNL,Ninglang Luguhu Airport,medium,27.5403,100.7593,CN,CN-53,Yunnan Province,Ninglang,,https://en.wikipedia.org/wiki/Ninglang_Luguhu_Airport
LZY,ZUNZ,Nyingchi Mainling Airport,medium,29.303301,94.335297,CN,CN-54,Tibet Autonomous Region,Nyingchi (Mainling),,https://en.wikipedia.org/wiki/Nyingchi_Airport
DSN,ZBDS,Ordos Ejin Horo International Airport,large,39.493514,109.8599,CN,CN-15,Inner Mongolia Autonomous Region,Ordos,,https://en.wikipedia.org/wiki/Ordos_Ejin_Horo_Airport
PZI,ZUZH,Panzhihua Bao'anying Airport,medium,26.54,101.79852,CN,CN-51,Sichuan Province,Panzhihua (Renhe),,https://en.wikipedia.org/wiki/Panzhihua_Bao'anying_Airport
JMJ,ZPJM,Lancang Jingmai Airport,medium,22.417733,99.784012,CN,CN-53,Yunnan Province,Pu'er (Lancang),,https://en.wikipedia.org/wiki/Lancang_Jingmai_Airport
YSQ,ZYSQ,Songyuan Chaganhu Airport,medium,44.931143,124.552121,CN,CN-22,Jilin Province,Qian Gorlos Mongol Autonomous County,,https://en.wikipedia.org/wiki/Songyuan_Chaganhu_Airport
JIQ,ZUQJ,Qianjiang Wulingshan Airport,medium,29.513333,108.831111,CN,CN-50,Chongqing Municipality,Qianjiang,,https://en.wikipedia.org/wiki/Qianjiang_Wulingshan_Airport
IQM,ZWCM,Qiemo Yudu Airport,medium,38.234516,85.465462,CN,CN-65,Xinjiang Autonomous Region,Qiemo,,https://en.wikipedia.org/wiki/Qiemo_Yudu_Airport
TAO,ZSQD,Qingdao Jiaodong International Airport,large,36.361953,120.088171,CN,CN-37,Shandong Province,Qingdao (Jiaozhou),,https://en.wikipedia.org/wiki/Qingdao_Jiaodong_International_Airport
IQN,ZLQY,Qingyang Xifeng Airport,medium,35.802638,107.598896,CN,CN-62,Gansu Province,Qingyang (Xifeng),,https://en.wikipedia.org/wiki/Qingyang_Airport
BPE,ZBDH,Qinhuangdao Beidaihe Airport,medium,39.666384,119.061384,CN,CN-13,Hebei Province,Qinhuangdao (Changli),,https://en.wikipedia.org/wiki/Qinhuangdao_Beidaihe_Airport
BAR,ZJQH,Qionghai Bo'ao Airport,medium,19.140951,110.452766,CN,CN-46,Hainan Province,Qionghai (Basuo),,https://en.wikipedia.org/wiki/Qionghai_Bo%27ao_Airport
NDG,ZYQQ,Qiqihar Sanjiazi Airport,large,47.229969,123.914179,CN,CN-23,Heilongjiang Province,Qiqihar,,https://en.wikipedia.org/wiki/Qiqihar_Airport
JJN,ZSQZ,Quanzhou Jinjiang International Airport,large,24.795855,118.588599,CN,CN-35,Fujian Province,Quanzhou,,https://en.wikipedia.org/wiki/Quanzhou_Jinjiang_International_Airport
JUZ,ZSJU,Quzhou Airport,medium,28.96613,118.898793,CN,CN-33,Zhejiang Province,Quzhou (Kezheng),,https://en.wikipedia.org/wiki/Quzhou_Airport
RIZ,ZSRZ,Rizhao Shanzihe Airport,medium,35.405033,119.324403,CN,CN-37,Shandong Province,Rizhao (Donggang),http://www.rzairport.com.cn/,https://en.wikipedia.org/wiki/Rizhao_Shanzihe_Airport
RQA,ZWRQ,Ruoqiang Loulan Airport,medium,38.974722,88.008333,CN,CN-65,Xinjiang Autonomous Region,Ruoqiang Town,,https://en.wikipedia.org/wiki/Ruoqiang_Loulan_Airport
SQJ,ZSSM,Sanming Shaxian Airport,medium,26.4263,117.8336,CN,CN-35,Fujian Province,Sanming (Sha),,https://en.wikipedia.org/wiki/Sanming_Shaxian_Airport
SYX,ZJSY,Sanya Phoenix International Airport,large,18.3029,109.412003,CN,CN-46,Hainan Province,Sanya (Tianya),,https://en.wikipedia.org/wiki/Sanya_Phoenix_International_Airport
QSZ,ZWSC,Shache Airport,medium,38.24542,77.056149,CN,CN-65,Xinjiang Autonomous Region,Shache,,https://en.wikipedia.org/wiki/Shache_Airport
SHA,ZSSS,Shanghai Hongqiao International Airport,large,31.198104,121.33426,CN,CN-31,Shanghai Municipality,Shanghai (Minhang),http://www.shairport.com/enhq/index.html,https://en.wikipedia.org/wiki/Shanghai_Hongqiao_International_Airport
PVG,ZSPD,Shanghai Pudong International Airport,large,31.1434,121.805,CN,CN-31,Shanghai Municipality,Shanghai (Pudong),https://www.shairport.com/enpd/,https://en.wikipedia.org/wiki/Shanghai_Pudong_International_Airport
SQD,ZSSR,Shangrao Sanqingshan Airport,medium,28.3797,117.9643,CN,CN-36,Jiangxi Province,Shangrao (Hengfeng),,https://en.wikipedia.org/wiki/Shangrao_Sanqingshan_Airport
LXA,ZULS,Lhasa Gonggar International Airport,large,29.298001,90.911951,CN,CN-54,Tibet Autonomous Region,Shannan (Gonggar),,https://en.wikipedia.org/wiki/Lhasa_Gonggar_Airport
HSC,ZGSG,Shaoguan Danxia Airport,medium,24.9786,113.420998,CN,CN-44,Guangdong Province,Shaoguan,,https://en.wikipedia.org/wiki/Shaoguan_Danxia_Airport
WGN,ZGSY,Shaoyang Wugang Airport,medium,26.806123,110.641042,CN,CN-43,Hunan Province,Shaoyang (Wugang),,https://en.wikipedia.org/wiki/Shaoyang_Wugang_Airport
HPG,ZHSN,Shennongjia Hongping Airport,medium,31.626,110.34,CN,CN-42,Hubei Province,Shennongjia (Hongping),,https://en.wikipedia.org/wiki/Shennongjia_Hongping_Airport
SHE,ZYTX,Shenyang Taoxian International Airport,large,41.6398,123.483668,CN,CN-21,Liaoning Province,Shenyang,,https://en.wikipedia.org/wiki/Shenyang_Taoxian_International_Airport
SZX,ZGSZ,Shenzhen Bao'an International Airport,large,22.639474,113.803262,CN,CN-44,Guangdong Province,Shenzhen,https://www.szairport.com/szairporten/index.shtml,https://en.wikipedia.org/wiki/Shenzhen_Bao'an_International_Airport
SJW,ZBSJ,Shijiazhuang Zhengding International Airport,large,38.280701,114.696999,CN,CN-13,Hebei Province,Shijiazhuang,,https://en.wikipedia.org/wiki/Shijiazhuang_Zhengding_International_Airport
NGQ,ZUAL,Ngari Gunsa Airport,medium,32.09794,80.053971,CN,CN-54,Tibet Autonomous Region,Shiquanhe,,https://en.wikipedia.org/wiki/Ngari_Gunsa_Airport
WDS,ZHSY,Shiyan Wudangshan Airport,medium,32.592889,110.906296,CN,CN-42,Hubei Province,Shiyan (Maojian),,https://en.wikipedia.org/wiki/Shiyan_Wudangshan_Airport
CHG,ZYCY,Chaoyang Airport,medium,41.538101,120.434998,CN,CN-21,Liaoning Province,"Shuangta, Chaoyang",,https://en.wikipedia.org/wiki/Chaoyang_Airport
SZH,ZBSG,Shuozhou Zirun Airport,medium,39.273241,112.691552,CN,CN-14,Shanxi Province,Shuozhou,,https://en.wikipedia.org/wiki/Shuozhou_Zirun_Airport
TYN,ZBYN,Taiyuan Wusu International Airport,large,37.746899,112.627998,CN,CN-14,Shanxi Province,Taiyuan,,https://en.wikipedia.org/wiki/Taiyuan_Wusu_International_Airport
HYN,ZSLQ,Taizhou Luqiao Airport,medium,28.562201,121.429001,CN,CN-33,Zhejiang Province,Taizhou (Luqiao),,https://en.wikipedia.org/wiki/Huangyan_Luqiao_Airport
WUZ,ZGWZ,Wuzhou Xijiang Airport,medium,23.40316,111.09331,CN,CN-45,Guangxi Autonomous Region,Tangbu,,https://en.wikipedia.org/wiki/Wuzhou_Xijiang_Airport
HQL,ZWTK,Tashikuergan Hongqilafu Airport,medium,37.661333,75.288877,CN,CN-65,Xinjiang Autonomous Region,Tashikuergan,,https://en.wikipedia.org/wiki/Tashkurgan_Airport
TSN,ZBTJ,Tianjin Binhai International Airport,large,39.124401,117.346001,CN,CN-12,Tianjin Municipality,Tianjin,,https://en.wikipedia.org/wiki/Tianjin_Binhai_International_Airport
THQ,ZLTS,Tianshui Maijishan Airport,medium,34.5601,105.860343,CN,CN-62,Gansu Province,Tianshui (Maiji),,https://en.wikipedia.org/wiki/Tianshui_Maijishan_Airport
TNH,ZYTN,Tonghua Sanyuanpu Airport,medium,42.048435,125.733963,CN,CN-22,Jilin Province,Tonghua,,https://en.wikipedia.org/wiki/Tonghua_Sanyuanpu_Airport
TGO,ZBTL,Tongliao Airport,medium,43.556702,122.199997,CN,CN-15,Inner Mongolia Autonomous Region,Tongliao,,https://en.wikipedia.org/wiki/Tongliao_Airport
TEN,ZUTR,Tongren Fenghuang Airport,medium,27.883333,109.308889,CN,CN-52,Guizhou Province,Tongren (Daxing),,https://en.wikipedia.org/wiki/Tongren_Fenghuang_Airport
TLQ,ZWTL,Turpan Jiaohe Airport,medium,43.0308,89.0987,CN,CN-65,Xinjiang Autonomous Region,Turpan,,https://en.wikipedia.org/wiki/Turpan_Jiaohe_Airport
UCB,ZBUC,Ulanqab Jining Airport,medium,41.130266,113.107274,CN,CN-15,Inner Mongolia Autonomous Region,Ulanqab,,https://en.wikipedia.org/wiki/Ulanqab_Jining_Airport
WEF,ZSWF,Weifang Nanyuan Airport,medium,36.646702,119.119003,CN,CN-37,Shandong Province,Weifang (Kuiwen),,https://en.wikipedia.org/wiki/Weifang_Airport
WEH,ZSWH,Weihai Dashuibo Airport,medium,37.187099,122.228996,CN,CN-37,Shandong Province,Weihai,,https://en.wikipedia.org/wiki/Weihai_Airport
WNZ,ZSWZ,Wenzhou Longwan International Airport,large,27.910572,120.853465,CN,CN-33,Zhejiang Province,Wenzhou (Longwan),,https://en.wikipedia.org/wiki/Wenzhou_Longwan_International_Airport
WUA,ZBUH,Wuhai Airport,medium,39.7934,106.7993,CN,CN-15,Inner Mongolia Autonomous Region,Wuhai,,https://en.wikipedia.org/wiki/Wuhai_Airport
WUH,ZHHH,Wuhan Tianhe International Airport,large,30.774798,114.213723,CN,CN-42,Hubei Province,Wuhan (Huangpi),http://www.whairport.com/,https://en.wikipedia.org/wiki/Wuhan_Tianhe_International_Airport
WHA,ZSWA,Wuhu Xuanzhou Airport,medium,31.1045,118.66687,CN,CN-34,Anhui Province,Wuhu,,https://en.wikipedia.org/wiki/Wuhu_Xuanzhou_Airport
CQW,ZUWL,Chongqing Xiannüshan Airport,medium,29.465658,107.693664,CN,CN-50,Chongqing Municipality,Wulong,,https://en.wikipedia.org/wiki/Chongqing_Xiannüshan_Airport
WUX,ZSWX,Sunan Shuofang International Airport,large,31.496952,120.43038,CN,CN-32,Jiangsu Province,Wuxi,,https://en.wikipedia.org/wiki/Wuxi_Shuofang_Airport
WUS,ZSWY,Nanping Wuyishan Airport,medium,27.7019,118.000999,CN,CN-35,Fujian Province,Wuyishan,,https://en.wikipedia.org/wiki/Wuyishan_Airport
XIY,ZLXY,Xi'an Xianyang International Airport,large,34.442207,108.762385,CN,CN-61,Shaanxi Province,Xi'an,https://www.xxia.com/,https://en.wikipedia.org/wiki/Xi'an_Xianyang_International_Airport
XMN,ZSAM,Xiamen Gaoqi International Airport,large,24.543889,118.127454,CN,CN-35,Fujian Province,Xiamen,http://www.xiagc.com.cn/enweb/,https://en.wikipedia.org/wiki/Xiamen_Gaoqi_International_Airport
XFN,ZHXF,Xiangyang Liuji Airport,medium,32.152222,112.291666,CN,CN-42,Hubei Province,Xiangyang (Xiangzhou),http://www.hbxyairport.com/,https://en.wikipedia.org/wiki/Xiangyang_Liuji_Airport
DDR,ZUDR,Shigatse Tingri Airport,medium,28.604567,86.798,CN,CN-54,Tibet Autonomous Region,Xigazê (Dingri),,https://en.wikipedia.org/wiki/Shigatse_Tingri_Airport
RKZ,ZURK,Xigaze Peace Airport / Shigatse Air Base,large,29.350876,89.299157,CN,CN-54,Tibet Autonomous Region,Xigazê (Samzhubzê),,https://en.wikipedia.org/wiki/Shigatse_Peace_Airport
XIL,ZBXH,Xilinhot Airport,medium,43.9156,115.963997,CN,CN-15,Inner Mongolia Autonomous Region,Xilinhot,,https://en.wikipedia.org/wiki/Xilinhot_Airport
ACX,ZUYI,Xingyi Wanfenglin Airport,medium,25.083423,104.960804,CN,CN-52,Guizhou Province,Xingyi,,https://en.wikipedia.org/wiki/Xingyi_Wanfenglin_Airport
XAI,ZHXY,Xinyang Minggang Airport,medium,32.540819,114.079141,CN,CN-41,Henan Province,Xinyang,,https://en.wikipedia.org/wiki/Xinyang_Minggang_Airport
NLT,ZWNL,Xinyuan Nalati Airport,medium,43.4318,83.3786,CN,CN-65,Xinjiang Autonomous Region,Xinyuan,,https://en.wikipedia.org/wiki/Xinyuan_Nalati_Airport
JNH,ZSJX,Jiaxing Nanhu Airport,medium,30.698056,120.663056,CN,CN-33,Zhejiang Province,"Xiuzhou, Hangzhou",,https://en.wikipedia.org/wiki/Jiaxing_Airport
XUZ,ZSXZ,Xuzhou Guanyin International Airport,medium,34.059056,117.555278,CN,CN-32,Jiangsu Province,Xuzhou,,https://en.wikipedia.org/wiki/Xuzhou_Guanyin_Airport
ENY,ZLYA,Yan'an Nanniwan Airport,medium,36.479413,109.464083,CN,CN-61,Shaanxi Province,Yan'an (Baota),,https://en.wikipedia.org/wiki/Yan%27an_Nanniwan_Airport
YNZ,ZSYN,Yancheng Nanyang International Airport,large,33.428317,120.20545,CN,CN-32,Jiangsu Province,Yancheng (Tinghu),,https://en.wikipedia.org/wiki/Yancheng_Nanyang_International_Airport
YTY,ZSYA,Yangzhou Taizhou Airport,medium,32.5634,119.7198,CN,CN-32,Jiangsu Province,Yangzhou,http://www.yztzairport.net/,https://en.wikipedia.org/wiki/Yangzhou_Taizhou_Airport
YNJ,ZYYJ,Yanji Chaoyangchuan Airport,medium,42.882801,129.451004,CN,CN-22,Jilin Province,Yanji,,https://en.wikipedia.org/wiki/Yanji_Chaoyangchuan_Airport
YNT,ZSYT,Yantai Penglai International Airport,large,37.659724,120.978124,CN,CN-37,Shandong Province,Yantai,http://www.ytairport.com.cn/,https://en.wikipedia.org/wiki/Yantai_Penglai_International_Airport
YBP,ZUYB,Yibin Wuliangye Airport,medium,28.858431,104.526157,CN,CN-51,Sichuan Province,Yibin (Cuiping),,https://en.wikipedia.org/wiki/Yibin_Wuliangye_Airport
YIH,ZHYC,Yichang Sanxia Airport,medium,30.554132,111.482563,CN,CN-42,Hubei Province,Yichang (Xiaoting),http://www.sanxiaairport.com/,https://en.wikipedia.org/wiki/Yichang_Sanxia_Airport
LDS,ZYLD,Yichun Lindu Airport,medium,47.752056,129.019125,CN,CN-23,Heilongjiang Province,Yichun,,https://en.wikipedia.org/wiki/Yichun_Lindu_Airport
YIC,ZSYC,Yichun Mingyueshan Airport,medium,27.8025,114.3062,CN,CN-36,Jiangxi Province,Yichun,,https://en.wikipedia.org/wiki/Yichun_Mingyueshan_Airport
INC,ZLIC,Yinchuan Hedong International Airport,large,38.322758,106.393214,CN,CN-64,Ningxia Autonomous Region,Yinchuan,https://ningxia.cwag.com/,https://en.wikipedia.org/wiki/Yinchuan_Hedong_International_Airport
YKH,ZYYK,Yingkou Lanqi Airport,medium,40.542524,122.3586,CN,CN-21,Liaoning Province,Yingkou (Laobian),,https://en.wikipedia.org/wiki/Yingkou_Lanqi_Airport
FUG,ZSFY,Fuyang Xiguan Airport,medium,32.882157,115.734364,CN,CN-34,Anhui Province,"Yingzhou, Fuyang",,https://en.wikipedia.org/wiki/Fuyang_Xiguan_Airport
YIW,ZSYW,Yiwu Airport,large,29.342095,120.03116,CN,CN-33,Zhejiang Province,Yiwu/Jinhua,,https://en.wikipedia.org/wiki/Yiwu_Airport
LLF,ZGLG,Yongzhou Lingling Airport,medium,26.338661,111.610043,CN,CN-43,Hunan Province,Yongzhou,,https://en.wikipedia.org/wiki/Yongzhou_Lingling_Airport
YYA,ZGYY,Yueyang Sanhe Airport,medium,29.311699,113.281574,CN,CN-43,Hunan Province,Yueyang (Yueyanglou),,https://en.wikipedia.org/wiki/Yueyang_Sanhe_Airport
YLX,ZGYL,Yulin Fumian Airport,medium,22.433042,110.119996,CN,CN-45,Guangxi Autonomous Region,Yulin,,https://en.wikipedia.org/wiki/Yulin_Fumian_Airport
UYN,ZLYL,Yulin Yuyang Airport,medium,38.35971,109.590927,CN,CN-61,Shaanxi Province,Yulin,http://www.cwag-yl.com/,https://en.wikipedia.org/wiki/Yulin_Yuyang_Airport
YCU,ZBYC,Yuncheng Yanhu International Airport,large,35.117823,111.034023,CN,CN-61,Shaanxi Province,Yuncheng (Yanhu),,https://en.wikipedia.org/wiki/Yuncheng_Zhangxiao_Airport
YUS,ZLYS,Yushu Batang Airport,medium,32.836389,97.036389,CN,CN-63,Qinghai Province,Yushu (Batang),,https://en.wikipedia.org/wiki/Yushu_Batang_Airport
NZL,ZBZL,Zhalantun Genghis Khan Airport,medium,47.865942,122.768662,CN,CN-15,Inner Mongolia Autonomous Region,Zhalantun,,https://en.wikipedia.org/wiki/Zhalantun_Chengjisihan_Airport
DYG,ZGDY,Zhangjiajie Hehua International Airport,large,29.104749,110.442786,CN,CN-43,Hunan Province,Zhangjiajie (Yongding),,https://en.wikipedia.org/wiki/Zhangjiajie_Hehua_Airport
ZQZ,ZBZJ,Zhangjiakou Ningyuan Airport,medium,40.738664,114.933395,CN,CN-13,Hebei Province,Zhangjiakou,,https://en.wikipedia.org/wiki/Zhangjiakou_Ningyuan_Airport
YZY,ZLZY,Zhangye Ganzhou Airport,medium,38.801899,100.675003,CN,CN-62,Gansu Province,Zhangye (Ganzhou),,https://en.wikipedia.org/wiki/Zhangye_Ganzhou_Airport
ZHA,ZGZJ,Zhanjiang Wuchuan International Airport,large,21.481667,110.590278,CN,CN-44,Guangdong Province,Zhanjiang,,https://en.wikipedia.org/wiki/Zhanjiang_Wuchuan_Airport
ZAT,ZPZT,Zhaotong Zhaoyang Airport,medium,27.205843,103.691511,CN,CN-53,Yunnan Province,Zhaotong,,https://wikipedia.org/wiki/Zhaotong_Zhaoyang_Airport
CGO,ZHCC,Zhengzhou Xinzheng International Airport,large,34.526497,113.849165,CN,CN-41,Henan Province,Zhengzhou,,https://en.wikipedia.org/wiki/Zhengzhou_Xinzheng_International_Airport
ZHY,ZLZW,Zhongwei Shapotou Airport,medium,37.573125,105.154454,CN,CN-64,Ningxia Autonomous Region,Zhongwei (Shapotou),,https://en.wikipedia.org/wiki/Zhongwei_Shapotou_Airport
HSN,ZSZS,Zhoushan Putuoshan International Airport,large,29.933874,122.362307,CN,CN-33,Zhejiang Province,Zhoushan,,https://en.wikipedia.org/wiki/Zhoushan_Putuoshan_International_Airport
ZUH,ZGSD,Zhuhai Jinwan Airport,large,22.006399,113.375999,CN,CN-44,Guangdong Province,Zhuhai (Jinwan),,https://en.wikipedia.org/wiki/Zhuhai_Jinwan_Airport
WMT,ZUMT,Zunyi Maotai Airport,medium,27.961837,106.435416,CN,CN-52,Guizhou Province,Zunyi,,https://en.wikipedia.org/wiki/Zunyi_Maotai_Airport
ZYI,ZUZY,Zunyi Xinzhou Airport,medium,27.810723,107.247189,CN,CN-52,Guizhou Province,Zunyi,,https://en.wikipedia.org/wiki/Zunyi_Xinzhou_Airport
URC,ZWWW,Ürümqi Tianshan International Airport,large,43.913584,87.479372,CN,CN-65,Xinjiang Autonomous Region,Ürümqi,,https://en.wikipedia.org/wiki/%C3%9Cr%C3%BCmqi_Tianshan_International_Airport
AUC,SKUC,Santiago Perez Airport,medium,7.06888,-70.7369,CO,CO-ARA,Arauca Department,Arauca,,https://en.wikipedia.org/wiki/Santiago_P%C3%A9rez_Airport
AXM,SKAR,El Eden Airport,medium,4.45278,-75.7664,CO,CO-QUI,Quindio Department,Armenia,,https://en.wikipedia.org/wiki/El_Ed%C3%A9n_Airport
BSC,SKBS,José Celestino Mutis Airport,medium,6.20292,-77.3947,CO,CO-CHO,Chocó Department,Bahía Solano,,https://en.wikipedia.org/wiki/Jos%C3%A9_Celestino_Mutis_Airport
EJA,SKEJ,Yariguíes Airport,medium,7.02433,-73.8068,CO,CO-SAN,Santander Department,Barrancabermeja,,https://en.wikipedia.org/wiki/Yarigu%C3%ADes_Airport
BAQ,SKBQ,Ernesto Cortissoz International Airport,large,10.8896,-74.7808,CO,CO-ATL,Atlántico Department,Barranquilla,,https://en.wikipedia.org/wiki/Ernesto_Cortissoz_International_Airport
BOG,SKBO,El Dorado International Airport,large,4.70159,-74.1469,CO,CO-DC,Bogotá Capital District,Bogota,https://eldorado.aero/,https://en.wikipedia.org/wiki/El_Dorado_International_Airport
BGA,SKBG,Palonegro Airport,medium,7.1265,-73.1848,CO,CO-SAN,Santander Department,Bucaramanga,,https://en.wikipedia.org/wiki/Palonegro_International_Airport
BUN,SKBU,Gerardo Tobar López Airport,medium,3.81963,-76.9898,CO,CO-VAC,Valle del Cauca Department,Buenaventura,,https://en.wikipedia.org/wiki/Gerardo_Tobar_L%C3%B3pez_Airport
CLO,SKCL,Alfonso Bonilla Aragon International Airport,large,3.542717,-76.381898,CO,CO-VAC,Valle del Cauca Department,Cali,https://www.aerocali.com.co/,https://en.wikipedia.org/wiki/Alfonso_Bonilla_Arag%C3%B3n_International_Airport
APO,SKLC,Antonio Roldán Betancur Airport,medium,7.81196,-76.7164,CO,CO-ANT,Antioquía Department,Carepa,,https://en.wikipedia.org/wiki/Antonio_Rold%C3%A1n_Betancur_Airport
CTG,SKCG,Rafael Nuñez International Airport,large,10.4424,-75.513,CO,CO-BOL,Bolívar Department,Cartagena,,https://en.wikipedia.org/wiki/Rafael_N%C3%BA%C3%B1ez_International_Airport
PSO,SKPS,Antonio Nariño Airport,medium,1.396722,-77.29093,CO,CO-NAR,Nariño Department,Chachagüí,,https://en.wikipedia.org/wiki/Antonio_Nari%C3%B1o_Airport
CZU,SKCZ,Las Brujas Airport,medium,9.33274,-75.2856,CO,CO-SUC,Sucre Department,Corozal,,https://en.wikipedia.org/wiki/Las_Brujas_Airport_(Colombia)
CUC,SKCC,Camilo Daza International Airport,medium,7.92757,-72.5115,CO,CO-NSA,Norte de Santander Department,Cúcuta,,https://en.wikipedia.org/wiki/Camilo_Daza_International_Airport
FLA,SKFL,Gustavo Artunduaga Paredes Airport,medium,1.58919,-75.5644,CO,CO-CAQ,Caquetá Department,Florencia,,https://en.wikipedia.org/wiki/Gustavo_Artunduaga_Paredes_Airport
GPI,SKGP,Guapi Airport,medium,2.57013,-77.897969,CO,CO-CAU,Cauca Department,Guapi,,https://en.wikipedia.org/wiki/Guapi_Airport
IBE,SKIB,Perales Airport,medium,4.42161,-75.1333,CO,CO-TOL,Tolima Department,Ibagué,,https://en.wikipedia.org/wiki/Perales_Airport
IPI,SKIP,San Luis Airport,medium,0.861946,-77.671783,CO,CO-NAR,Nariño Department,Ipiales,,https://en.wikipedia.org/wiki/San_Luis_Airport_(Colombia)
LET,SKLT,Alfredo Vásquez Cobo International Airport,medium,-4.191147,-69.942003,CO,CO-AMA,Amazonas Department,Leticia,,https://en.wikipedia.org/wiki/V%C3%A1squez_Cobo_International_Airport
MZL,SKMZ,La Nubia Airport,medium,5.0296,-75.4647,CO,CO-CAL,Caldas Department,Manizales,,https://en.wikipedia.org/wiki/La_Nubia_Airport
EOH,SKMD,Enrique Olaya Herrera Airport,medium,6.219686,-75.590597,CO,CO-ANT,Antioquía Department,Medellín,,https://en.wikipedia.org/wiki/Enrique_Olaya_Herrera_International_Airport
MDE,SKRG,Jose Maria Córdova International Airport,large,6.16454,-75.4231,CO,CO-ANT,Antioquía Department,Medellín,,https://en.wikipedia.org/wiki/Jos%C3%A9_Mar%C3%ADa_C%C3%B3rdova_International_Airport
MVP,SKMU,Fabio Alberto Leon Bentley Airport,medium,1.25366,-70.2339,CO,CO-VAU,Vaupés Department,Mitú,,https://en.wikipedia.org/wiki/Fabio_Alberto_Le%C3%B3n_Bentley_Airport
MTR,SKMR,Los Garzones Airport,medium,8.82374,-75.8258,CO,CO-COR,Córdoba Department,Montería,,https://en.wikipedia.org/wiki/Los_Garzones_Airport
NVA,SKNV,Benito Salas Airport,medium,2.95015,-75.294,CO,CO-HUI,Huila Department,Neiva,,https://en.wikipedia.org/wiki/Benito_Salas_Airport
PEI,SKPE,Matecaña International Airport,medium,4.81267,-75.7395,CO,CO-RIS,Risaralda Department,Pereira,http://aeromate.gov.co,https://en.wikipedia.org/wiki/Mateca%C3%B1a_International_Airport
PPN,SKPP,Guillermo León Valencia Airport,medium,2.454359,-76.609253,CO,CO-CAU,Cauca Department,Popayán,,https://en.wikipedia.org/wiki/Guillermo_Leon_Valencia_Airport
PVA,SKPV,El Embrujo Airport,medium,13.357461,-81.357977,CO,CO-SAP,"San Andrés, Providencia y Santa Catalina Department",Providencia,,https://en.wikipedia.org/wiki/El_Embrujo_Airport
PUU,SKAS,Tres De Mayo Airport,medium,0.505228,-76.5008,CO,CO-PUT,Putumayo Department,Puerto Asís,,https://en.wikipedia.org/wiki/Tres_de_Mayo_Airport
PCR,SKPC,German Olano Airport,medium,6.18472,-67.4932,CO,CO-VID,Vichada Department,Puerto Carreño,,https://en.wikipedia.org/wiki/Germ%C3%A1n_Olano_Airport
PDA,SKPD,Obando Cesar Gaviria Trujillo Airport,medium,3.85353,-67.9062,CO,CO-GUA,Guainía Department,Puerto Inírida,,https://en.wikipedia.org/wiki/Obando_Airport
UIB,SKUI,El Caraño Airport,medium,5.69076,-76.6412,CO,CO-CHO,Chocó Department,Quibdó,,https://en.wikipedia.org/wiki/El_Cara%C3%B1o_Airport
RCH,SKRH,Almirante Padilla Airport,medium,11.5262,-72.926,CO,CO-LAG,La Guajira Department,Riohacha,,https://en.wikipedia.org/wiki/Riohacha_Airport
ADZ,SKSP,Gustavo Rojas Pinilla International Airport,large,12.5836,-81.7112,CO,CO-SAP,"San Andrés, Providencia y Santa Catalina Department",San Andrés,,https://en.wikipedia.org/wiki/Gustavo_Rojas_Pinilla_International_Airport
SJE,SKSJ,Jorge E. Gonzalez Torres Airport,medium,2.57969,-72.6394,CO,CO-GUV,Guaviare Department,San José Del Guaviare,,https://en.wikipedia.org/wiki/Jorge_Enrique_Gonz%C3%A1lez_Torres_Airport
SVI,SKSV,Eduardo Falla Solano Airport,medium,2.15217,-74.7663,CO,CO-CAQ,Caquetá Department,San Vicente Del Caguán,,https://en.wikipedia.org/wiki/Eduardo_Falla_Solano_Airport
SMR,SKSM,Simón Bolívar International Airport,medium,11.1196,-74.2306,CO,CO-MAG,Magdalena Department,Santa Marta,,https://en.wikipedia.org/wiki/Sim%C3%B3n_Bol%C3%ADvar_International_Airport_(Colombia)
TME,SKTM,Gustavo Vargas Airport,medium,6.45108,-71.7603,CO,CO-ARA,Arauca Department,Tame,,https://en.wikipedia.org/wiki/Gabriel_Vargas_Santos_Airport
TCO,SKCO,La Florida Airport,medium,1.81442,-78.7492,CO,CO-NAR,Nariño Department,Tumaco,,https://en.wikipedia.org/wiki/La_Florida_Airport_(Colombia)
VUP,SKVP,Alfonso López Pumarejo Airport,medium,10.435,-73.2495,CO,CO-CES,César Department,Valledupar,,https://en.wikipedia.org/wiki/Valledupar_Airport
VVC,SKVV,Vanguardia Airport,medium,4.16787,-73.6138,CO,CO-MET,Meta Department,Villavicencio,,https://en.wikipedia.org/wiki/La_Vanguardia_Airport
EYP,SKYP,El Alcaravan - Yopal Airport,medium,5.31911,-72.384,CO,CO-CAS,Casanare Department,Yopal,,https://en.wikipedia.org/wiki/El_Alcarav%C3%A1n_Airport
GLF,MRGF,Golfito Airport,medium,8.65401,-83.182198,CR,CR-P,Puntarenas Province,Golfito,,https://en.wikipedia.org/wiki/Golfito_Airport
FON,MRAN,La Fortuna Arenal Airport,medium,10.469311,-84.579073,CR,CR-A,Alajuela Province,La Fortuna,,https://en.wikipedia.org/wiki/La_Fortuna_Arenal_Airport
LIR,MRLB,Daniel Oduber Quirós International Airport,large,10.5933,-85.544403,CR,CR-G,Guanacaste Province,Liberia,,https://en.wikipedia.org/wiki/Guanacaste_Airport
LIO,MRLM,Limón International Airport,medium,9.95796,-83.022003,CR,CR-L,Limón Province,Limón,,https://en.wikipedia.org/wiki/Lim%C3%B3n_International_Airport
NOB,MRNS,Nosara Airport,medium,9.97649,-85.653,CR,CR-G,Guanacaste Province,Nicoya,,https://en.wikipedia.org/wiki/Nosara_Airport
PJM,MRPJ,Puerto Jimenez Airport,medium,8.53333,-83.300003,CR,CR-P,Puntarenas Province,Puerto Jimenez,http://www.natureair.com/destinations/jimenez_costa_rica.html,https://en.wikipedia.org/wiki/Puerto_Jimenez_Airport
XQP,MRQP,Quepos Managua Airport,medium,9.44316,-84.129799,CR,CR-P,Puntarenas Province,Quepos,,https://en.wikipedia.org/wiki/Quepos_Managua_Airport
SYQ,MRPV,Tobías Bolaños International Airport,medium,9.95705,-84.139801,CR,CR-SJ,San José Province,San Jose,,https://en.wikipedia.org/wiki/Tob%C3%ADas_Bola%C3%B1os_International_Airport
SJO,MROC,Juan Santamaría International Airport,large,9.99386,-84.208801,CR,CR-A,Alajuela Province,San José (Alajuela),https://www.sjoairport.com/,https://en.wikipedia.org/wiki/Juan_Santamar%C3%ADa_International_Airport
BCA,MUBA,Gustavo Rizo Airport,medium,20.365299,-74.506203,CU,CU-14,Guantánamo Province,Baracoa,,https://en.wikipedia.org/wiki/Gustavo_Rizo_Airport
BYM,MUBY,Carlos Manuel de Cespedes Airport,medium,20.3964,-76.621399,CU,CU-12,Granma Province,Bayamo,,https://en.wikipedia.org/wiki/Carlos_Manuel_C%C3%A9spedes_Airport
CMW,MUCM,Ignacio Agramonte International Airport,large,21.419909,-77.848039,CU,CU-09,Camagüey Province,Camaguey,,https://en.wikipedia.org/wiki/Ignacio_Agramonte_International_Airport
CCC,MUCC,Jardines Del Rey Airport,medium,22.461,-78.3284,CU,CU-08,Ciego de Ávila Province,Cayo Coco,,https://en.wikipedia.org/wiki/Jardines_del_Rey_Airport
CYO,MUCL,Vilo Acuña International Airport,medium,21.616501,-81.545998,CU,CU-99,Isla de la Juventud (special municipality),Cayo Largo del Sur,,https://en.wikipedia.org/wiki/Vilo_Acu%C3%B1a_Airport
CFG,MUCF,Jaime Gonzalez Airport,medium,22.15,-80.4142,CU,CU-06,Cienfuegos Province,Cienfuegos,,https://en.wikipedia.org/wiki/Jaime_Gonz%C3%A1lez_Airport
HAV,MUHA,José Martí International Airport,large,22.989201,-82.409103,CU,CU-03,La Habana Province,Havana,,https://en.wikipedia.org/wiki/Jos%C3%A9_Mart%C3%AD_International_Airport
HOG,MUHG,Frank Pais International Airport,large,20.785148,-76.315526,CU,CU-11,Holguín Province,Holguin,,https://en.wikipedia.org/wiki/Frank_Pa%C3%ADs_Airport
VTU,MUVT,Hermanos Ameijeiras Airport,medium,20.9876,-76.935799,CU,CU-10,Las Tunas Province,Las Tunas,,https://en.wikipedia.org/wiki/Hermanos_Ameijeiras_Airport
MZO,MUMZ,Sierra Maestra International Airport,medium,20.288605,-77.087545,CU,CU-12,Granma Province,Manzanillo,,https://en.wikipedia.org/wiki/Sierra_Maestra_Airport
VRA,MUVR,Juan Gualberto Gomez International Airport,large,23.034401,-81.435303,CU,CU-04,Matanzas Province,Matanzas,,https://en.wikipedia.org/wiki/Juan_Gualberto_G%C3%B3mez_Airport
GER,MUNG,Rafael Cabrera Airport,medium,21.8347,-82.783798,CU,CU-99,Isla de la Juventud (special municipality),Nueva Gerona,,https://en.wikipedia.org/wiki/Rafael_P%C3%A9rez_Airport
SNU,MUSC,Abel Santamaria International Airport,large,22.492215,-79.943119,CU,CU-05,Villa Clara Province,Santa Clara,,https://en.wikipedia.org/wiki/Abel_Santa_Mar%C3%ADa_Airport
SCU,MUCU,Antonio Maceo International Airport,large,19.97474,-75.835504,CU,CU-13,Santiago de Cuba Province,Santiago,,https://en.wikipedia.org/wiki/Antonio_Maceo_Airport
TND,MUTD,Alberto Delgado Airport,medium,21.7883,-79.9972,CU,CU-07,Sancti Spíritus Province,Trinidad,,https://en.wikipedia.org/wiki/Alberto_Delgado_Airport
SID,GVAC,Amílcar Cabral International Airport,large,16.7414,-22.9494,CV,CV-B,Barlavento Islands,Espargos,,https://en.wikipedia.org/wiki/Am%C3%ADlcar_Cabral_International_Airport
RAI,GVNP,Nelson Mandela International Airport,large,14.941126,-23.484728,CV,CV-S,Sotavento Islands,Praia,https://www.vinci-airports.cv/aeroporto_asa/aeroporto-internacional-nelson-mandela/,https://en.wikipedia.org/wiki/Nelson_Mandela_International_Airport
SNE,GVSN,Preguiça Airport,medium,16.588852,-24.284132,CV,CV-B,Barlavento Islands,Preguiça,,https://en.wikipedia.org/wiki/Pregui%C3%A7a_Airport
BVC,GVBA,Aristides Pereira International Airport,large,16.136499,-22.888901,CV,CV-B,Barlavento Islands,Rabil,,https://en.wikipedia.org/wiki/Rabil_Airport
VXE,GVSV,Cesaria Evora International Airport,large,16.833363,-25.055308,CV,CV-B,Barlavento Islands,São Pedro,,https://en.wikipedia.org/wiki/S%C3%A3o_Pedro_Airport
MMO,GVMA,Maio Airport,medium,15.1559,-23.213699,CV,CV-S,Sotavento Islands,Vila do Maio,,https://en.wikipedia.org/wiki/Maio_Airport
CUR,TNCC,Hato International Airport,large,12.1889,-68.959801,CW,CW-U-A,(unassigned),Willemstad,,https://en.wikipedia.org/wiki/Hato_International_Airport
XCH,YPXM,Christmas Island International Airport,medium,-10.450387,105.6911,CX,CX-U-A,(unassigned),Flying Fish Cove,http://www.christmasislandairport.com/,https://en.wikipedia.org/wiki/Christmas_Island_Airport
LCA,LCLK,Larnaca International Airport,large,34.875099,33.624901,CY,CY-04,Larnaca District,Larnaca,http://www.cyprusairports.com.cy/showpage.php?PageID=2,https://en.wikipedia.org/wiki/Larnaca_International_Airport
PFO,LCPH,Paphos International Airport,large,34.717999,32.485699,CY,CY-06,Paphos District,Paphos,https://www.hermesairports.com/,https://en.wikipedia.org/wiki/Paphos_International_Airport
ECN,LCEN,Ercan International Airport,large,35.153064,33.507352,CY,CY-02,Nicosia District,Tymbou (Kirklar),,https://en.wikipedia.org/wiki/Ercan_International_Airport
BRQ,LKTB,Brno-Tuřany Airport,medium,49.151276,16.693972,CZ,CZ-JM,South Moravian Region,Brno,http://www.airport-brno.cz/index.php?id=0&lang=en,https://en.wikipedia.org/wiki/Brno-Tu%C5%99any_Airport
KLV,LKKV,Karlovy Vary Airport,large,50.202999,12.915,CZ,CZ-KA,Karlovy Vary Region,Karlovy Vary,http://www.airport-k-vary.cz/indexEN.php,https://en.wikipedia.org/wiki/Karlovy_Vary_Airport
OSR,LKMT,Leoš Janáček Airport Ostrava,large,49.696301,18.111099,CZ,CZ-MO,Moravian-Silesian Region,Mošnov,http://www.airport-ostrava.cz/en/,https://en.wikipedia.org/wiki/Ostrava_Leos_Janacek_Airport
PED,LKPD,Pardubice Airport,large,50.015049,15.73981,CZ,CZ-PA,Pardubice Region,Pardubice,http://www.airport-pardubice.cz/?lang=en,https://en.wikipedia.org/wiki/Pardubice_Airport
PRG,LKPR,Václav Havel Airport Prague,large,50.100874,14.259911,CZ,CZ-PR,Praha (Prague) (capital city),Prague,http://www.prg.aero,https://en.wikipedia.org/wiki/Václav_Havel_Airport_Prague
JCL,LKCS,České Budějovice South Bohemian Airport,large,48.948171,14.42832,CZ,CZ-JC,South Bohemian Region,České Budějovice,https://www.airport-cb.cz/,https://en.wikipedia.org/wiki/%C4%8Cesk%C3%A9_Bud%C4%9Bjovice_Airport
BER,EDDB,Berlin Brandenburg Airport,large,52.361738,13.502341,DE,DE-BR,Brandenburg,Berlin,https://ber.berlin-airport.de/,https://en.wikipedia.org/wiki/Berlin_Brandenburg_Airport
BRE,EDDW,Bremen Airport,large,53.046786,8.78932,DE,DE-HB,Bremen,Bremen,https://www.bremen-airport.com,https://en.wikipedia.org/wiki/Bremen_Airport
PAD,EDLP,Paderborn Lippstadt Airport,large,51.612527,8.617459,DE,DE-NW,North Rhine-Westphalia,Büren,,https://en.wikipedia.org/wiki/Paderborn_Lippstadt_Airport
KSF,EDVK,Kassel Airport,large,51.418395,9.391638,DE,DE-HE,Hesse,Calden,http://www.flughafenkassel.de/,https://en.wikipedia.org/wiki/Kassel_Airport
DTM,EDLW,Dortmund Airport,large,51.518299,7.61224,DE,DE-NW,North Rhine-Westphalia,Dortmund,https://www.dortmund-airport.com/,https://en.wikipedia.org/wiki/Dortmund_Airport
DRS,EDDC,Dresden Airport,large,51.134123,13.767831,DE,DE-SN,Saxony,Dresden,http://www.dresden-airport.de/en/index.html,https://en.wikipedia.org/wiki/Dresden_Airport
DUS,EDDL,Düsseldorf Airport,large,51.289501,6.76678,DE,DE-NW,North Rhine-Westphalia,Düsseldorf,http://www.dus.com/dus_en/,https://en.wikipedia.org/wiki/D%C3%BCsseldorf_Airport
ERF,EDDE,Erfurt-Weimar Airport,large,50.978281,10.960713,DE,DE-TH,Thuringia,Erfurt,http://www.airport-erfurt.de/,https://en.wikipedia.org/wiki/Erfurt_Airport
FRA,EDDF,Frankfurt Main Airport,large,50.026706,8.55835,DE,DE-HE,Hesse,Frankfurt am Main,https://www.frankfurt-airport.de/,https://en.wikipedia.org/wiki/Frankfurt_Airport
HHN,EDFH,Frankfurt-Hahn Airport,large,49.946353,7.261734,DE,DE-RP,Rhineland-Palatinate,Frankfurt am Main (Lautzenhausen),https://www.hahn-airport.de/en/home,https://en.wikipedia.org/wiki/Frankfurt-Hahn_Airport
FDH,EDNY,Bodensee Airport Friedrichshafen,large,47.671299,9.51149,DE,DE-BW,Baden-Württemberg,Friedrichshafen,https://www.bodensee-airport.eu,https://en.wikipedia.org/wiki/Friedrichshafen_Airport
FMO,EDDG,Münster Osnabrück Airport,large,52.133816,7.688482,DE,DE-NW,North Rhine-Westphalia,Greven,https://www.fmo.de/,https://en.wikipedia.org/wiki/M%C3%BCnster_Osnabr%C3%BCck_International_Airport
HAM,EDDH,Hamburg Helmut Schmidt Airport,large,53.630402,9.98823,DE,DE-HH,Hamburg,Hamburg,https://www.hamburg-airport.de/en/,https://en.wikipedia.org/wiki/Hamburg_Airport
HAJ,EDDV,Hannover Airport,large,52.461102,9.68508,DE,DE-NI,Lower Saxony,Hannover,https://www.hannover-airport.de,https://en.wikipedia.org/wiki/Hanover/Langenhagen_International_Airport
CGN,EDDK,Cologne Bonn Airport,large,50.865898,7.14274,DE,DE-NW,North Rhine-Westphalia,Köln (Cologne),http://www.koeln-bonn-airport.de/en/,https://en.wikipedia.org/wiki/Cologne_Bonn_Airport
RLG,ETNL,Rostock-Laage Airport,medium,53.918201,12.2783,DE,DE-MV,Mecklenburg-Vorpommern,Laage,,https://en.wikipedia.org/wiki/Rostock-Laage_Airport
LBC,EDHL,Lübeck Blankensee Airport,medium,53.805401,10.7192,DE,DE-SH,Schleswig-Holstein,Lübeck,https://www.flughafen-luebeck.de/en/home,https://en.wikipedia.org/wiki/L%C3%BCbeck_Airport
MHG,EDFM,Mannheim-City Airport,medium,49.473057,8.514167,DE,DE-BW,Baden-Württemberg,Mannheim,http://www.flugplatz-mannheim.de/,https://en.wikipedia.org/wiki/Mannheim_City_Airport
FMM,EDJA,Memmingen Allgau Airport,large,47.988092,10.238248,DE,DE-BY,Bavaria,Memmingen,,https://en.wikipedia.org/wiki/Memmingen_Airport
MUC,EDDM,Munich Airport,large,48.353802,11.7861,DE,DE-BY,Bavaria,Munich,http://www.munich-airport.com/,https://en.wikipedia.org/wiki/Munich_Airport
NUE,EDDN,Nuremberg Airport,large,49.498699,11.078056,DE,DE-BY,Bavaria,Nuremberg,https://www.airport-nuernberg.de/english,https://en.wikipedia.org/wiki/Nuremberg_Airport
FKB,EDSB,Karlsruhe Baden-Baden Airport,large,48.7794,8.0805,DE,DE-BW,Baden-Württemberg,Rheinmünster,http://www.baden-airpark.de/startseite.html,https://en.wikipedia.org/wiki/Baden_Airpark
SCN,EDDR,Saarbrücken Airport,medium,49.214545,7.109735,DE,DE-SL,Saarland,Saarbrücken,http://www.flughafen-saarbruecken.de/,https://en.wikipedia.org/wiki/Saarbr%C3%BCcken_Airport
LEJ,EDDP,Leipzig/Halle Airport,large,51.420657,12.232705,DE,DE-SN,Saxony,Schkeuditz,https://www.mdf-ag.com/,https://en.wikipedia.org/wiki/Leipzig/Halle_Airport
STR,EDDS,Stuttgart Airport,large,48.689899,9.22196,DE,DE-BW,Baden-Württemberg,Stuttgart,http://www.flughafen-stuttgart.de/,https://en.wikipedia.org/wiki/Stuttgart_Airport
GWT,EDXW,Westerland Sylt Airport,medium,54.9132,8.34047,DE,DE-SH,Schleswig-Holstein,Sylt,https://www.flughafen-sylt.de,https://en.wikipedia.org/wiki/Sylt_Airport
NRN,EDLV,Weeze (Niederrhein) Airport,large,51.601362,6.141228,DE,DE-NW,North Rhine-Westphalia,Weeze,http://www.airport-weeze.de/de,https://en.wikipedia.org/wiki/Airport_Weeze
FCN,ETMN,Sea-Airport Cuxhaven/Nordholz / Nordholz Naval Airbase,medium,53.767689,8.659201,DE,DE-NI,Lower Saxony,Wurster Nordseeküste,,https://en.wikipedia.org/wiki/Nordholz_Naval_Airbase
HDF,EDAH,Heringsdorf Airport,medium,53.8787,14.1523,DE,DE-MV,Mecklenburg-Vorpommern,Zirchow,https://www.flughafen-heringsdorf.de/,https://en.wikipedia.org/wiki/Heringsdorf_Airport
JIB,HDAM,Djibouti-Ambouli Airport,large,11.5473,43.1595,DJ,DJ-DJ,Djibouti Region,Djibouti City,,https://en.wikipedia.org/wiki/Djibouti-Ambouli_International_Airport
AAL,EKYT,Aalborg Airport,large,57.094763,9.84993,DK,DK-81,North Jutland,Aalborg,http://www.aal.dk,https://en.wikipedia.org/wiki/Aalborg_Airport
AAR,EKAH,Aarhus Airport,large,56.303331,10.618286,DK,DK-82,Central Jutland,Aarhus,http://www.aar.dk/,https://en.wikipedia.org/wiki/Aarhus_Airport
BLL,EKBI,Billund Airport,large,55.740335,9.157019,DK,DK-83,South Denmark,Billund,http://www.billund-airport.dk/?sc_lang=en,https://en.wikipedia.org/wiki/Billund_Airport
CPH,EKCH,Copenhagen Kastrup Airport,large,55.617901,12.656,DK,DK-84,Capital Region,Copenhagen,http://www.cph.dk/en/,https://en.wikipedia.org/wiki/Copenhagen_Airport
EBJ,EKEB,Esbjerg Airport,medium,55.525902,8.5534,DK,DK-83,South Denmark,Esbjerg,http://www.esbjerg-lufthavn.dk/en/,https://en.wikipedia.org/wiki/Esbjerg_Airport
KRP,EKKA,Midtjyllands Airport / Air Base Karup,medium,56.297139,9.104311,DK,DK-82,Central Jutland,Karup,,https://en.wikipedia.org/wiki/Midtjyllands_Airport
ODE,EKOD,Odense Hans Christian Andersen Airport,large,55.475307,10.327206,DK,DK-83,South Denmark,Odense,,https://en.wikipedia.org/wiki/Hans_Christian_Andersen_Airport
RKE,EKRK,Copenhagen Roskilde Airport,medium,55.585602,12.1314,DK,DK-85,Zealand,Roskilde,,https://en.wikipedia.org/wiki/Roskilde_Airport
RNN,EKRN,Bornholm Airport,medium,55.063301,14.7596,DK,DK-84,Capital Region,Rønne,http://www.bornholms-lufthavn.dk/en/,https://en.wikipedia.org/wiki/Bornholm_Airport
SGD,EKSB,Sønderborg Airport,medium,54.964401,9.79173,DK,DK-83,South Denmark,Sønderborg,,https://en.wikipedia.org/wiki/S%C3%B8nderborg_Airport
DCF,TDCF,Canefield Airport,medium,15.336693,-61.392108,DM,DM-10,Saint Paul Parish,Canefield,,https://en.wikipedia.org/wiki/Canefield_Airport
DOM,TDPD,Douglas-Charles Airport,medium,15.546673,-61.301082,DM,DM-02,Saint Andrew Parish,Marigot,,https://en.wikipedia.org/wiki/Douglas%E2%80%93Charles_Airport
BRX,MDBH,Maria Montez International Airport,medium,18.251499,-71.120399,DO,DO-04,Barahona Province,Barahona,,https://en.wikipedia.org/wiki/Mar%C3%ADa_Montez_International_Airport
JBQ,MDJB,La Isabela International Airport,medium,18.5725,-69.985603,DO,DO-01,Distrito Nacional,La Isabela,,https://en.wikipedia.org/wiki/La_Isabela_International_Airport
LRM,MDLR,Casa De Campo International Airport,large,18.452222,-68.911111,DO,DO-12,La Romana Province,La Romana,http://romanaairport.com,https://en.wikipedia.org/wiki/La_Romana_International_Airport
POP,MDPP,Gregorio Luperon International Airport,medium,19.7579,-70.57,DO,DO-18,Puerto Plata Province,Puerto Plata,https://aeropuertopuertoplata.com/?q=en,https://en.wikipedia.org/wiki/Gregorio_Luper%C3%B3n_International_Airport
PUJ,MDPC,Punta Cana International Airport,large,18.567093,-68.364558,DO,DO-11,La Altagracia Province,Punta Cana,https://www.puntacanainternationalairport.com/,https://en.wikipedia.org/wiki/Punta_Cana_International_Airport
AZS,MDCY,Samaná El Catey International Airport,medium,19.269259,-69.737405,DO,DO-20,Samaná Province,Samana,,https://en.wikipedia.org/wiki/Saman%C3%A1_El_Catey_International_Airport
STI,MDST,Cibao International Airport,large,19.40406,-70.604431,DO,DO-25,Santiago de los Caballeros Province,Santiago,https://cibaoairport.com,https://en.wikipedia.org/wiki/Cibao_International_Airport
SDQ,MDSD,Las Américas International Airport,large,18.429701,-69.6689,DO,DO-01,Distrito Nacional,Santo Domingo,http://www.aerodom.com/app/do/lasamericas.aspx,https://en.wikipedia.org/wiki/Las_Am%C3%A9ricas_International_Airport
AZR,DAUA,Touat-Cheikh Sidi Mohamed Belkebir Airport,medium,27.837601,-0.186414,DZ,DZ-01,Adrar Province,Adrar,,https://en.wikipedia.org/wiki/Touat_Cheikh_Sidi_Mohamed_Belkebir_Airport
ALG,DAAG,Houari Boumediene Airport,large,36.693886,3.214531,DZ,DZ-16,Algiers Province,Algiers,,https://en.wikipedia.org/wiki/Houari_Boumediene_Airport
AAE,DABB,Annaba Rabah Bitat Airport,large,36.826781,7.81334,DZ,DZ-23,Annaba Province,Annaba,,https://en.wikipedia.org/wiki/Rabah_Bitat_Airport
BLJ,DABT,Batna Mostefa Ben Boulaid Airport,large,35.752102,6.30859,DZ,DZ-05,Batna Province,Batna,,https://en.wikipedia.org/wiki/Batna_Airport
BSK,DAUB,Biskra - Mohamed Khider Airport,large,34.79318,5.738899,DZ,DZ-07,Biskra Province,Biskra,,https://en.wikipedia.org/wiki/Biskra_Airport
BMW,DATM,Bordj Badji Mokhtar Airport,medium,21.3778,0.92698,DZ,DZ-52,Bordj Baji Mokhtar Province,Bordj Badji Mokhtar,,https://en.wikipedia.org/wiki/Bordj_Mokhtar_Airport
CBH,DAOR,Béchar Boudghene Ben Ali Lotfi Airport,medium,31.6457,-2.26986,DZ,DZ-08,Béchar Province,Béchar,,https://en.wikipedia.org/wiki/B%C3%A9char_Ouakda_Airport
BJA,DAAE,Soummam–Abane Ramdane Airport,large,36.712547,5.069909,DZ,DZ-06,Béjaïa Province,Béjaïa,,https://en.wikipedia.org/wiki/Abane_Ramdane_Airport
CFK,DAOI,Chlef Aboubakr Belkaid International Airport,large,36.216614,1.341114,DZ,DZ-02,Chlef Province,Chlef,,https://en.wikipedia.org/wiki/Chlef_International_Airport
CZL,DABC,Mohamed Boudiaf International Airport,large,36.276001,6.62039,DZ,DZ-25,Constantine Province,Constantine,https://www.egsa-constantine.dz/constantine.html,https://en.wikipedia.org/wiki/Mohamed_Boudiaf_International_Airport
DJG,DAAJ,Tiska Djanet Airport,large,24.285448,9.463652,DZ,DZ-56,Djanet Province,Djanet,,https://en.wikipedia.org/wiki/Djanet_Inedbirene_Airport
GHA,DAUG,Noumérat - Moufdi Zakaria Airport,medium,32.384102,3.79411,DZ,DZ-47,Ghardaïa Province,El Atteuf,,https://en.wikipedia.org/wiki/Noumerate_Airport
ELG,DAUE,El Golea Airport,medium,30.580732,2.861595,DZ,DZ-50,El Menia Province,El Menia,,https://en.wikipedia.org/wiki/El_Golea_Airport
ORN,DAOO,Oran Es-Sénia (Ahmed Ben Bella) International Airport,large,35.620648,-0.622486,DZ,DZ-31,Oran Province,Es-Sénia,,https://en.wikipedia.org/wiki/Oran_Es_Senia_Airport
ELU,DAUO,Guemar Airport - مطار قمار بالوادي,medium,33.511398,6.77679,DZ,DZ-39,El Oued Province,Guemar,,https://en.wikipedia.org/wiki/Guemar_Airport
HME,DAUH,Hassi Messaoud-Oued Irara Krim Belkacem Airport,medium,31.673,6.14044,DZ,DZ-30,Ouargla Province,Hassi Messaoud,,https://en.wikipedia.org/wiki/Oued_Irara_Airport
VVZ,DAAP,Illizi Takhamalt Airport,medium,26.723499,8.62265,DZ,DZ-33,Illizi Province,Illizi,,https://en.wikipedia.org/wiki/Illizi_Airport
IAM,DAUZ,Zarzaitine - In Aménas Airport,medium,28.0515,9.64291,DZ,DZ-33,Illizi Province,In Aménas,,https://en.wikipedia.org/wiki/In_Amenas_Airport
INZ,DAUI,In Salah Airport,medium,27.250999,2.51202,DZ,DZ-57,In Salah Province,In Salah,,https://en.wikipedia.org/wiki/In_Salah_Airport
LOO,DAUL,Laghouat - Molay Ahmed Medeghri Airport,medium,33.7644,2.92834,DZ,DZ-03,Laghouat Province,Laghouat,,https://en.wikipedia.org/wiki/L%27Mekrareg_Airport
MZW,DAAY,Mecheria Airport,medium,33.5359,-0.242353,DZ,DZ-45,Naama Province,Mecheria,,http://fr.wikipedia.org/wiki/A%C3%A9roport_de_Mecheria
OGX,DAUU,Ain Beida Airport,medium,31.9172,5.41278,DZ,DZ-30,Ouargla Province,Ouargla,,https://en.wikipedia.org/wiki/Ain_Beida_Airport
QSF,DAAS,Ain Arnat Airport,medium,36.178488,5.329909,DZ,DZ-19,Sétif Province,Sétif,https://www.egsa-constantine.dz/setif.html,https://en.wikipedia.org/wiki/Ain_Arnat_Airport
GJL,DAAV,Jijel Ferhat Abbas Airport,large,36.794125,5.873652,DZ,DZ-18,Jijel Province,Tahir,,https://en.wikipedia.org/wiki/Jijel_Ferhat_Abbas_Airport
TMR,DAAT,Aguenar – Hadj Bey Akhamok Airport,large,22.810992,5.450832,DZ,DZ-11,Tamanrasset Province,Tamanrasset,,https://en.wikipedia.org/wiki/Tamanrasset_Airport
TMX,DAUT,Timimoun Airport,medium,29.237101,0.276033,DZ,DZ-54,Timimoun Province,Timimoun,,https://en.wikipedia.org/wiki/Timimoun_Airport
TIN,DAOF,Tindouf Airport,medium,27.700399,-8.1671,DZ,DZ-37,Tindouf Province,Tindouf,,https://en.wikipedia.org/wiki/Tindouf_Airport
TGR,DAUK,Touggourt Sidi Madhi Airport,medium,33.067799,6.08867,DZ,DZ-55,Touggourt Province,Touggourt,,https://en.wikipedia.org/wiki/Touggourt_Sidi_Madhi_Airport
TEE,DABS,Cheikh Larbi Tébessi Airport,medium,35.431599,8.12072,DZ,DZ-12,Tébessa Province,Tébessi,,https://en.wikipedia.org/wiki/T%C3%A9bessa_Airport
TLM,DAON,Zenata – Messali El Hadj Airport,large,35.012732,-1.457117,DZ,DZ-13,Tlemcen Province,Zenata,,https://en.wikipedia.org/wiki/Zenata_%E2%80%93_Messali_El_Hadj_Airport
OCC,SECO,Francisco De Orellana Airport,medium,-0.462886,-76.986801,EC,EC-D,Orellana Province,Coca,,https://en.wikipedia.org/wiki/Francisco_de_Orellana_Airport
CUE,SECU,Mariscal Lamar Airport,medium,-2.88947,-78.984398,EC,EC-A,Azuay Province,Cuenca,,https://en.wikipedia.org/wiki/Mariscal_Lamar_International_Airport
GYE,SEGU,José Joaquín de Olmedo International Airport,large,-2.15742,-79.883598,EC,EC-G,Guayas Province,Guayaquil,,https://en.wikipedia.org/wiki/José_Joaquín_de_Olmedo_International_Airport
GPS,SEGS,Seymour Galapagos Ecological Airport,medium,-0.453758,-90.2659,EC,EC-W,Galapagos Province,Isla Baltra,https://ecogal.aero/en/,https://en.wikipedia.org/wiki/Seymour_Airport
LTX,SELT,Cotopaxi International Airport,medium,-0.906833,-78.615799,EC,EC-X,Cotopaxi Province,Latacunga,,https://en.wikipedia.org/wiki/Cotopaxi_International_Airport
XMS,SEMC,Coronel E Carvajal Airport,medium,-2.29917,-78.120796,EC,EC-S,Morona-Santiago Province,Macas,,https://en.wikipedia.org/wiki/Macas_Airport
MEC,SEMT,Eloy Alfaro International Airport,medium,-0.946078,-80.678802,EC,EC-M,Manabi Province,Manta,,https://en.wikipedia.org/wiki/Manta_Air_Base
UIO,SEQM,Mariscal Sucre International Airport,large,-0.125399,-78.354306,EC,EC-P,Pichincha Province,Quito,https://www.aeropuertoquito.aero/?lang=en,https://en.wikipedia.org/wiki/Mariscal_Sucre_International_Airport
SNC,SESA,General Ulpiano Paez International Airport,large,-2.210057,-80.985067,EC,EC-25,Santa Elena Province,Salinas/La Libertad,,https://en.wikipedia.org/wiki/General_Ulpiano_Paez_Airport
ETR,SERO,Santa Rosa - Artillery Colonel Victor Larrea International Airport,medium,-3.441986,-79.996957,EC,EC-O,El Oro Province,Santa Rosa,,https://en.wikipedia.org/wiki/Santa_Rosa_International_Airport
ESM,SETN,Carlos Concha Torres International Airport,large,0.978519,-79.626602,EC,EC-E,Esmeraldas Province,Tachina,,https://en.wikipedia.org/wiki/Colonel_Carlos_Concha_Torres_Airport
TUA,SETU,Lieutenant Colonel Luis A. Mantilla International Airport,medium,0.809506,-77.708099,EC,EC-C,Carchi Province,Tulcán,,https://en.wikipedia.org/wiki/Teniente_Coronel_Luis_a_Mantilla_International_Airport
URE,EEKE,Kuressaare Airport,medium,58.2299,22.509501,EE,EE-74,Saare County,Kuressaare,http://www.eeke.ee/,https://en.wikipedia.org/wiki/Kuressaare_Airport
KDL,EEKA,Kärdla Airport,medium,58.990799,22.8307,EE,EE-39,Hiiu County,Kärdla,,https://en.wikipedia.org/wiki/K%C3%A4rdla_Airport
EPU,EEPU,Pärnu Airport,medium,58.418999,24.472799,EE,EE-67,Pärnu County,Pärnu,,https://en.wikipedia.org/wiki/P%C3%A4rnu_Airport
TLL,EETN,Lennart Meri Tallinn Airport,large,59.413246,24.83264,EE,EE-37,Harju County,Tallinn,https://airport.ee/,https://en.wikipedia.org/wiki/Tallinn_Airport
TAY,EETU,Tartu Airport,medium,58.307438,26.686473,EE,EE-7B,Tartu County,Tartu,https://tartu-airport.ee,https://en.wikipedia.org/wiki/Tartu_Airport
ABS,HEBL,Abu Simbel Airport,medium,22.375924,31.611734,EG,EG-ASN,Aswan Governorate,Abu Simbel,,https://en.wikipedia.org/wiki/Abu_Simbel_Airport
SPX,HESX,Sphinx International Airport,large,30.108179,30.895728,EG,EG-GZ,Giza Governorate,Al Jiza,https://airportsphinx.com/,https://en.wikipedia.org/wiki/Sphinx_International_Airport
HBE,HEAX,Alexandria International Airport,large,30.93249,29.696437,EG,EG-ALX,Alexandria Governorate,Alexandria,,https://en.wikipedia.org/wiki/Borg_El_Arab_Airport
ASW,HESN,Aswan International Airport,large,23.961075,32.820382,EG,EG-ASN,Aswan Governorate,Aswan,https://aswan-airport.com,https://en.wikipedia.org/wiki/Aswan_International_Airport
ATZ,HEAT,Asyut International Airport,large,27.045962,31.01276,EG,EG-AST,Asyut Governorate,Asyut,,https://en.wikipedia.org/wiki/Assiut_Airport
CAI,HECA,Cairo International Airport,large,30.111534,31.396694,EG,EG-C,Cairo Governorate,Cairo,,https://en.wikipedia.org/wiki/Cairo_International_Airport
DBB,HEAL,El Alamein International Airport,large,30.924324,28.46161,EG,EG-MT,Matruh Governorate,El Alamein,,https://en.wikipedia.org/wiki/El_Alamein_International_Airport
AAC,HEAR,El Arish International Airport,large,31.055324,33.827964,EG,EG-SIN,North Sinai Governorate,El Arish,,https://en.wikipedia.org/wiki/El_Arish_International_Airport
HRG,HEGN,Hurghada International Airport,large,27.176776,33.796692,EG,EG-BA,Red Sea Governorate,Hurghada,,https://en.wikipedia.org/wiki/Hurghada_International_Airport
LXR,HELX,Luxor International Airport,large,25.671018,32.706446,EG,EG-LX,Luxor Governorate,Luxor,,https://en.wikipedia.org/wiki/Luxor_International_Airport
RMF,HEMA,Marsa Alam International Airport,large,25.555548,34.59245,EG,EG-BA,Red Sea Governorate,Marsa Alam,https://www.marsaalam-airport.com,https://en.wikipedia.org/wiki/Marsa_Alam_International_Airport
MUH,HEMM,Mersa Matruh International Airport,large,31.324313,27.22227,EG,EG-MT,Matruh Governorate,Marsa Matruh,,https://en.wikipedia.org/wiki/Mersa_Matruh_Airport
CCE,HECP,Capital International Airport,medium,30.06465,31.839974,EG,EG-C,Cairo Governorate,New Cairo,,https://en.wikipedia.org/wiki/Capital_International_Airport_(Egypt)
PSD,HEPS,Port Said International Airport,large,31.279285,32.240582,EG,EG-PTS,Port Said Governorate,Port Said,http://en.wikipedia.org/wiki/Port_Said_Airport,https://en.wikipedia.org/wiki/Port_Said_Airport
SSH,HESH,Sharm El Sheikh International Airport,large,27.977272,34.394717,EG,EG-JS,South Sinai Governorate,Sharm El Sheikh,,https://en.wikipedia.org/wiki/Sharm_el-Sheikh_International_Airport
HMB,HESG,Suhaj International Airport,large,26.342515,31.743017,EG,EG-SHG,Sohag Governorate,Suhaj,,https://en.wikipedia.org/wiki/Sohag_International_Airport
TCP,HETB,Taba International Airport,medium,29.594496,34.775752,EG,EG-JS,South Sinai Governorate,Taba,,https://en.wikipedia.org/wiki/Taba_International_Airport
VIL,GMMH,Dakhla Airport,large,23.7183,-15.932,EH,EH-U-A,(unassigned),Dakhla,,https://en.wikipedia.org/wiki/Dakhla_Airport
EUN,GMML,Laayoune Hassan I International Airport,large,27.142467,-13.224947,EH,EH-U-A,(unassigned),El Aaiún,,https://en.wikipedia.org/wiki/Hassan_Airport
SMW,GMMA,Smara Airport,medium,26.731987,-11.683655,EH,EH-U-A,(unassigned),Smara,,https://en.wikipedia.org/wiki/Smara_Airport
ASM,HHAS,Asmara International Airport,medium,15.2919,38.910702,ER,ER-SK,Northern Red Sea Region,Asmara,,https://en.wikipedia.org/wiki/Asmara_International_Airport
VIT,LEVT,Vitoria Airport,medium,42.882801,-2.72447,ES,ES-PV,Basque Country,Alava,https://www.aena.es/en/vitoria.html,https://en.wikipedia.org/wiki/Vitoria_Airport
ALC,LEAL,Alicante-Elche Miguel Hernández Airport,large,38.2822,-0.558156,ES,ES-VC,Valencia (community),Alicante,https://www.aena.es/en/alicante-elche.html,https://en.wikipedia.org/wiki/Alicante–Elche_Miguel_Hernández_Airport
LEI,LEAM,Almería Airport,medium,36.843899,-2.3701,ES,ES-AN,Andalucía,Almería,https://www.aena.es/en/almeria.html,https://en.wikipedia.org/wiki/Almer%C3%ADa_International_Airport
BJZ,LEBZ,Badajoz Airport,medium,38.8913,-6.82133,ES,ES-EX,Extremadura,Badajoz,https://www.aena.es/en/badajoz.html,https://en.wikipedia.org/wiki/Badajoz_Airport
BCN,LEBL,Josep Tarradellas Barcelona-El Prat Airport,large,41.2971,2.07846,ES,ES-CT,Catalonia,Barcelona,https://www.aena.es/en/josep-tarradellas-barcelona-el-prat.html,https://en.wikipedia.org/wiki/Barcelona%E2%80%93El_Prat_Airport
BIO,LEBB,Bilbao Airport,large,43.301102,-2.91061,ES,ES-PV,Basque Country,Bilbao,https://www.aena.es/en/bilbao.html,https://en.wikipedia.org/wiki/Bilbao_Airport
CDT,LECH,Castellón-Costa Azahar Airport,medium,40.213889,0.073333,ES,ES-VC,Valencia (community),Castellón de la Plana,https://www.aeroportcastello.com/,https://en.wikipedia.org/wiki/Castell%C3%B3n%E2%80%93Costa_Azahar_Airport
RMU,LEMI,Region of Murcia International Airport,large,37.802852,-1.124884,ES,ES-MC,Murcia (region),Corvera,https://www.aena.es/en/internacional-region-de-murcia.html,https://en.wikipedia.org/wiki/Murcia-Corvera_Airport
LCG,LECO,A Coruña Airport,medium,43.302101,-8.37726,ES,ES-GA,Galicia,Culleredo,https://www.aena.es/en/a-coruna.html,https://en.wikipedia.org/wiki/A_Coru%C3%B1a_Airport
ODB,LEBA,Córdoba Airport,medium,37.841999,-4.84888,ES,ES-AN,Andalucía,Córdoba,https://www.aena.es/en/cordoba.html,https://en.wikipedia.org/wiki/C%C3%B3rdoba_Airport
VDE,GCHI,El Hierro Airport,medium,27.8148,-17.8871,ES,ES-CN,Canary Islands,El Hierro Island,https://www.aena.es/en/el-hierro.html,https://en.wikipedia.org/wiki/El_Hierro_Airport
FUE,GCFV,Fuerteventura Airport,large,28.4527,-13.8638,ES,ES-CN,Canary Islands,El Matorral,https://www.aena.es/en/fuerteventura.html,https://en.wikipedia.org/wiki/Fuerteventura_Airport
GRO,LEGE,Girona-Costa Brava Airport,large,41.904639,2.761774,ES,ES-CT,Catalonia,Girona,https://www.aena.es/en/girona-costa-brava.html,https://en.wikipedia.org/wiki/Girona-Costa_Brava_Airport
LPA,GCLP,Gran Canaria Airport,large,27.9319,-15.3866,ES,ES-CN,Canary Islands,Gran Canaria Island,https://www.aena.es/en/gran-canaria.html,https://en.wikipedia.org/wiki/Gran_Canaria_Airport
GRX,LEGR,F.G.L. Airport Granada-Jaén Airport,medium,37.188702,-3.77736,ES,ES-AN,Andalucía,Granada,https://www.aena.es/en/f.g.l.-granada-jaen.html,https://en.wikipedia.org/wiki/Federico_Garc%C3%ADa_Lorca_Airport
EAS,LESO,San Sebastián Airport,medium,43.356499,-1.79061,ES,ES-PV,Basque Country,Hondarribia,https://www.aena.es/en/san-sebastian.html,https://en.wikipedia.org/wiki/San_Sebasti%C3%A1n_Airport
IBZ,LEIB,Ibiza Airport,large,38.872898,1.37312,ES,ES-IB,Islas Baleares,Ibiza (Eivissa),https://www.aena.es/en/ibiza.html,https://en.wikipedia.org/wiki/Ibiza_Airport
XRY,LEJR,Jerez Airport,medium,36.744598,-6.06011,ES,ES-AN,Andalucía,Jerez de la Frontera,https://www.aena.es/en/jerez.html,https://en.wikipedia.org/wiki/Jerez_Airport
LEU,LESU,Pirineus - la Seu d'Urgel Airport,medium,42.3386,1.40917,ES,ES-CT,Catalonia,La Seu d'Urgell Pyrenees and Andorra,http://www10.gencat.net/ptop/AppJava/cat/aerotrans/aerodroms/aerodroms/pirineus.jsp,https://en.wikipedia.org/wiki/La_Seu_d'Urgell_Airport
LEN,LELN,León Airport,medium,42.590709,-5.653406,ES,ES-CL,Castilla y León,La Virgen del Camino,https://www.aena.es/en/leon.html,https://en.wikipedia.org/wiki/Le%C3%B3n_Airport
ILD,LEDA,Lleida-Alguaire Airport,medium,41.728185,0.535023,ES,ES-CT,Catalonia,Lleida,http://www.aeroportlleida.cat/?L=2,https://en.wikipedia.org/wiki/Lleida-Alguaire_Airport
RJL,LERJ,Logroño-Agoncillo Airport,medium,42.460953,-2.322235,ES,ES-RI,La Rioja,Logroño,https://www.aena.es/en/logrono-agoncillo.html,https://en.wikipedia.org/wiki/Logro%C3%B1o%E2%80%93Agoncillo_Airport
MAD,LEMD,Adolfo Suárez Madrid–Barajas Airport,large,40.493407,-3.572249,ES,ES-MD,Madrid (community),Madrid,https://www.aena.es/en/adolfo-suarez-madrid-barajas.html,https://en.wikipedia.org/wiki/Adolfo_Su%C3%A1rez_Madrid%E2%80%93Barajas_Airport
MAH,LEMH,Menorca Airport,large,39.862598,4.21865,ES,ES-IB,Islas Baleares,Mahón (Maó),https://www.aena.es/en/menorca.html,https://en.wikipedia.org/wiki/Menorca_Airport
MLN,GEML,Melilla Airport,medium,35.2798,-2.95626,ES,ES-ML,Melilla (city),Melilla,https://www.aena.es/en/melilla.html,https://en.wikipedia.org/wiki/Melilla_Airport
AGP,LEMG,Málaga-Costa del Sol Airport,large,36.6749,-4.49911,ES,ES-AN,Andalucía,Málaga,https://www.aena.es/en/malaga-costa-del-sol.html,https://en.wikipedia.org/wiki/M%C3%A1laga_Airport
PMI,LEPA,Palma de Mallorca Airport,large,39.551701,2.73881,ES,ES-IB,Islas Baleares,Palma de Mallorca,https://www.aena.es/en/palma-de-mallorca.html,https://en.wikipedia.org/wiki/Son_Sant_Joan_Airport
PNA,LEPP,Pamplona Airport,medium,42.77,-1.64633,ES,ES-NC,Navarra,Pamplona,https://www.aena.es/en/pamplona.html,https://en.wikipedia.org/wiki/Pamplona_Airport
OVD,LEAS,Asturias Airport,large,43.563599,-6.03462,ES,ES-AS,Asturias,Ranón,https://www.aena.es/en/asturias.html,https://en.wikipedia.org/wiki/Asturias_Airport
REU,LERS,Reus Airport,large,41.147509,1.168354,ES,ES-CT,Catalonia,Reus,https://www.aena.es/en/reus.html,https://en.wikipedia.org/wiki/Reus_Airport
SLM,LESA,Salamanca Airport,medium,40.952099,-5.50199,ES,ES-CL,Castilla y León,Salamanca,https://www.aena.es/en/salamanca.html,https://en.wikipedia.org/wiki/Salamanca_Airport
ACE,GCRR,César Manrique-Lanzarote Airport,large,28.945499,-13.6052,ES,ES-CN,Canary Islands,San Bartolomé,https://www.lanzaroteairport.info/barrier-free-disability-assistance-service/,https://en.wikipedia.org/wiki/Lanzarote_Airport
SDR,LEXJ,Seve Ballesteros-Santander Airport,medium,43.427101,-3.82001,ES,ES-CB,Cantabria,Santander,https://www.aena.es/en/seve-ballesteros-santander.html,https://en.wikipedia.org/wiki/Santander_Airport
SCQ,LEST,Santiago-Rosalía de Castro Airport,large,42.896301,-8.41514,ES,ES-GA,Galicia,Santiago de Compostela,https://www.aena.es/en/santiago-rosalia-de-castro.html,https://en.wikipedia.org/wiki/Santiago_de_Compostela_Airport
SVQ,LEZL,Seville Airport,large,37.417999,-5.89311,ES,ES-AN,Andalucía,Seville,https://www.aena.es/en/seville.html,https://en.wikipedia.org/wiki/Seville_Airport
SPC,GCLA,La Palma Airport,medium,28.626499,-17.7556,ES,ES-CN,Canary Islands,"Sta Cruz de la Palma, La Palma Island",https://www.aena.es/en/la-palma.html,https://en.wikipedia.org/wiki/La_Palma_Airport
TFN,GCXO,Tenerife Norte-Ciudad de La Laguna Airport,large,28.482752,-16.341707,ES,ES-CN,Canary Islands,Tenerife,https://www.aena.es/en/tenerife-norte-ciudad-de-la-laguna.html,https://en.wikipedia.org/wiki/Los_Rodeos_Airport
TFS,GCTS,Tenerife Sur Airport,large,28.0445,-16.5725,ES,ES-CN,Canary Islands,Tenerife,https://www.aena.es/en/tenerife-sur.html,https://en.wikipedia.org/wiki/Tenerife%E2%80%93South_Airport
VLC,LEVC,Valencia Airport,large,39.489162,-0.480961,ES,ES-VC,Valencia (community),Valencia,https://www.aena.es/en/valencia.html,https://en.wikipedia.org/wiki/Valencia_Airport
VLL,LEVD,Valladolid Airport,medium,41.7061,-4.85194,ES,ES-CL,Castilla y León,Valladolid,https://www.aena.es/en/valladolid.html,https://en.wikipedia.org/wiki/Valladolid_Airport
VGO,LEVX,Vigo Airport,medium,42.2318,-8.62677,ES,ES-GA,Galicia,Vigo,https://www.aena.es/en/vigo.html,https://en.wikipedia.org/wiki/Vigo-Peinador_Airport
ZAZ,LEZG,Zaragoza Airport,large,41.666199,-1.04155,ES,ES-AR,Aragón,Zaragoza,https://www.aena.es/en/zaragoza.html,https://en.wikipedia.org/wiki/Zaragoza_Airport
ADD,HAAB,Addis Ababa Bole International Airport,large,8.97789,38.799301,ET,ET-AA,Addis Ababa,Addis Ababa,http://www.ethiopianairports.com,https://en.wikipedia.org/wiki/Addis_Ababa_Bole_International_Airport
AMH,HAAM,Arba Minch Airport,medium,6.03939,37.5905,ET,ET-SN,"Southern Nations, Nationalities, and Peoples' Region",Arba Minch,,https://en.wikipedia.org/wiki/Arba_Minch_Airport
ASO,HASO,Asosa Airport,medium,10.0185,34.5863,ET,ET-BE,Benishangul-Gumuz Region,Asosa,,https://en.wikipedia.org/wiki/Asosa_Airport
AXU,HAAX,Axum Airport,medium,14.1468,38.7728,ET,ET-TI,Tigray Region,Axum,,https://en.wikipedia.org/wiki/Axum_Airport
GDQ,HAGN,Gondar Airport,medium,12.5199,37.433998,ET,ET-AM,Amhara Region,Azezo,,https://en.wikipedia.org/wiki/Gondar_Airport
BJR,HABD,Bahir Dar Airport,medium,11.6081,37.321602,ET,ET-AM,Amhara Region,Bahir Dar,,https://en.wikipedia.org/wiki/Bahir_Dar_Airport
DIR,HADR,Aba Tenna Dejazmach Yilma International Airport,large,9.623549,41.855027,ET,ET-DD,Dire Dawa,Dire Dawa,,https://en.wikipedia.org/wiki/Aba_Tenna_Dejazmach_Yilma_International_Airport
GMB,HAGM,Gambela Airport,medium,8.12876,34.563099,ET,ET-GA,Gambela Region,Gambela,,https://en.wikipedia.org/wiki/Gambela_Airport
GDE,HAGO,Gode Airport,medium,5.93513,43.578602,ET,ET-SO,Somali Region,Gode,,https://en.wikipedia.org/wiki/Gode_Airport
AWA,HALA,Hawassa International Airport,large,7.100611,38.396455,ET,ET-XSD,Sidama Region,Hawassa,,https://en.wikipedia.org/wiki/Awasa_Airport
JIJ,HAJJ,Gerad Wilwal International Airport,large,9.331907,42.911811,ET,ET-SO,Somali Region,Jijiga,,https://en.wikipedia.org/wiki/Jijiga_Airport
JIM,HAJM,Jimma Airport,medium,7.66609,36.816601,ET,ET-OR,Oromia Region,Jimma,,https://en.wikipedia.org/wiki/Aba_Segud_Airport
BCO,HABC,Jinka Airport,medium,5.749655,36.560165,ET,ET-SN,"Southern Nations, Nationalities, and Peoples' Region",Jinka,,https://en.wikipedia.org/wiki/Baco_Airport
ABK,HAKD,Kebri Dahar Airport,medium,6.732577,44.241339,ET,ET-SO,Somali Region,Kebri Dahar,,https://en.wikipedia.org/wiki/Kabri_Dar_Airport
MQX,HAMK,Mekele Alula Aba Nega Airport,medium,13.4674,39.533501,ET,ET-TI,Tigray Region,Mekele,,https://en.wikipedia.org/wiki/Alula_Aba_Nega_Airport
ENF,EFET,Enontekio Airport,medium,68.362602,23.424299,FI,FI-10,Lapland Region,Enontekio,http://www.finavia.fi/en/enontekio/,https://en.wikipedia.org/wiki/Enonteki%C3%B6_Airport
HEL,EFHK,Helsinki Vantaa Airport,large,60.318363,24.963341,FI,FI-18,Uusimaa Region,Helsinki (Vantaa),https://www.finavia.fi/en/airports/helsinki-airport,https://en.wikipedia.org/wiki/Helsinki_Airport
IVL,EFIV,Ivalo Airport,large,68.6073,27.4053,FI,FI-10,Lapland Region,Ivalo,http://www.finavia.fi/en/ivalo/,https://en.wikipedia.org/wiki/Ivalo_Airport
JOE,EFJO,Joensuu Airport,medium,62.658815,29.619398,FI,FI-13,North Karelia Region,Joensuu,http://www.finavia.fi/en/joensuu/,https://en.wikipedia.org/wiki/Joensuu_Airport
JYV,EFJY,Jyväskylä Airport,medium,62.399502,25.678301,FI,FI-08,Central Finland Region,Jyväskylän Maalaiskunta,https://www.finavia.fi/en/jyvaskyla/,https://en.wikipedia.org/wiki/Jyv%C3%A4skyl%C3%A4_Airport
KAJ,EFKI,Kajaani Airport,medium,64.2855,27.6924,FI,FI-05,Kainuu Region,Kajaani,https://www.finavia.fi/en/kajaani/,https://en.wikipedia.org/wiki/Kajaani_Airport
KEM,EFKE,Kemi-Tornio Airport,medium,65.778702,24.5821,FI,FI-10,Lapland Region,Kemi / Tornio,http://www.finavia.fi/en/kemi-tornio/,https://en.wikipedia.org/wiki/Kemi-Tornio_Airport
KTT,EFKT,Kittilä International Airport,large,67.700996,24.8468,FI,FI-10,Lapland Region,Kittilä,http://www.finavia.fi/en/kittila/,https://en.wikipedia.org/wiki/Kittil%C3%A4_Airport
KOK,EFKK,Kokkola-Pietarsaari Airport,medium,63.721199,23.143101,FI,FI-07,Central Ostrobothnia Region,Kokkola / Kruunupyy,https://www.finavia.fi/en/kokkola-pietarsaari/,https://en.wikipedia.org/wiki/Kokkola-Pietarsaari_Airport
KUO,EFKU,Kuopio Airport,large,63.007099,27.7978,FI,FI-15,Northern Savonia Region,Kuopio / Siilinjärvi,https://www.finavia.fi/en/kuopio/,https://en.wikipedia.org/wiki/Kuopio_Airport
KAO,EFKS,Kuusamo Airport,medium,65.987602,29.239401,FI,FI-14,North Ostrobothnia Region,Kuusamo,http://www.finavia.fi/en/kuusamo/,https://en.wikipedia.org/wiki/Kuusamo_Airport
LPP,EFLP,Lappeenranta Airport,large,61.044601,28.144743,FI,FI-02,South Karelia Region,Lappeenranta,https://lppairport.fi/en,https://en.wikipedia.org/wiki/Lappeenranta_Airport
MHQ,EFMA,Mariehamn Airport,medium,60.1222,19.898199,FI,FI-01,Åland Islands Region,Mariehamn,http://www.finavia.fi/en/mariehamn/,https://en.wikipedia.org/wiki/Mariehamn_Airport
OUL,EFOU,Oulu Airport,large,64.930099,25.354601,FI,FI-14,North Ostrobothnia Region,Oulu / Oulunsalo,https://www.finavia.fi/en/oulu/,https://en.wikipedia.org/wiki/Oulu_Airport
POR,EFPO,Pori Airport,medium,61.4617,21.799999,FI,FI-17,Satakunta Region,Pori,http://www.finavia.fi/en/pori/,https://en.wikipedia.org/wiki/Pori_Airport
RVN,EFRO,Rovaniemi Airport,large,66.563327,25.829751,FI,FI-10,Lapland Region,Rovaniemi,http://www.finavia.fi/en/rovaniemi/,https://en.wikipedia.org/wiki/Rovaniemi_Airport
SVL,EFSA,Savonlinna Airport,medium,61.9431,28.945101,FI,FI-04,Southern Savonia Region,Savonlinna,http://www.finavia.fi/en/savonlinna/,https://en.wikipedia.org/wiki/Savonlinna_Airport
TMP,EFTP,Tampere-Pirkkala Airport,large,61.414101,23.604401,FI,FI-11,Pirkanmaa Region,Tampere / Pirkkala,https://www.finavia.fi/en/tampere-pirkkala/,https://en.wikipedia.org/wiki/Tampere-Pirkkala_Airport
TKU,EFTU,Turku Airport,large,60.514099,22.2628,FI,FI-19,Southwest Finland Region,Turku,https://www.finavia.fi/en/turku/,https://en.wikipedia.org/wiki/Turku_Airport
VAA,EFVA,Vaasa Airport,large,63.05023,21.762543,FI,FI-12,Ostrobothnia Region,Vaasa,http://www.finavia.fi/en/vaasa/,https://en.wikipedia.org/wiki/Vaasa_Airport
LBS,NFNL,Labasa Airport,medium,-16.4667,179.339996,FJ,FJ-N,Northern Division,Labasa,,https://en.wikipedia.org/wiki/Lambasa_Airport
NAN,NFFN,Nadi International Airport,large,-17.761822,177.437843,FJ,FJ-W,Western Division,Nadi,,https://en.wikipedia.org/wiki/Nadi_International_Airport
SUV,NFNA,Nausori International Airport,large,-18.044226,178.561486,FJ,FJ-C,Central Division,Nausori,,https://en.wikipedia.org/wiki/Nausori_International_Airport
MPN,EGYP,Mount Pleasant Airport / RAF Mount Pleasant,medium,-51.822642,-58.445777,FK,FK-U-A,(unassigned),Mount Pleasant,https://www.raf.mod.uk/our-organisation/stations/mount-pleasant-complex/,https://en.wikipedia.org/wiki/RAF_Mount_Pleasant
KSA,PTSA,Kosrae International Airport,large,5.35698,162.957993,FM,FM-KSA,Kosrae State,Okat,,https://en.wikipedia.org/wiki/Kosrae_International_Airport
PNI,PTPN,Pohnpei International Airport,medium,6.985082,158.20992,FM,FM-PNI,Pohnpei State,Pohnpei Island,http://www.ppa.fm/en/,https://en.wikipedia.org/wiki/Pohnpei_International_Airport
TKK,PTKK,Chuuk International Airport,large,7.46187,151.843002,FM,FM-TRK,Chuuk State,Weno Island,https://tci.gov.fm/civilaviation/chuuk.html,https://en.wikipedia.org/wiki/Chuuk_International_Airport
YAP,PTYA,Yap International Airport,large,9.49891,138.082993,FM,FM-YAP,Yap State,Yap Island,http://www.ict.fm/civilaviation/yap.html,https://en.wikipedia.org/wiki/Yap_International_Airport
FAE,EKVG,Vágar Airport,large,62.063256,-7.275782,FO,FO-U-A,(unassigned),Vágar,https://www.fae.fo/,https://en.wikipedia.org/wiki/V%C3%A1gar_Airport
AJA,LFKJ,Ajaccio Napoléon Bonaparte airport,medium,41.923599,8.80292,FR,FR-COR,Corsica,Ajaccio,,https://en.wikipedia.org/wiki/Ajaccio_-_Campo_dell'Oro_Airport
NCY,LFLP,Annecy Meythet airport,medium,45.928947,6.0987,FR,FR-ARA,Auvergne-Rhône-Alpes,Annecy,https://www.annecy-airport.com/en,https://en.wikipedia.org/wiki/Annecy_-_Haute-Savoie_-_Mont_Blanc_Airport
AUR,LFLW,Aurillac airport,medium,44.891399,2.42194,FR,FR-ARA,Auvergne-Rhône-Alpes,Aurillac,,https://en.wikipedia.org/wiki/Aurillac_Airport
AVN,LFMV,Avignon Caumont airport,medium,43.907299,4.90183,FR,FR-PAC,Provence-Alpes-Côte-d'Azur,Avignon,https://avignon.aero/,https://en.wikipedia.org/wiki/Avignon_-_Caumont_Airport
BIA,LFKB,Bastia-Poretta International airport,large,42.5527,9.48373,FR,FR-COR,Corsica,Bastia,https://bastia-aeroport.cci.corsica/,https://en.wikipedia.org/wiki/Bastia_-_Poretta_Airport
BVA,LFOB,Beauvais-Tillé airport,large,49.454399,2.11278,FR,FR-HDF,Hauts-de-France,Beauvais,https://www.aeroportparisbeauvais.com/,https://en.wikipedia.org/wiki/Paris_Beauvais_Till%C3%A9_Airport
EGC,LFBE,Bergerac Dordogne-Périgord airport,medium,44.825298,0.518611,FR,FR-NAQ,Nouvelle-Aquitaine,Bergerac,https://www.bergerac.aeroport.fr/,https://en.wikipedia.org/wiki/Bergerac_Dordogne_P%C3%A9rigord_Airport
BIQ,LFBZ,Biarritz Pays Basque airport,medium,43.468372,-1.523223,FR,FR-NAQ,Nouvelle-Aquitaine,Biarritz,https://biarritz.aeroport.fr/en/,https://en.wikipedia.org/wiki/Biarritz_-_Anglet_-_Bayonne_Airport
BOD,LFBD,Bordeaux–Mérignac Airport,large,44.82865,-0.715356,FR,FR-NAQ,Nouvelle-Aquitaine,Bordeaux,https://www.bordeaux.aeroport.fr/,https://en.wikipedia.org/wiki/Bordeaux%E2%80%93M%C3%A9rignac_Airport
BES,LFRB,Brest Bretagne airport,large,48.447899,-4.41854,FR,FR-BRE,Brittany,Brest,https://www.brest.aeroport.bzh,https://en.wikipedia.org/wiki/Brest_Bretagne_Airport
BVE,LFSL,Brive Souillac airport,medium,45.039722,1.485556,FR,FR-NAQ,Nouvelle-Aquitaine,Brive,http://www.aeroport-brive-vallee-dordogne.fr,https://fr.wikipedia.org/wiki/Aéroport_de_Brive-Souillac
BSL,LFSB,EuroAirport Basel–Mulhouse–Freiburg,large,47.60068,7.521117,FR,FR-GES,Grand Est,Bâle / Mulhouse,http://www.euroairport.com/,https://en.wikipedia.org/wiki/EuroAirport_Basel-Mulhouse-Freiburg
BZR,LFMU,Béziers Vias airport,medium,43.323502,3.3539,FR,FR-OCC,Occitanie,Béziers,https://beziers.aeroport.fr/en/,https://en.wikipedia.org/wiki/B%C3%A9ziers-Agde-Vias_Airport
CFR,LFRK,Caen Carpiquet airport,medium,49.17678,-0.454883,FR,FR-NOR,Normandy,Caen,https://www.caen.aeroport.fr/,https://en.wikipedia.org/wiki/Caen_-_Carpiquet_Airport
CLY,LFKC,Calvi Sainte Catherine Airport,medium,42.530422,8.792984,FR,FR-COR,Corsica,Calvi,https://en.balagne-corsica.com/commerce-et-service/calvi-sainte-catherine-airport/,https://en.wikipedia.org/wiki/Calvi_-_Sainte-Catherine_Airport
CCF,LFMK,Carcassonne Salvaza Airport,medium,43.216,2.30632,FR,FR-OCC,Occitanie,Carcassonne,https://www.aeroport-carcassonne.com/,https://en.wikipedia.org/wiki/Carcassonne_Salvaza_Airport
DCM,LFCK,Castres Mazamet Airport,medium,43.556301,2.28918,FR,FR-OCC,Occitanie,Castres,http://aeroport81.fr/,https://en.wikipedia.org/wiki/Castres-Mazamet_Airport
XCR,LFOK,Chalons Vatry airport,medium,48.77333,4.20611,FR,FR-GES,Grand Est,Chalons en Champagne,https://www.parisvatry.com/,https://en.wikipedia.org/wiki/Ch%C3%A2lons_Vatry_Airport
CMF,LFLB,Chambéry Aix les Bains airport,medium,45.6381,5.88023,FR,FR-ARA,Auvergne-Rhône-Alpes,Chambéry,https://www.chambery-airport.com/en,https://en.wikipedia.org/wiki/Chamb%C3%A9ry_Airport
CFE,LFLC,Clermont-Ferrand Auvergne airport,large,45.786701,3.16917,FR,FR-ARA,Auvergne-Rhône-Alpes,Clermont-Ferrand,https://www.clermont-aeroport.com/en,https://en.wikipedia.org/wiki/Clermont-Ferrand_Auvergne_Airport
LYS,LFLL,Lyon Saint-Exupéry Airport,large,45.725996,5.090139,FR,FR-ARA,Auvergne-Rhône-Alpes,"Colombier-Saugnieu, Rhône",https://www.lyonaeroports.com/,https://en.wikipedia.org/wiki/Lyon%E2%80%93Saint-Exup%C3%A9ry_Airport
DOL,LFRG,Deauville Normandie airport,medium,49.365237,0.154481,FR,FR-NOR,Normandy,Deauville,https://www.deauville.aeroport.fr/,https://en.wikipedia.org/wiki/Deauville_%E2%80%93_Normandie_Airport
DLE,LFGJ,Dole Tavaux Airport,medium,47.038955,5.427589,FR,FR-BFC,Bourgogne-Franche-Comté,Dole,https://dole.aeroport.fr/,https://en.wikipedia.org/wiki/Dole%E2%80%93Jura_Airport
FSC,LFKF,Figari Sud-Corse Airport,large,41.50185,9.097092,FR,FR-COR,Corsica,Figari,https://figari-aeroport.cci.corsica/,https://en.wikipedia.org/wiki/Figari_Sud-Corse_Airport
ETZ,LFJL,Metz-Nancy-Lorraine Airport,medium,48.982101,6.25132,FR,FR-GES,Grand Est,Goin,https://lorraineaeroport.com/,https://en.wikipedia.org/wiki/Metz-Nancy-Lorraine_Airport
GNB,LFLS,Grenoble Alpes Isère Airport,medium,45.3629,5.32937,FR,FR-ARA,Auvergne-Rhône-Alpes,Grenoble,https://www.grenoble-airport.com/en,https://en.wikipedia.org/wiki/Grenoble-Is%C3%A8re_Airport
TLN,LFTH,Toulon-Hyères Airport,medium,43.097301,6.14603,FR,FR-PAC,Provence-Alpes-Côte-d'Azur,"Hyères, Var",http://toulon-hyeres.aeroport.fr/,https://en.wikipedia.org/wiki/Toulon-Hy%C3%A8res_Airport
LRH,LFBH,La Rochelle Île de Ré Airport,medium,46.179199,-1.19528,FR,FR-NAQ,Nouvelle-Aquitaine,La Rochelle,https://www.larochelle.aeroport.fr/en/,https://en.wikipedia.org/wiki/La_Rochelle_-_%C3%8Ele_de_R%C3%A9_Airport
LIL,LFQQ,Lille Airport,large,50.566564,3.102429,FR,FR-HDF,Hauts-de-France,Lesquin,https://www.lille.aeroport.fr/home/,https://en.wikipedia.org/wiki/Lille_Airport
LIG,LFBL,Limoges Airport,medium,45.862801,1.17944,FR,FR-NAQ,Nouvelle-Aquitaine,Limoges/Bellegarde,https://www.aeroportlimoges.com/en/,https://en.wikipedia.org/wiki/Limoges_-_Bellegarde_Airport
MRS,LFML,Marseille Provence Airport,large,43.438088,5.2125,FR,FR-PAC,Provence-Alpes-Côte-d'Azur,"Marignane, Bouches-du-Rhône",https://www.marseille.aeroport.fr/,https://en.wikipedia.org/wiki/Marseille_Provence_Airport
MPL,LFMT,Montpellier-Méditerranée Airport,large,43.576199,3.96301,FR,FR-OCC,Occitanie,Montpellier/Méditerranée,https://www.montpellier.aeroport.fr/,https://en.wikipedia.org/wiki/Montpellier_-_M%C3%A9diterran%C3%A9e_Airport
NTE,LFRS,Nantes Atlantique Airport,large,47.153198,-1.61073,FR,FR-PDL,Pays-de-la-Loire,Nantes,https://www.nantes.aeroport.fr/en,https://en.wikipedia.org/wiki/Nantes_Atlantique_Airport
NCE,LFMN,Nice-Côte d'Azur Airport,large,43.658401,7.21587,FR,FR-PAC,Provence-Alpes-Côte-d'Azur,"Nice, Alpes-Maritimes",https://www.nice.aeroport.fr/en,https://en.wikipedia.org/wiki/C%C3%B4te_d'Azur_International_Airport
FNI,LFTW,Nîmes-Arles-Camargue Airport,medium,43.757401,4.41635,FR,FR-OCC,Occitanie,Nîmes/Garons,https://www.nimes.aeroport.fr/en,https://en.wikipedia.org/wiki/N%C3%AEmes-Arles-Camargue_Airport
ORY,LFPO,Paris-Orly Airport,large,48.729499,2.358963,FR,FR-IDF,Île-de-France,"Paris (Orly, Val-de-Marne)",https://www.parisaeroport.fr/orly,https://en.wikipedia.org/wiki/Orly_Airport
CDG,LFPG,Charles de Gaulle International Airport,large,49.00896,2.554117,FR,FR-IDF,Île-de-France,"Paris (Roissy-en-France, Val-d'Oise)",http://www.aeroportsdeparis.fr/,https://en.wikipedia.org/wiki/Charles_de_Gaulle_Airport
PUF,LFBP,Pau Pyrénées Airport,medium,43.380001,-0.418611,FR,FR-NAQ,Nouvelle-Aquitaine,Pau/Pyrénées (Uzein),https://www.pau.aeroport.fr/passenger/,https://en.wikipedia.org/wiki/Pau_Pyr%C3%A9n%C3%A9es_Airport
PGF,LFMP,Perpignan-Rivesaltes (Llabanère) Airport,medium,42.740398,2.87067,FR,FR-OCC,Occitanie,Perpignan/Rivesaltes,https://www.aeroport-perpignan.com/,https://en.wikipedia.org/wiki/Perpignan_-_Rivesaltes_Airport
PIS,LFBI,Poitiers-Biard Airport,medium,46.5877,0.306666,FR,FR-NAQ,Nouvelle-Aquitaine,Poitiers/Biard,https://www.poitiers.aeroport.fr/,https://en.wikipedia.org/wiki/Poitiers_-_Biard_Airport
RDZ,LFCR,Rodez–Aveyron Airport,medium,44.407902,2.48267,FR,FR-OCC,Occitanie,Rodez/Marcillac,https://www.aeroport-rodez.fr/en/,https://en.wikipedia.org/wiki/Rodez%E2%80%93Aveyron_Airport
RNS,LFRN,Rennes-Saint-Jacques Airport,medium,48.0695,-1.73479,FR,FR-BRE,Brittany,"Saint-Jacques-de-la-Lande, Ille-et-Vilaine",http://www.rennes.aeroport.fr/,https://en.wikipedia.org/wiki/Rennes_-_Saint-Jacques_Airport
SXB,LFST,Strasbourg Airport,large,48.5383,7.62823,FR,FR-GES,Grand Est,Strasbourg,http://www.strasbourg.aeroport.fr/E/index.php,https://en.wikipedia.org/wiki/Strasbourg_Airport
LDE,LFBT,Tarbes-Lourdes-Pyrénées Airport,medium,43.178699,-0.006439,FR,FR-OCC,Occitanie,Tarbes/Lourdes/Pyrénées,https://www.tlp.aeroport.fr/,https://en.wikipedia.org/wiki/Tarbes-Lourdes-Pyr%C3%A9n%C3%A9es_Airport
TLS,LFBO,Toulouse-Blagnac Airport,large,43.629101,1.36382,FR,FR-OCC,Occitanie,Toulouse/Blagnac,http://www.toulouse.aeroport.fr/,https://en.wikipedia.org/wiki/Toulouse_Blagnac_International_Airport
TUF,LFOT,Tours Val de Loire Airport,medium,47.432201,0.727606,FR,FR-CVL,Centre-Val de Loire,"Tours, Indre-et-Loire",http://www.tours.aeroport.fr/index_en.php,https://en.wikipedia.org/wiki/Tours_Val_de_Loire_Airport
MVB,FOON,M'Vengue El Hadj Omar Bongo Ondimba International Airport,medium,-1.65616,13.438,GA,GA-2,Haut-Ogooué Province,Franceville,,https://en.wikipedia.org/wiki/M'Vengue_El_Hadj_Omar_Bongo_Ondimba_International_Airport
LBV,FOOL,Libreville Leon M'ba International Airport,large,0.458951,9.41214,GA,GA-1,Estuaire Province,Libreville,https://www.adlgabon.com,https://en.wikipedia.org/wiki/Libreville_International_Airport
MKU,FOOK,Makokou Airport,medium,0.579211,12.8909,GA,GA-6,Ogooué-Ivindo Province,Makokou,,https://en.wikipedia.org/wiki/Makokou_Airport
OYE,FOGO,Oyem Airport,medium,1.54311,11.5814,GA,GA-9,Woleu-Ntem Province,Oyem,,https://en.wikipedia.org/wiki/Oyem_Airport
POG,FOOG,Port Gentil International Airport,large,-0.711739,8.75438,GA,GA-8,Ogooué-Maritime Province,Port Gentil,,https://en.wikipedia.org/wiki/Port-Gentil_International_Airport
ABZ,EGPD,Aberdeen International Airport,large,57.2019,-2.19778,GB,GB-SCT,Scotland,Aberdeen,http://www.aberdeenairport.com/,https://en.wikipedia.org/wiki/Aberdeen_Airport
TRE,EGPU,Tiree Airport,medium,56.499199,-6.86917,GB,GB-SCT,Scotland,"Balemartine, Argyll and Bute",http://www.hial.co.uk/tiree-airport.html,https://en.wikipedia.org/wiki/Tiree_Airport
BEB,EGPL,Benbecula Airport,medium,57.481098,-7.36278,GB,GB-SCT,Scotland,Balivanich,http://www.hial.co.uk/benbecula-airport.html,https://en.wikipedia.org/wiki/Benbecula_Airport
BFS,EGAA,Belfast International Airport,large,54.657501,-6.21583,GB,GB-NIR,Northern Ireland,Belfast,http://www.belfastairport.com/,https://en.wikipedia.org/wiki/Belfast_International_Airport
BHD,EGAC,George Best Belfast City Airport,medium,54.618099,-5.8725,GB,GB-NIR,Northern Ireland,Belfast,http://www.belfastcityairport.com/,https://en.wikipedia.org/wiki/George_Best_Belfast_City_Airport
BHX,EGBB,Birmingham Airport,large,52.453899,-1.74803,GB,GB-ENG,England,"Birmingham, West Midlands",https://www.birminghamairport.co.uk/,https://en.wikipedia.org/wiki/Birmingham_Airport
BOH,EGHH,Bournemouth Airport,medium,50.780483,-1.839576,GB,GB-ENG,England,Bournemouth,http://www.bournemouthairport.com/,https://en.wikipedia.org/wiki/Bournemouth_Airport
BRS,EGGD,Bristol Airport,large,51.382326,-2.716453,GB,GB-ENG,England,Bristol,http://www.bristolairport.co.uk/,https://en.wikipedia.org/wiki/Bristol_Airport
CAL,EGEC,Campbeltown Airport,medium,55.437199,-5.68639,GB,GB-SCT,Scotland,Campbeltown,http://www.hial.co.uk/campbeltown-airport.html,https://en.wikipedia.org/wiki/Campbeltown_Airport
CWL,EGFF,Cardiff International Airport,large,51.396702,-3.34333,GB,GB-WLS,Wales,Cardiff,http://www.cwlfly.com/,https://en.wikipedia.org/wiki/Cardiff_Airport
MME,EGNV,Teesside International Airport,medium,54.509201,-1.42941,GB,GB-ENG,England,"Darlington, Durham",https://www.teessideinternational.com/,https://en.wikipedia.org/wiki/Teesside_International_Airport
LDY,EGAE,City of Derry Airport,medium,55.042801,-7.16111,GB,GB-NIR,Northern Ireland,"Derry, Derry and Strabane",http://www.cityofderryairport.com/,https://en.wikipedia.org/wiki/City_of_Derry_Airport
DND,EGPN,Dundee Airport,medium,56.452499,-3.02583,GB,GB-SCT,Scotland,Dundee,http://www.hial.co.uk/dundee-airport.html,https://en.wikipedia.org/wiki/Dundee_Airport
EOI,EGED,Eday Airport,medium,59.190601,-2.77222,GB,GB-SCT,Scotland,Eday,,https://en.wikipedia.org/wiki/Eday_Airport
BRR,EGPR,Barra Airport,medium,57.0228,-7.44306,GB,GB-SCT,Scotland,Eoligarry,http://www.hial.co.uk/barra-airport.html,https://en.wikipedia.org/wiki/Barra_Airport_(Scotland)
EXT,EGTE,Exeter International Airport,medium,50.734261,-3.413984,GB,GB-ENG,England,"Exeter, Devon",http://www.exeter-airport.co.uk/,https://en.wikipedia.org/wiki/Exeter_International_Airport
GLA,EGPF,Glasgow Airport,large,55.871899,-4.43306,GB,GB-SCT,Scotland,Glasgow,http://www.glasgowairport.com/,https://en.wikipedia.org/wiki/Glasgow_International_Airport
HUY,EGNJ,Humberside Airport,medium,53.576152,-0.34954,GB,GB-ENG,England,"Grimsby, Lincolnshire",http://www.humbersideairport.com/,https://en.wikipedia.org/wiki/Humberside_Airport
EDI,EGPH,Edinburgh Airport,large,55.950145,-3.372288,GB,GB-SCT,Scotland,"Ingliston, Edinburgh",http://www.edinburghairport.com/,https://en.wikipedia.org/wiki/Edinburgh_Airport
INV,EGPE,Inverness Airport,medium,57.5425,-4.0475,GB,GB-SCT,Scotland,"Inverness, Highland",http://www.hial.co.uk/inverness-airport.html,https://en.wikipedia.org/wiki/Inverness_Airport
ILY,EGPI,Islay Airport,medium,55.682708,-6.257525,GB,GB-SCT,Scotland,"Isle of Islay, Argyll and Bute",,https://en.wikipedia.org/wiki/Islay_Airport
KOI,EGPA,Kirkwall Airport,medium,58.957903,-2.905077,GB,GB-SCT,Scotland,"Kirkwall, Orkney Islands",,https://en.wikipedia.org/wiki/Kirkwall_Airport
LBA,EGNM,Leeds Bradford Airport,large,53.865898,-1.66057,GB,GB-ENG,England,"Leeds, West Yorkshire",http://www.lbia.co.uk/,https://en.wikipedia.org/wiki/Leeds_Bradford_International_Airport
LSI,EGPB,Sumburgh Airport,medium,59.878899,-1.29556,GB,GB-SCT,Scotland,"Lerwick, Shetland",http://www.hial.co.uk/sumburgh-airport.html,https://en.wikipedia.org/wiki/Sumburgh_Airport
LPL,EGGP,Liverpool John Lennon Airport,large,53.334863,-2.849637,GB,GB-ENG,England,Liverpool,http://www.liverpoolairport.com/,https://en.wikipedia.org/wiki/Liverpool_John_Lennon_Airport
LCY,EGLC,London City Airport,medium,51.505299,0.055278,GB,GB-ENG,England,London,http://www.londoncityairport.com/,https://en.wikipedia.org/wiki/London_City_Airport
LGW,EGKK,London Gatwick Airport,large,51.148744,-0.185739,GB,GB-ENG,England,London,http://www.gatwickairport.com/,https://en.wikipedia.org/wiki/Gatwick_Airport
LHR,EGLL,London Heathrow Airport,large,51.470748,-0.459909,GB,GB-ENG,England,London,http://www.heathrow.com/,https://en.wikipedia.org/wiki/Heathrow_Airport
STN,EGSS,London Stansted Airport,large,51.884998,0.235,GB,GB-ENG,England,"London, Essex",http://www.stanstedairport.com/,https://en.wikipedia.org/wiki/London_Stansted_Airport
LTN,EGGW,London Luton Airport,large,51.874699,-0.368333,GB,GB-ENG,England,"Luton, Luton",http://www.london-luton.co.uk/en/,https://en.wikipedia.org/wiki/Luton_Airport
MAN,EGCC,Manchester Airport,large,53.349375,-2.279521,GB,GB-ENG,England,"Manchester, Greater Manchester",http://www.manchesterairport.co.uk/,https://en.wikipedia.org/wiki/Manchester_Airport
NCL,EGNT,Newcastle International Airport,large,55.037958,-1.689577,GB,GB-ENG,England,"Newcastle upon Tyne, Tyne and Wear",http://www.newcastleairport.com/,https://en.wikipedia.org/wiki/Newcastle_International_Airport
NQY,EGHQ,Cornwall Airport Newquay,medium,50.440601,-4.99541,GB,GB-ENG,England,Newquay,https://www.cornwallairportnewquay.com/,https://en.wikipedia.org/wiki/Newquay_Airport
NWI,EGSH,Norwich Airport,medium,52.6758,1.28278,GB,GB-ENG,England,"Norwich, Norfolk",https://www.norwichairport.co.uk/,https://en.wikipedia.org/wiki/Norwich_Airport
EMA,EGNX,East Midlands Airport,large,52.8311,-1.32806,GB,GB-ENG,England,"Nottingham, Leicestershire",http://www.eastmidlandsairport.com/,https://en.wikipedia.org/wiki/East_Midlands_Airport
PIK,EGPK,Glasgow Prestwick Airport,large,55.501499,-4.577182,GB,GB-SCT,Scotland,"Prestwick, South Ayrshire",https://www.glasgowprestwick.com/,https://en.wikipedia.org/wiki/Glasgow_Prestwick_International_Airport
SOU,EGHI,Southampton Airport,medium,50.950298,-1.3568,GB,GB-ENG,England,Southampton,http://www.southamptonairport.com/,https://en.wikipedia.org/wiki/Southampton_Airport
SEN,EGMC,London Southend Airport,medium,51.570562,0.693627,GB,GB-ENG,England,"Southend-on-Sea, Essex",http://www.londonsouthendairport.com/,https://en.wikipedia.org/wiki/London_Southend_Airport
SYY,EGPO,Stornoway Airport,medium,58.215599,-6.33111,GB,GB-SCT,Scotland,"Stornoway, Western Isles",http://www.hial.co.uk/stornoway-airport.html,https://en.wikipedia.org/wiki/Stornoway_Airport
WIC,EGPC,Wick John O'Groats Airport,medium,58.4589,-3.09306,GB,GB-SCT,Scotland,Wick,http://www.hial.co.uk/wick-airport.html,https://en.wikipedia.org/wiki/Wick_Airport
GND,TGPY,Maurice Bishop International Airport,large,12.003996,-61.785302,GD,GD-GE,Saint George,Saint George's,http://www.psiagrenada.com/,https://en.wikipedia.org/wiki/Point_Salines_International_Airport
BUS,UGSB,Alexander Kartveli Batumi International Airport,large,41.60939,41.600315,GE,GE-AJ,Autonomous Republic of Adjara,Batumi,https://batumiairport.com/,https://en.wikipedia.org/wiki/Batumi_International_Airport
KUT,UGKO,David the Builder Kutaisi International Airport,large,42.177448,42.485353,GE,GE-IM,Imereti,Kopitnari,https://kutaisi.aero,https://en.wikipedia.org/wiki/David_the_Builder_Kutaisi_International_Airport
SUI,UGSS,Vladislav Ardzinba Sukhum International Airport,large,42.8582,41.128101,GE,GE-AB,Autonomous Republic of Abkhazia,Sukhumi,https://sukhumaero.com,https://en.wikipedia.org/wiki/Sukhumi_Babushara_Airport
TBS,UGTB,Tbilisi International Airport,large,41.669201,44.9547,GE,GE-TB,Tbilisi,Tbilisi,http://www.tbilisiairport.com/,https://en.wikipedia.org/wiki/Tbilisi_International_Airport
MPY,SOOA,Maripasoula Airport,medium,3.655907,-54.039431,GF,GF-SL,Saint-Laurent-du-Maroni,Maripasoula,,https://en.wikipedia.org/wiki/Maripasoula_Airport
CAY,SOCA,Cayenne – Félix Eboué Airport,large,4.819964,-52.361326,GF,GF-CY,Cayenne,Matoury,,https://en.wikipedia.org/wiki/Cayenne_%E2%80%93_F%C3%A9lix_Ebou%C3%A9_Airport
LDX,SOOM,Saint-Laurent-du-Maroni Airport,medium,5.481891,-54.034964,GF,GF-SL,Saint-Laurent-du-Maroni,Saint-Laurent-du-Maroni,,https://en.wikipedia.org/wiki/Saint-Laurent-du-Maroni_Airport
ACI,EGJA,Alderney Airport,medium,49.706104,-2.21472,GG,GG-A,Alderney,Saint Anne,,https://en.wikipedia.org/wiki/Alderney_Airport
GCI,EGJB,Guernsey Airport,medium,49.435001,-2.60197,GG,GG-G,Guernsey,Saint Peter Port,,https://en.wikipedia.org/wiki/Guernsey_Airport
ACC,DGAA,Kotoka International Airport,large,5.60519,-0.166786,GH,GH-AA,Greater Accra Region,Accra,,https://en.wikipedia.org/wiki/Kotoka_International_Airport
KMS,DGSI,Prempeh I International Airport,large,6.71456,-1.59082,GH,GH-AH,Ashanti Region,Kumasi,,https://en.wikipedia.org/wiki/Prempeh_I_International_Airport
TKD,DGTK,Takoradi Airport,medium,4.89606,-1.77476,GH,GH-WP,Western Region,Sekondi-Takoradi,,https://en.wikipedia.org/wiki/Takoradi_Airport
NYI,DGSN,Sunyani Airport,medium,7.36183,-2.32876,GH,GH-BO,Bono Region,Sunyani,,https://en.wikipedia.org/wiki/Sunyani_Airport
TML,DGLE,Yakubu Tali International Airport,large,9.553909,-0.86606,GH,GH-NP,Northern Region,Tamale,https://www.gacl.com.gh/tamale-airport/,https://en.wikipedia.org/wiki/Tamale_Airport
GIB,LXGB,Gibraltar Airport,large,36.151679,-5.34978,GI,GI-U-A,(unassigned),Gibraltar,https://www.gibraltarairport.gi/,https://en.wikipedia.org/wiki/Gibraltar_Airport
JEG,BGAA,Aasiaat Airport,medium,68.721802,-52.784698,GL,GL-QK,Qeqertalik Municipality,Aasiaat,http://airgreenland.com/om_rejsen/efter_rejsen/din_destination_/aasiaat/,https://en.wikipedia.org/wiki/Aasiaat_Airport
JAV,BGJN,Ilulissat Airport,medium,69.243202,-51.057098,GL,GL-AV,Avannaata Municipality,Ilulissat,https://mit.gl/ilulissat,https://en.wikipedia.org/wiki/Ilulissat_Airport
SFJ,BGSF,Kangerlussuaq International Airport,medium,67.010446,-50.715294,GL,GL-QA,Qeqqata Municipality,Kangerlussuaq,,https://en.wikipedia.org/wiki/Kangerlussuaq_Airport
KUS,BGKK,Kulusuk Airport,medium,65.573601,-37.1236,GL,GL-SE,Sermersooq Municipality,Kulusuk,,https://en.wikipedia.org/wiki/Kulusuk_Airport
CNP,BGCO,Neerlerit Inaat Airport,medium,70.743103,-22.650499,GL,GL-SE,Sermersooq Municipality,Neerlerit Inaat,,https://en.wikipedia.org/wiki/Nerlerit_Inaat_Airport
GOH,BGGH,Nuuk International Airport,large,64.191066,-51.67914,GL,GL-SE,Sermersooq Municipality,Nuuk,https://www.airports.gl/en/airport/nuuk/,https://en.wikipedia.org/wiki/Nuuk_Airport
NAQ,BGQQ,Qaanaaq Airport,medium,77.488602,-69.388702,GL,GL-AV,Avannaata Municipality,Qaanaaq,,https://en.wikipedia.org/wiki/Qaanaaq_Airport
JJU,BGQO,Qaqortoq Airport,medium,60.76383,-46.065001,GL,GL-KU,Kujalleq Municipality,Qaqortoq,https://www.airports.gl/en/airport/qaqortoq-airport/,https://en.wikipedia.org/wiki/Qaqortoq_Airport
JHS,BGSS,Sisimiut Airport,medium,66.951302,-53.729301,GL,GL-QA,Qeqqata Municipality,Sisimiut,https://www.mit.gl/en/todays-flights/airports/sisimiut-airport/,https://en.wikipedia.org/wiki/Sisimiut_Airport
BJL,GBYD,Banjul International Airport,large,13.338,-16.652201,GM,GM-W,Western Division,Banjul (Yundum),https://www.banjulairport.com/,https://en.wikipedia.org/wiki/Banjul_International_Airport
CKY,GUCY,Ahmed Sékou Touré International Airport,large,9.57689,-13.612,GN,GN-C,Conakry Special Zone,Conakry,http://www.aeroport-conakry.com/aeroport_international_de_conakry.php,https://en.wikipedia.org/wiki/Ahmed_S%C3%A9kou_Tour%C3%A9_International_Airport
GBJ,TFFM,Marie-Galante Airport,medium,15.868925,-61.270087,GP,GP-U-A,(unassigned),Grand-Bourg,,https://en.wikipedia.org/wiki/Marie-Galante_Airport
PTP,TFFR,Maryse Condé International Airport,large,16.265443,-61.532754,GP,GP-U-A,(unassigned),Pointe-à-Pitre,http://www.guadeloupe.aeroport.fr/,https://en.wikipedia.org/wiki/Pointe-%C3%A0-Pitre_International_Airport
BSG,FGBT,Bata International Airport,large,1.90547,9.80568,GQ,GQ-LI,Litoral Province,Bata,,https://en.wikipedia.org/wiki/Bata_Airport
OCS,FGCO,Corisco International Airport,large,0.910937,9.33027,GQ,GQ-LI,Litoral Province,Corisco Island,,https://en.wikipedia.org/wiki/Corisco_International_Airport
SSG,FGSL,Malabo International Airport,large,3.75527,8.70872,GQ,GQ-BN,Bioko Norte Province,Malabo,,https://en.wikipedia.org/wiki/Malabo_International_Airport
GEM,FGMY,President Obiang Nguema International Airport,medium,1.676437,11.024904,GQ,GQ-WN,Wele-Nzas Province,Mengomeyén,,https://en.wikipedia.org/wiki/President_Obiang_Nguema_International_Airport
AXD,LGAL,Alexandroupoli Democritus Airport,medium,40.8559,25.956301,GR,GR-A,Eastern Macedonia and Thrace,Alexandroupolis,,https://en.wikipedia.org/wiki/Alexandroupoli_Airport
JKH,LGHI,Chios Island National Airport,medium,38.343201,26.1406,GR,GR-K,North Aegean,Chios Island,http://www.hcaa-eleng.gr/chios.htm,https://en.wikipedia.org/wiki/Chios_Island_National_Airport
JSH,LGST,Sitia Airport,medium,35.216099,26.101299,GR,GR-M,Crete,Crete Island,,https://en.wikipedia.org/wiki/Sitia_Public_Airport
HER,LGIR,Heraklion International Nikos Kazantzakis Airport,large,35.339699,25.1803,GR,GR-M,Crete,Heraklion,https://www.heraklion-airport.gr/en/,"https://en.wikipedia.org/wiki/Heraklion_International_Airport_""Nikos_Kazantzakis"""
IOA,LGIO,Ioannina King Pyrrhus National Airport,medium,39.6964,20.8225,GR,GR-D,Epirus,Ioannina,,https://en.wikipedia.org/wiki/Ioannina_National_Airport
KLX,LGKL,Kalamata Airport,medium,37.068298,22.025499,GR,GR-J,Peloponnese,Kalamata,,https://en.wikipedia.org/wiki/Kalamata_International_Airport
AOK,LGKP,Karpathos Airport,medium,35.421398,27.146,GR,GR-L,South Aegean,Karpathos Island,,https://en.wikipedia.org/wiki/Karpathos_Island_National_Airport
KVA,LGKV,Kavala Alexander the Great International Airport,large,40.9133,24.6192,GR,GR-A,Eastern Macedonia and Thrace,Kavala,https://www.kva-airport.gr/en,https://en.wikipedia.org/wiki/Kavala_International_Airport
EFL,LGKF,Kefallinia Airport,medium,38.120098,20.5005,GR,GR-F,Ionian Islands,Kefallinia Island,,https://en.wikipedia.org/wiki/Kefalonia_Island_International_Airport
CFU,LGKR,Corfu Ioannis Kapodistrias International Airport,large,39.60145,19.912179,GR,GR-F,Ionian Islands,Kerkyra (Corfu),https://www.cfu-airport.gr/en,https://en.wikipedia.org/wiki/Corfu_International_Airport
KGS,LGKO,"Kos International Airport ""Ippokratis""",large,36.794523,27.09115,GR,GR-L,South Aegean,Kos Island,https://www.kgs-airport.gr/el/,https://en.wikipedia.org/wiki/Kos_International_Airport
KZI,LGKZ,Kozani National Airport Filippos,medium,40.286098,21.840799,GR,GR-C,Western Macedonia,Kozani,,https://en.wikipedia.org/wiki/Kozani_National_Airport
JMK,LGMK,Mykonos Island National Airport,medium,37.435101,25.348101,GR,GR-L,South Aegean,Mykonos,,https://en.wikipedia.org/wiki/Mykonos_Island_National_Airport
MJT,LGMT,Mytilene International Airport,medium,39.057406,26.598629,GR,GR-K,North Aegean,Mytilene,https://www.mjt-airport.gr/en/,https://en.wikipedia.org/wiki/Mytilene_International_Airport
VOL,LGBL,Nea Anchialos National Airport,medium,39.219601,22.7943,GR,GR-E,Thessaly,Nea Anchialos,,https://en.wikipedia.org/wiki/Nea_Anchialos_National_Airport
GPA,LGRX,Patras Araxos Agamemnon Airport,medium,38.1511,21.4256,GR,GR-G,Western Greece,Patras,http://www.araxos-airport.gr/,https://en.wikipedia.org/wiki/Araxos_Airport
PVK,LGPZ,Aktion National Airport,medium,38.925499,20.765301,GR,GR-D,Epirus,Preveza,https://www.pvk-airport.gr/en,https://en.wikipedia.org/wiki/Aktion_National_Airport
RHO,LGRP,"Rhodes International Airport ""Diagoras""",large,36.405399,28.086201,GR,GR-L,South Aegean,Rhodes,https://www.rho-airport.gr/el/,https://en.wikipedia.org/wiki/Rhodes_International_Airport
SMI,LGSM,Samos Airport,medium,37.689999,26.911699,GR,GR-K,North Aegean,Samos Island,,https://en.wikipedia.org/wiki/Samos_International_Airport
JTR,LGSR,Santorini International Airport,large,36.400045,25.478638,GR,GR-L,South Aegean,Santorini Island,https://www.jtr-airport.gr/,https://en.wikipedia.org/wiki/Santorini_(Thira)_National_Airport
JSI,LGSK,Skiathos Island National Airport,medium,39.177101,23.5037,GR,GR-E,Thessaly,Skiathos,,https://en.wikipedia.org/wiki/Skiathos_Island_National_Airport
CHQ,LGSA,Chania International Airport,large,35.531207,24.150673,GR,GR-M,Crete,Souda,,https://en.wikipedia.org/wiki/Chania_International_Airport
ATH,LGAV,Athens Eleftherios Venizelos International Airport,large,37.936401,23.9445,GR,GR-I,Attica,Spata-Artemida,https://www.aia.gr,https://en.wikipedia.org/wiki/Athens_International_Airport
SKG,LGTS,Thessaloniki Macedonia International Airport,large,40.51928,22.970009,GR,GR-B,Central Macedonia,Thessaloniki,https://www.skg-airport.gr/en,https://en.wikipedia.org/wiki/Thessaloniki_Airport
ZTH,LGZA,Zakynthos International Airport Dionysios Solomos,medium,37.7509,20.8843,GR,GR-F,Ionian Islands,Zakynthos,https://www.zth-airport.gr,https://en.wikipedia.org/wiki/Zakynthos_International_Airport
GUA,MGGT,La Aurora International Airport,large,14.582896,-90.527515,GT,GT-GU,Guatemala Department,Guatemala City,https://theguatemalaairport.com,https://en.wikipedia.org/wiki/La_Aurora_International_Airport
PBR,MGPB,Puerto Barrios Airport,medium,15.7309,-88.583801,GT,GT-IZ,Izabal Department,Puerto Barrios,,https://en.wikipedia.org/wiki/Puerto_Barrios_Airport
RER,MGRT,Retalhuleu Airport,medium,14.521431,-91.697001,GT,GT-RE,Retalhuleu Department,Retalhuleu,,https://en.wikipedia.org/wiki/Retalhuleu_Airport
FRS,MGMM,Mundo Maya International Airport,medium,16.913707,-89.866143,GT,GT-PE,Petén Department,San Benito,,https://en.wikipedia.org/wiki/Mundo_Maya_International_Airport
GUM,PGUM,Antonio B. Won Pat International Airport,large,13.485,144.797282,GU,GU-U-A,(unassigned),Hagåtña,http://www.guamairport.com/,https://en.wikipedia.org/wiki/Antonio_B._Won_Pat_International_Airport
OXB,GGOV,Osvaldo Vieira International Airport,large,11.894262,-15.653596,GW,GW-BS,Bissau Autonomous Sector,Bissau,,https://en.wikipedia.org/wiki/Osvaldo_Vieira_International_Airport
GEO,SYCJ,Cheddi Jagan International Airport,large,6.49855,-58.254101,GY,GY-DE,Demerara-Mahaica,Georgetown,http://www.cjairport-gy.com/,https://en.wikipedia.org/wiki/Cheddi_Jagan_International_Airport
KAI,SYKA,Kaieteur Airport,medium,5.177349,-59.48898,GY,GY-PT,Potaro-Siparuni,Kaieteur Falls,,https://en.wikipedia.org/wiki/Kaieteur_Airport
LTM,SYLT,Lethem Airport,medium,3.37276,-59.789398,GY,GY-UT,Upper Takutu-Upper Essequibo,Lethem,,https://en.wikipedia.org/wiki/Lethem_Airport
OGL,SYEC,Eugene F. Correia International Airport,medium,6.805881,-58.107657,GY,GY-DE,Demerara-Mahaica,Ogle,,https://en.wikipedia.org/wiki/Ogle_Airport
HKG,VHHH,Hong Kong International Airport,large,22.31184,113.914862,HK,HK-NT,New Territories,Hong Kong,http://www.hongkongairport.com/,https://en.wikipedia.org/wiki/Hong_Kong_International_Airport
RTB,MHRO,Juan Manuel Gálvez International Airport,large,16.316799,-86.523003,HN,HN-IB,Islas de la Bahía Department,Coxen Hole,,https://en.wikipedia.org/wiki/Juan_Manuel_G%C3%A1lvez_International_Airport
GJA,MHNJ,La Laguna Airport,medium,16.4454,-85.906601,HN,HN-IB,Islas de la Bahía Department,Guanaja,,https://en.wikipedia.org/wiki/Guanaja_Airport
LCE,MHLC,Golosón International Airport,medium,15.7425,-86.852997,HN,HN-AT,Atlántida Department,La Ceiba,,https://en.wikipedia.org/wiki/Golos%C3%B3n_International_Airport
XPL,MHPR,Palmerola International Airport,large,14.3824,-87.621201,HN,HN-CM,Comayagua Department,Palmerola,https://palmerolaairport.com/,https://en.wikipedia.org/wiki/Comayagua_International_Airport
SAP,MHLM,Ramón Villeda Morales International Airport,large,15.4526,-87.923599,HN,HN-CR,Cortés Department,San Pedro Sula,,https://en.wikipedia.org/wiki/Ram%C3%B3n_Villeda_Morales_International_Airport
TGU,MHTG,Toncontín Airport,medium,14.0609,-87.217201,HN,HN-FM,Francisco Morazán Department,Tegucigalpa,,https://en.wikipedia.org/wiki/Toncont%C3%ADn_International_Airport
DBV,LDDU,Dubrovnik Ruđer Bošković Airport,large,42.562247,18.265543,HR,HR-19,Dubrovnik-Neretva County,Dubrovnik,https://www.airport-dubrovnik.hr/en,https://en.wikipedia.org/wiki/Dubrovnik_Airport
BWK,LDSB,Brač Airport,medium,43.284454,16.678362,HR,HR-17,Split-Dalmatia County,Gornji Humac,,https://en.wikipedia.org/wiki/Bra%C4%8D_Airport
OSI,LDOS,Osijek Airport,medium,45.462355,18.811278,HR,HR-14,Osijek-Baranja County,Osijek(Klisa),,https://en.wikipedia.org/wiki/Osijek_Airport
PUY,LDPL,Pula Airport,large,44.893501,13.9222,HR,HR-18,Istria County,Pula,https://airport-pula.hr/en/,https://en.wikipedia.org/wiki/Pula_Airport
RJK,LDRI,Rijeka Airport,large,45.216376,14.57085,HR,HR-08,Primorje-Gorski Kotar County,Rijeka(Omišalj),https://www.rijeka-airport.hr/,https://en.wikipedia.org/wiki/Rijeka_Airport
SPU,LDSP,Split Saint Jerome Airport,large,43.538898,16.298,HR,HR-17,Split-Dalmatia County,Split,https://split-airport.hr,https://en.wikipedia.org/wiki/Split_Airport
ZAG,LDZA,Zagreb Franjo Tuđman International Airport,large,45.742901,16.0688,HR,HR-01,Zagreb County,Velika Gorica,https://www.zagreb-airport.hr/en,https://en.wikipedia.org/wiki/Zagreb_Airport
ZAD,LDZD,Zadar Airport,large,44.096986,15.353565,HR,HR-13,Zadar County,Zadar,https://www.zadar-airport.hr/en,https://en.wikipedia.org/wiki/Zadar_Airport
CAP,MTCH,Cap Haitien International Airport,large,19.725547,-72.20071,HT,HT-ND,Nord Department,Cap Haitien,,https://en.wikipedia.org/wiki/Cap-Ha%C3%AFtien_International_Airport
JEE,MTJE,Jérémie Airport,medium,18.663099,-74.170303,HT,HT-GA,Grande'Anse Department,Carrefour Sanon,,https://en.wikipedia.org/wiki/J%C3%A9r%C3%A9mie_Airport
CYA,MTCA,Antoine-Simon International Airport,medium,18.271099,-73.7883,HT,HT-SD,Sud Department,Les Cayes,,https://en.wikipedia.org/wiki/Antoine-Simon_Airport
PAP,MTPP,Toussaint Louverture International Airport,large,18.580023,-72.292596,HT,HT-OU,Ouest Department,Port-au-Prince,https://www.portauprinceairport.com/,https://en.wikipedia.org/wiki/Toussaint_Louverture_International_Airport
BUD,LHBP,Budapest Liszt Ferenc International Airport,large,47.43018,19.262393,HU,HU-BU,Budapest (capital city),Budapest,http://www.bud.hu/english,https://en.wikipedia.org/wiki/Budapest_Ferenc_Liszt_International_Airport
DEB,LHDC,Debrecen International Airport,large,47.489469,21.616278,HU,HU-HB,Hajdu-Bihar County,Debrecen,http://www.airportdebrecen.hu/,https://en.wikipedia.org/wiki/Debrecen_International_Airport
PEV,LHPP,Pécs-Pogány International Airport,large,45.988891,18.242044,HU,HU-BA,Baranya County,Pécs,http://www.airportpecs.hu/,https://en.wikipedia.org/wiki/P%C3%A9cs-Pog%C3%A1ny_International_Airport
SOB,LHSM,Hévíz–Balaton Airport,medium,46.686391,17.159084,HU,HU-ZA,Zala County,Sármellék,http://www.flybalaton.com/?null&lang=en,https://en.wikipedia.org/wiki/S%C3%A1rmell%C3%A9k_International_Airport
AMQ,WAPP,Pattimura International Airport,large,-3.71026,128.089005,ID,ID-MA,Maluku,Ambon,,https://en.wikipedia.org/wiki/Pattimura_Airport
BPN,WALL,Sultan Aji Muhammad Sulaiman Sepinggan International Airport,large,-1.268342,116.89452,ID,ID-KI,Kalimantan Timur (East Kalimantan),Balikpapan,http://sepinggan-airport.com/,https://en.wikipedia.org/wiki/Sultan_Aji_Muhamad_Sulaiman_Airport
BTJ,WITT,Sultan Iskandar Muda International Airport,large,5.525087,95.41997,ID,ID-AC,Aceh,Banda Aceh,,https://en.wikipedia.org/wiki/Sultan_Iskandar_Muda_International_Airport
TKG,WILL,Radin Inten II International Airport,medium,-5.246803,105.182531,ID,ID-LA,Lampung,Bandar Lampung,,https://en.wikipedia.org/wiki/Radin_Inten_II_International_Airport
BDO,WICC,Husein Sastranegara International Airport,medium,-6.90063,107.575996,ID,ID-JB,Jawa Barat (West Java),Bandung,,https://en.wikipedia.org/wiki/Husein_Sastranegara_International_Airport
BDJ,WAOO,Syamsudin Noor International Airport,large,-3.440112,114.761209,ID,ID-KS,Kalimantan Selatan (South Kalimantan),Banjarbaru,https://syamsudinnoor-airport.co.id/,https://en.wikipedia.org/wiki/Syamsudin_Noor_Airport
BTH,WIDD,Hang Nadim International Airport,large,1.12103,104.119003,ID,ID-KR,Kepulauan Riau (Riau Islands),Batam,,https://en.wikipedia.org/wiki/Hang_Nadim_Airport
BKS,WIGG,Fatmawati Soekarno Airport,medium,-3.8637,102.338997,ID,ID-BE,Bengkulu,Bengkulu,,https://en.wikipedia.org/wiki/Fatmawati_Soekarno_Airport
KNO,WIMM,Kualanamu International Airport,large,3.637847,98.870566,ID,ID-SU,Sumatera Utara (North Sumatra),Beringin,http://www.kualanamu-airport.co.id/,https://en.wikipedia.org/wiki/Kualanamu_International_Airport
BIK,WABB,Frans Kaisiepo Airport,medium,-1.19002,136.108002,ID,ID-PA,Papua,Biak,,https://en.wikipedia.org/wiki/Frans_Kaisiepo_Airport
UGU,WAYB,Bilorai Airport,medium,-3.739503,137.031183,ID,ID-PT,Papua Tengah (Central Papua),Bilogai,https://flightaware.com/live/airport/WAYB,
BMU,WADB,Sultan Muhammad Salahuddin Airport,medium,-8.537184,118.685002,ID,ID-NB,Nusa Tenggara Barat (West Nusa Tenggara),Bima,,https://en.wikipedia.org/wiki/Bima_Airport
CXP,WAHL,Tunggul Wulung Airport,medium,-7.64506,109.033997,ID,ID-JT,Jawa Tengah (Central Java),Cilacap,,https://en.wikipedia.org/wiki/Tunggul_Wulung_Airport
DUM,WIBD,Pinang Kampai Airport,medium,1.609026,101.433493,ID,ID-RI,Riau,Dumai,,https://en.wikipedia.org/wiki/Pinang_Kampai_Airport
FKQ,WASF,Fakfak Airport,medium,-2.920508,132.267011,ID,ID-PB,Papua Barat (West Papua),Fakfak,,https://en.wikipedia.org/wiki/Fakfak_Airport
GNS,WIMB,Binaka Airport,medium,1.166275,97.705196,ID,ID-SU,Sumatera Utara (North Sumatra),Gunungsitoli,,https://en.wikipedia.org/wiki/Binaka_Airport
HLP,WIHH,Halim Perdanakusuma International Airport,large,-6.266989,106.890318,ID,ID-JK,Jakarta Raya,Jakarta,https://www.angkasapura2.co.id/cabang/hlp/content.php?menu=8&page_id=1,https://en.wikipedia.org/wiki/Halim_Perdanakusuma_International_Airport
CGK,WIII,Soekarno-Hatta International Airport,large,-6.12557,106.655998,ID,ID-BT,Banten,Jakarta,http://www.jakartasoekarnohattaairport.com/,https://en.wikipedia.org/wiki/Soekarno-Hatta_International_Airport
KNG,WASK,Utarom Airport,medium,-3.6446,133.695116,ID,ID-PB,Papua Barat (West Papua),Kaimana,,https://en.wikipedia.org/wiki/Kaimana_Airport
DHX,WARD,Dhoho International Airport,medium,-7.749527,111.946831,ID,ID-JI,Jawa Timur (East Java),Kediri,https://www.kediri-airport.com/,https://en.wikipedia.org/wiki/Dhoho_International_Airport
KJT,WICA,Kertajati International Airport,medium,-6.647384,108.165561,ID,ID-JB,Jawa Barat (West Java),Kertajati,,https://en.wikipedia.org/wiki/Kertajati_International_Airport
KTG,WIOK,Rahadi Osman Airport,medium,-1.817165,109.963469,ID,ID-KB,Kalimantan Barat (West Kalimantan),Ketapang,,https://en.wikipedia.org/wiki/Rahadi_Osman_Airport
KXB,WAWP,Sangia Nibandera Airport,medium,-4.338158,121.524047,ID,ID-SG,Sulawesi Tenggara (Southeast Sulawesi),Kolaka,https://www.otban5.com/Kolaka,https://en.wikipedia.org/wiki/Sangia_Nibandera_Airport
MEQ,WITC,Cut Nyak Dhien Airport,medium,4.040998,96.253312,ID,ID-AC,Aceh,Kuala Pesisir,,https://en.wikipedia.org/wiki/Cut_Nyak_Dhien_Airport
KOE,WATT,El Tari Airport,medium,-10.1716,123.670998,ID,ID-NT,Nusa Tenggara Timur (East Nusa Tenggara),Kupang,http://www.kupang-airport.com/,https://en.wikipedia.org/wiki/El_Tari_Airport
DPS,WADD,Denpasar I Gusti Ngurah Rai International Airport,large,-8.748409,115.167123,ID,ID-BA,Bali,"Kuta, Badung",http://www.angkasapura1.co.id/eng/location/bali.htm,https://en.wikipedia.org/wiki/Ngurah_Rai_International_Airport
LSR,WIMU,Alas Leuser Airport,medium,3.391456,97.863726,ID,ID-AC,Aceh,Kutacane,,https://en.wikipedia.org/wiki/Alas_Leuser_Airport
LUV,WAPF,Karel Sadsuitubun Airport,medium,-5.760278,132.759444,ID,ID-MA,Maluku,Langgur,,https://en.wikipedia.org/wiki/Karel_Sadsuitubun_Airport
UPG,WAAA,Sultan Hasanuddin International Airport,large,-5.075539,119.553702,ID,ID-SN,Sulawesi Selatan (South Sulawesi),Makassar,http://www.hasanuddin-airport.co.id/,https://en.wikipedia.org/wiki/Sultan_Hasanuddin_International_Airport
MLG,WARA,Abdul Rachman Saleh Airport,medium,-7.929099,112.714233,ID,ID-JI,Jawa Timur (East Java),Malang,,https://en.wikipedia.org/wiki/Abdul_Rachman_Saleh_Airport
MDC,WAMM,Sam Ratulangi International Airport,large,1.548591,124.92625,ID,ID-SA,Sulawesi Utara (North Sulawesi),Manado,,https://en.wikipedia.org/wiki/Sam_Ratulangi_Airport
MKW,WAUU,Rendani Airport,medium,-0.891833,134.048996,ID,ID-PB,Papua Barat (West Papua),Manokwari,,https://en.wikipedia.org/wiki/Rendani_Airport
LOP,WADL,Lombok International Airport,large,-8.759962,116.278169,ID,ID-NB,Nusa Tenggara Barat (West Nusa Tenggara),"Mataram (Pujut, Lombok Tengah)",http://www.lombok-airport.co.id/,https://en.wikipedia.org/wiki/Lombok_International_Airport
MKQ,WAKK,Mopah International Airport,medium,-8.523898,140.419693,ID,ID-PS,Papua Selatan (South Papua),Merauke,,https://en.wikipedia.org/wiki/Mopah_International_Airport
NAM,WAPN,Namniwel Airport,medium,-3.143159,126.976469,ID,ID-MA,Maluku,Namniwel,,
NPO,WIOG,Nanga Pinoh Airport,medium,-0.34864,111.746155,ID,ID-KB,Kalimantan Barat (West Kalimantan),Nanga Pinoh-Borneo Island,,https://en.wikipedia.org/wiki/Nanga_Pinoh_Airport
OKL,WAJO,Oksibil Airport,medium,-4.9071,140.6277,ID,ID-PP,Papua Pegunungan (Highland Papua),Oksibil,,https://id.wikipedia.org/wiki/Bandar_Udara_Oksibil
PDG,WIEE,Minangkabau International Airport,large,-0.785964,100.280384,ID,ID-SB,Sumatera Barat (West Sumatra),Padang (Katapiang),https://minangkabau-airport.co.id/en/general/about-us,https://en.wikipedia.org/wiki/Minangkabau_International_Airport
PKY,WAGG,Tjilik Riwut Airport,medium,-2.227146,113.943388,ID,ID-KT,Kalimantan Tengah (Central Kalimantan),Palangkaraya,,https://en.wikipedia.org/wiki/Tjilik_Riwut_Airport
PLM,WIPP,Sultan Mahmud Badaruddin II Airport,medium,-2.897653,104.698147,ID,ID-SS,Sumatera Selatan (South Sumatra),Palembang,,https://en.wikipedia.org/wiki/Sultan_Mahmud_Badaruddin_II_Airport
PLW,WAFF,Mutiara - SIS Al-Jufrie Airport,medium,-0.916462,119.908647,ID,ID-ST,Sulawesi Tengah (Central Sulawesi),Palu,,https://en.wikipedia.org/wiki/Mutiara_Airport
PGK,WIKK,Depati Amir Airport,medium,-2.1622,106.139,ID,ID-BB,Bangka Belitung,Pangkal Pinang,,https://en.wikipedia.org/wiki/Pangkalpinang_Airport
PKU,WIBB,Sultan Syarif Kasim II International Airport / Roesmin Nurjadin AFB,medium,0.458647,101.444321,ID,ID-RI,Riau,Pekanbaru,,https://en.wikipedia.org/wiki/Sultan_Syarif_Qasim_II_International_Airport
PNK,WIOO,Supadio International Airport,large,-0.152258,109.404493,ID,ID-KB,Kalimantan Barat (West Kalimantan),Pontianak,http://www.supadio-airport.co.id/,https://en.wikipedia.org/wiki/Supadio_Airport
PSU,WIOP,Pangsuma Airport,medium,0.834579,112.940217,ID,ID-KB,Kalimantan Barat (West Kalimantan),Putussibau-Borneo Island,,https://en.wikipedia.org/wiki/Pangsuma_Airport
NTX,WIDO,Ranai Airport,medium,3.90871,108.388,ID,ID-KR,Kepulauan Riau (Riau Islands),Ranai-Natuna Besar Island,,https://en.wikipedia.org/wiki/Ranai_Airport
AAP,WALS,Aji Pangeran Tumenggung Pranoto International Airport,medium,-0.374478,117.250128,ID,ID-KI,Kalimantan Timur (East Kalimantan),Samarinda,,https://en.wikipedia.org/wiki/Aji_Pangeran_Tumenggung_Pranoto_International_Airport
SRG,WAHS,Jenderal Ahmad Yani Airport,large,-6.970732,110.373244,ID,ID-JT,Jawa Tengah (Central Java),Semarang,https://www.ahmadyani-airport.com/id,https://en.wikipedia.org/wiki/Achmad_Yani_Airport
DJJ,WAJJ,Dortheys Hiyo Eluay International Airport,large,-2.579627,140.519857,ID,ID-PA,Papua,Sentani,https://sentani-airport.co.id/en,https://en.wikipedia.org/wiki/Dortheys_Hiyo_Eluay_International_Airport
FLZ,WIMS,Dr. Ferdinand Lumban Tobing Airport,medium,1.557127,98.887145,ID,ID-SU,Sumatera Utara (North Sumatra),Sibolga (Pinangsori),,https://en.wikipedia.org/wiki/Ferdinand_Lumban_Tobing_Airport
SQG,WIOS,Tebelian Airport,medium,-0.045214,111.458049,ID,ID-KB,Kalimantan Barat (West Kalimantan),Sintang,,https://en.wikipedia.org/wiki/Tebelian_Airport
SOQ,WASS,Domine Eduard Osok Airport,medium,-0.894,131.287,ID,ID-PB,Papua Barat (West Papua),Sorong,,https://en.wikipedia.org/wiki/Domine_Eduard_Osok_Airport
SUB,WARR,Juanda International Airport,large,-7.37983,112.787003,ID,ID-JI,Jawa Timur (East Java),Surabaya,http://www.juanda-airport.com/,https://en.wikipedia.org/wiki/Juanda_International_Airport
SOC,WAHQ,Adisoemarmo International Airport,large,-7.516044,110.757492,ID,ID-JT,Jawa Tengah (Central Java),Surakarta,https://adisumarmo-airport.com/en,https://en.wikipedia.org/wiki/Adisumarmo_Airport
NAH,WAMH,Naha Airport,medium,3.68478,125.527162,ID,ID-SA,Sulawesi Utara (North Sulawesi),"Tabukan Utara, Sangihe Islands",,https://en.wikipedia.org/wiki/Naha_Airport_(Indonesia)
TXE,WITK,Rembele Airport,medium,4.72113,96.851943,ID,ID-AC,Aceh,Takengon,,https://en.wikipedia.org/wiki/Rembele_Airport
PDO,WIPQ,Pendopo Airport,medium,-3.28607,103.879997,ID,ID-SS,Sumatera Selatan (South Sumatra),Talang Gudang-Sumatra Island,,
TMH,WAKT,Tanah Merah Airport,medium,-6.09669,140.303521,ID,ID-PS,Papua Selatan (South Papua),Tanah Merah,,https://en.wikipedia.org/wiki/Tanah_Merah_Airport
TNJ,WIDN,Raja Haji Fisabilillah International Airport,medium,0.92397,104.53341,ID,ID-KR,Kepulauan Riau (Riau Islands),Tanjung Pinang-Bintan Island,,https://en.wikipedia.org/wiki/Raja_Haji_Fisabilillah_Airport
BEJ,WAQT,Kalimarau Airport,medium,2.14776,117.430705,ID,ID-KI,Kalimantan Timur (East Kalimantan),Tanjung Redeb - Borneo Island,,https://en.wikipedia.org/wiki/Kalimarau_Airport
TJG,WAON,Warukin Airport,medium,-2.21656,115.435997,ID,ID-KS,Kalimantan Selatan (South Kalimantan),Tanta-Tabalong,,http://id.wikipedia.org/wiki/Bandar_Udara_Warukin
TRK,WAQQ,Juwata International Airport / Suharnoko Harbani AFB,medium,3.325145,117.564169,ID,ID-KU,Kalimantan Utara (North Kalimantan),Tarakan,http://www.tarakan-airport.com,https://en.wikipedia.org/wiki/Juwata_Airport
TTE,WAEE,Sultan Babullah Airport,medium,0.831012,127.381611,ID,ID-MU,Maluku Utara (North Maluku),Ternate,,https://en.wikipedia.org/wiki/Sultan_Babullah_Airport
TIM,WAYY,Mozes Kilangin Airport,medium,-4.52978,136.887388,ID,ID-PT,Papua Tengah (Central Papua),Timika,,https://en.wikipedia.org/wiki/Mozes_Kilangin_Airport
TRT,WAFB,Toraja Airport,medium,-3.184359,119.919104,ID,ID-SN,Sulawesi Selatan (South Sulawesi),Toraja,,https://en.wikipedia.org/wiki/Toraja_Airport
WMX,WAVV,Wamena Airport,medium,-4.097324,138.952417,ID,ID-PP,Papua Pegunungan (Highland Papua),Wamena,,https://en.wikipedia.org/wiki/Wamena_Airport
WNI,WAWD,Matahora Airport,medium,-5.292123,123.636233,ID,ID-SG,Sulawesi Tenggara (Southeast Sulawesi),Wangi-wangi Island,,https://en.wikipedia.org/wiki/Matahora_Airport
JOG,WAHH,Adisutjipto International Airport,medium,-7.78818,110.431999,ID,ID-YO,Yogyakarta,Yogyakarta,https://adisutjipto-airport.co.id/,https://en.wikipedia.org/wiki/Adisutjipto_Airport
YIA,WAHI,Yogyakarta International Airport,large,-7.905338,110.057264,ID,ID-YO,Yogyakarta,Yogyakarta,https://www.yogyakarta-airport.co.id/,https://en.wikipedia.org/wiki/Yogyakarta_International_Airport
NOC,EIKN,Ireland West Airport Knock,large,53.910439,-8.817002,IE,IE-MO,County Mayo,Charlestown,http://www.irelandwestairport.com/,https://en.wikipedia.org/wiki/Ireland_West_Airport_Knock
ORK,EICK,Cork International Airport,large,51.841301,-8.49111,IE,IE-CO,County Cork,Cork,http://www.corkairport.com/,https://en.wikipedia.org/wiki/Cork_Airport
CFN,EIDL,Donegal Airport,medium,55.044201,-8.341,IE,IE-DL,County Donegal,Donegal,http://www.donegalairport.ie/,https://en.wikipedia.org/wiki/Donegal_Airport
DUB,EIDW,Dublin Airport,large,53.428713,-6.262121,IE,IE-D,County Dublin,Dublin,http://www.dublinairport.com/,https://en.wikipedia.org/wiki/Dublin_Airport
KIR,EIKY,Kerry Airport,medium,52.180901,-9.52378,IE,IE-KY,County Kerry,Farranfore,http://www.kerryairport.ie/,https://en.wikipedia.org/wiki/Kerry_Airport
SNN,EINN,Shannon Airport,large,52.702,-8.92482,IE,IE-CE,County Clare,Shannon,http://www.shannonairport.com/,https://en.wikipedia.org/wiki/Shannon_Airport
ETM,LLER,Ramon International Airport,large,29.727009,35.014116,IL,IL-D,Southern District,Eilat,,https://en.wikipedia.org/wiki/Ramon_Airport#Airlines_and_destinations
HFA,LLHA,Uri Michaeli Haifa International Airport,medium,32.810219,35.043719,IL,IL-HA,Haifa District,Haifa,http://www.iaa.gov.il/Rashat/en-US/Airports/Haifa/,https://en.wikipedia.org/wiki/Haifa_Airport
TLV,LLBG,Ben Gurion International Airport,large,32.011398,34.8867,IL,IL-M,Central District,Tel Aviv,http://www.iaa.gov.il/Rashat/en-US/Airports/BenGurion/,https://en.wikipedia.org/wiki/Ben_Gurion_International_Airport
IOM,EGNS,Isle of Man Airport,large,54.083081,-4.623871,IM,IM-U-A,(unassigned),"Castletown, Rushen",http://www.iom-airport.com/,https://en.wikipedia.org/wiki/Isle_of_Man_Airport
JSA,VIJR,Jaisalmer Airport,medium,26.8887,70.864998,IN,IN-RJ,Rajasthan,,,https://en.wikipedia.org/wiki/Jaisalmer_Airport
TEZ,VETZ,Tezpur Airport,medium,26.709101,92.784698,IN,IN-AS,Assam,,,https://en.wikipedia.org/wiki/Tezpur_Airport
IXA,VEAT,Agartala - Maharaja Bir Bikram Airport,medium,23.886999,91.240402,IN,IN-TR,Tripura,Agartala,,https://en.wikipedia.org/wiki/Agartala_Airport
AGX,VOAT,Agatti Airport,medium,10.8237,72.176003,IN,IN-LD,Lakshadweep,Agatti,,https://en.wikipedia.org/wiki/Agatti_Aerodrome
AGR,VIAG,Agra Airport / Agra Air Force Station,medium,27.157975,77.961025,IN,IN-UP,Uttar Pradesh,Agra,,https://en.wikipedia.org/wiki/Agra_Airport
AMD,VAAH,Sardar Vallabh Patel International Airport,large,23.0772,72.634697,IN,IN-GJ,Gujarat,Ahmedabad,https://www.adani.com/svpia-ahmedabad-airport,https://en.wikipedia.org/wiki/Sardar_Vallabhbhai_Patel_International_Airport
AJL,VELP,Lengpui Airport,medium,23.840599,92.619698,IN,IN-MZ,Mizoram,Aizawl (Lengpui),http://www.aai.aero/allAirports/lengpui.jsp,https://en.wikipedia.org/wiki/Lengpui_Airport
KQH,VIKG,Kishangarh Airport Ajmer,medium,26.591007,74.812956,IN,IN-RJ,Rajasthan,Ajmer (Kishangarh),,https://en.wikipedia.org/wiki/Kishangarh_Airport
IXD,VEAB,Prayagraj Airport,medium,25.4401,81.733902,IN,IN-UP,Uttar Pradesh,Allahabad,https://www.aai.aero/en/node/75695,https://en.wikipedia.org/wiki/Prayagraj_Airport
AHA,VEAP,Maa Mahamaya Airport,medium,22.98753,83.19612,IN,IN-CT,Chhattisgarh,Ambikapur,https://www.aai.aero/en/node/71997,https://en.wikipedia.org/wiki/Maa_Mahamaya_Airport
AVR,VAAM,Amravati  Airport,medium,20.814608,77.717765,IN,IN-MM,Maharashtra,Amravati,,https://en.wikipedia.org/wiki/Amravati_Airport
ATQ,VIAR,Sri Guru Ram Das Ji International Airport,large,31.7096,74.797302,IN,IN-PB,Punjab,Amritsar,http://www.aai.aero/allAirports/amritsar_generalinfo.jsp,https://en.wikipedia.org/wiki/Sri_Guru_Ram_Dass_Jee_International_Airport
IXU,VAAU,Aurangabad Airport,medium,19.862875,75.396312,IN,IN-MM,Maharashtra,Aurangabad,http://aai.aero/allAirports/aurangabad_generalinfo.jsp,https://en.wikipedia.org/wiki/Aurangabad_Airport
BEK,VIBY,Bareilly Air Force Station,medium,28.4221,79.450798,IN,IN-UP,Uttar Pradesh,Bareilly,,https://en.wikipedia.org/wiki/Trishul_Air-base
IXG,VOBM,Belagavi Airport,medium,15.8593,74.618301,IN,IN-KA,Karnataka,Belgaum,,https://en.wikipedia.org/wiki/Belgaum_Airport
BLR,VOBL,Kempegowda International Airport Bengaluru,large,13.1979,77.706299,IN,IN-KA,Karnataka,Bengaluru,http://www.bengaluruairport.com/home/home.jspx,https://en.wikipedia.org/wiki/Kempegowda_International_Airport
BHU,VABV,Bhavnagar Airport,medium,21.752199,72.185204,IN,IN-GJ,Gujarat,Bhavnagar,http://aai.aero/allAirports/bhavnagar.jsp,https://en.wikipedia.org/wiki/Bhavnagar_Airport
UKE,VEUK,Utkela Airport,medium,20.097778,83.183333,IN,IN-OR,Odisha,Bhawanipatna,,https://en.wikipedia.org/wiki/Utkela_Airport
BHO,VABP,Raja Bhoj International Airport,large,23.2875,77.337402,IN,IN-MP,Madhya Pradesh,Bhopal,http://aai.aero/allAirports/bhopal_generalinfo.jsp,https://en.wikipedia.org/wiki/Bhopal_Airport
BBI,VEBS,Biju Patnaik International Airport,large,20.251021,85.814747,IN,IN-OR,Odisha,Bhubaneswar,http://aai.aero/allAirports/bhubaneshwar_generalinfo.jsp,https://en.wikipedia.org/wiki/Biju_Patnaik_Airport
BHJ,VABJ,Bhuj Airport,medium,23.2878,69.670197,IN,IN-GJ,Gujarat,Bhuj,http://aai.aero/allAirports/bhuj_generalinfo.jsp,https://en.wikipedia.org/wiki/Bhuj_Airport
KUU,VIBR,Kullu Manali Airport,medium,31.876699,77.154404,IN,IN-HP,Himachal Pradesh,Bhuntar,,https://en.wikipedia.org/wiki/Kullu%E2%80%93Manali_Airport
PAB,VEBU,Bilaspur Airport,medium,21.9884,82.111,IN,IN-CT,Chhattisgarh,Bilaspur,,https://en.wikipedia.org/wiki/Bilaspur_Airport
CCJ,VOCL,Calicut International Airport,large,11.135996,75.955152,IN,IN-KL,Kerala,Calicut,,https://en.wikipedia.org/wiki/Calicut_International_Airport
IXC,VICG,Shaheed Bhagat Singh International Airport,large,30.6735,76.788498,IN,IN-CH,Chandigarh,Chandigarh,,https://en.wikipedia.org/wiki/Chandigarh_Airport
MAA,VOMM,Chennai International Airport,large,12.990005,80.169296,IN,IN-TN,Tamil Nadu,Chennai,,https://en.wikipedia.org/wiki/Chennai_International_Airport
SDW,VOSR,Sindhudurg Airport,medium,16.002552,73.529846,IN,IN-MM,Maharashtra,Chipi,,https://en.wikipedia.org/wiki/Sindhudurg_Airport
CJB,VOCB,Coimbatore International Airport,large,11.03,77.043404,IN,IN-TN,Tamil Nadu,Coimbatore,http://www.airportsindia.org.in/allAirports/coimbatore_generalinfo.jsp,https://en.wikipedia.org/wiki/Coimbatore_Airport
DBR,VEDH,Darbhanga Airport,medium,26.192801,85.916901,IN,IN-BR,Bihar,Darbhanga,,https://en.wikipedia.org/wiki/Darbhanga_Airport
DED,VIDN,Dehradun Jolly Grant Airport,medium,30.189243,78.176651,IN,IN-UT,Uttarakhand,Dehradun (Jauligrant),http://aai.aero/allAirports/dehradun_generalinfo.jsp,https://en.wikipedia.org/wiki/Jolly_Grant_Airport
DIB,VEMN,Dibrugarh Airport,medium,27.4839,95.016899,IN,IN-AS,Assam,Dibrugarh,,https://en.wikipedia.org/wiki/Dibrugarh_Airport
DMU,VEMR,Dimapur Airport,medium,25.8839,93.771103,IN,IN-NL,Nagaland,Dimapur,,https://en.wikipedia.org/wiki/Dimapur_Airport
RDP,VEDG,Kazi Nazrul Islam Airport,medium,23.6225,87.243,IN,IN-WB,West Bengal,Durgapur,,https://en.wikipedia.org/wiki/Kazi_Nazrul_Islam_Airport
AYJ,VEAY,Maharshi Valmiki International Airport,medium,26.747736,82.163664,IN,IN-UP,Uttar Pradesh,Faizabad,,https://en.wikipedia.org/wiki/Ayodhya_Airport
DXN,VIND,Noida International Airport,large,28.179868,77.611843,IN,IN-UP,Uttar Pradesh,Gautam Buddha Nagar,https://niairport.in/,https://en.wikipedia.org/wiki/Noida_International_Airport
GAY,VEGY,Gaya Airport,medium,24.744301,84.951202,IN,IN-BR,Bihar,Gaya,,https://en.wikipedia.org/wiki/Gaya_Airport
GDB,VAGD,Gondia Airport,medium,21.526817,80.290347,IN,IN-MM,Maharashtra,Gondia,,https://en.wikipedia.org/wiki/Gondia_Airport
GOP,VEGK,Gorakhpur Airport,medium,26.7397,83.449699,IN,IN-UP,Uttar Pradesh,Gorakhpur,http://www.aai.aero/allAirports/gorakhpur.jsp,https://en.wikipedia.org/wiki/Gorakhpur_Airport
GAU,VEGT,Lokpriya Gopinath Bordoloi International Airport,large,26.106654,91.585226,IN,IN-AS,Assam,Guwahati,http://aai.aero/guwahati/index.jsp,https://en.wikipedia.org/wiki/Lokpriya_Gopinath_Bordoloi_International_Airport
GWL,VIGR,Gwalior Airport,medium,26.293301,78.227798,IN,IN-MP,Madhya Pradesh,Gwalior,,https://en.wikipedia.org/wiki/Gwalior_Airport
HWR,VIHX,Halwara International Airport,large,30.748501,75.629799,IN,IN-PB,Punjab,Halwara,,https://en.wikipedia.org/wiki/Ludhiana_Halwara_International_Airport
HSS,VIHR,Maharaja Agrasen International Airport,large,29.186065,75.74142,IN,IN-HR,Haryana,Hisar,,https://en.wikipedia.org/wiki/Hisar_Airport
HGI,VEHO,Itanagar Donyi Polo Hollongi Airport,medium,26.96683,93.638792,IN,IN-AR,Arunachal Pradesh,Hollongi,,https://en.wikipedia.org/wiki/Itanagar_Airport
HBX,VOHB,Hubballi Airport,medium,15.361084,75.082096,IN,IN-KA,Karnataka,Hubballi,http://www.airportsindia.org.in/allAirports/hubli_generalinfo.jsp,https://en.wikipedia.org/wiki/Hubli_Airport
HYD,VOHS,Rajiv Gandhi International Airport,large,17.231318,78.429855,IN,IN-TG,Telangana,Hyderabad,http://www.hyderabad.aero/,https://en.wikipedia.org/wiki/Rajiv_Gandhi_International_Airport
IMF,VEIM,Bir Tikendrajit International Airport,large,24.76,93.896698,IN,IN-MN,Manipur,Imphal,http://www.aai.aero/allAirports/imphal_gen.jsp,https://en.wikipedia.org/wiki/Imphal_Airport
IDR,VAID,Devi Ahilya Bai Holkar International Airport,large,22.721404,75.80051,IN,IN-MP,Madhya Pradesh,Indore,http://aai.aero/allAirports/indore_technicalinfo.jsp,https://en.wikipedia.org/wiki/Devi_Ahilyabai_Holkar_International_Airport
JLR,VAJB,Jabalpur Airport,medium,23.177799,80.052002,IN,IN-MP,Madhya Pradesh,Jabalpur,,https://en.wikipedia.org/wiki/Jabalpur_Airport
JAI,VIJP,Jaipur International Airport,large,26.8242,75.812202,IN,IN-RJ,Rajasthan,Jaipur,https://www.jaipurairport.com/,https://en.wikipedia.org/wiki/Jaipur_International_Airport
IXJ,VIJU,Jammu Airport,medium,32.688849,74.838152,IN,IN-JK,Jammu and Kashmir,Jammu,,https://en.wikipedia.org/wiki/Jammu_Airport
JGA,VAJM,Jamnagar Airport,medium,22.4655,70.012604,IN,IN-GJ,Gujarat,Jamnagar,,https://en.wikipedia.org/wiki/Jamnagar_Airport
JDH,VIJO,Jodhpur Airport,medium,26.251101,73.048897,IN,IN-RJ,Rajasthan,Jodhpur,,https://en.wikipedia.org/wiki/Jodhpur_Airport
JRH,VEJT,Jorhat Airport,medium,26.730456,94.175416,IN,IN-AS,Assam,Jorhat,http://aai.aero/allAirports/jorhat_airpo_gi.jsp,https://en.wikipedia.org/wiki/Jorhat_Airport
CDP,VOCP,Kadapa Airport,medium,14.513154,78.769183,IN,IN-AP,Andhra Pradesh,Kadapa,,https://en.wikipedia.org/wiki/Kadapa_Airport
SAG,VASD,Shirdi International Airport,large,19.689211,74.373655,IN,IN-MM,Maharashtra,Kakadi,,https://en.wikipedia.org/wiki/Shirdi_Airport
IXY,VAKE,Kandla Airport,medium,23.1127,70.100304,IN,IN-GJ,Gujarat,Kandla,http://aai.aero/allAirports/kandla_generalinfo.jsp,https://en.wikipedia.org/wiki/Kandla_Airport
DHM,VIGG,Kangra Airport,medium,32.164902,76.263018,IN,IN-HP,Himachal Pradesh,Kangra,https://www.aai.aero/en/airports/kangra-gaggal,https://en.wikipedia.org/wiki/Kangra_Airport
CNN,VOKN,Kannur International Airport,large,11.916343,75.544979,IN,IN-KL,Kerala,Kannur,,https://en.wikipedia.org/wiki/Kannur_International_Airport
KNU,VECX,Kanpur Airport,medium,26.404301,80.410103,IN,IN-UP,Uttar Pradesh,Kanpur,,https://en.wikipedia.org/wiki/Kanpur_Airport
IXK,VAKS,Keshod Airport,medium,21.317101,70.270401,IN,IN-GJ,Gujarat,Keshod,https://www.aai.aero/en/airports/keshod,https://en.wikipedia.org/wiki/Keshod_Airport
HJR,VEKO,Khajuraho Airport,medium,24.8172,79.918602,IN,IN-MP,Madhya Pradesh,Khajuraho,https://www.aai.aero/en/airports/khajuraho,https://en.wikipedia.org/wiki/Khajuraho_Airport
COK,VOCI,Cochin International Airport,large,10.151047,76.400838,IN,IN-KL,Kerala,Kochi,http://www.cial.aero/,https://en.wikipedia.org/wiki/Cochin_International_Airport
KLH,VAKP,Kolhapur Airport,medium,16.6647,74.289398,IN,IN-MM,Maharashtra,Kolhapur,,https://en.wikipedia.org/wiki/Kolhapur_Airport
CCU,VECC,Netaji Subhash Chandra Bose International Airport,large,22.654012,88.44765,IN,IN-WB,West Bengal,Kolkata,https://www.nscbiairport.com/,https://en.wikipedia.org/wiki/Netaji_Subhash_Chandra_Bose_International_Airport
LTU,VALT,Murod Kond Airport,medium,18.411501,76.464699,IN,IN-MM,Maharashtra,Latur,,https://en.wikipedia.org/wiki/Latur_Airport
IXL,VILH,Leh Kushok Bakula Rimpochee Airport,medium,34.135899,77.546501,IN,IN-LA,Ladakh,Leh,http://airportsindia.org.in/allAirports/leh_generalinfo.jsp,https://en.wikipedia.org/wiki/Leh_Kushok_Bakula_Rimpochee_Airport
IXI,VELR,Lilabari North Lakhimpur Airport,medium,27.295682,94.097266,IN,IN-AS,Assam,Lilabari,,https://en.wikipedia.org/wiki/Lilabari_Airport
LKO,VILK,Chaudhary Charan Singh International Airport,large,26.760599,80.889297,IN,IN-UP,Uttar Pradesh,Lucknow,http://aai.aero/allAirports/lucknow_generalinfo.jsp,https://en.wikipedia.org/wiki/Amausi_Airport
RJA,VORY,Rajahmundry Airport,medium,17.105799,81.813204,IN,IN-AP,Andhra Pradesh,Madhurapudi,http://aai.aero/allAirports/rajahmundry_generalinfo.jsp,https://en.wikipedia.org/wiki/Rajahmundry_Airport
IXM,VOMD,Madurai Airport,medium,9.83451,78.093399,IN,IN-TN,Tamil Nadu,Madurai,http://www.airportsindia.org.in/allAirports/madurai_airpo_gi.jsp,https://en.wikipedia.org/wiki/Madurai_Airport
IXE,VOML,Mangaluru International Airport,large,12.95471,74.886812,IN,IN-KA,Karnataka,Mangaluru,,https://en.wikipedia.org/wiki/Mangalore_International_Airport
GOX,VOGA,Manohar International Airport,large,15.744257,73.860625,IN,IN-GA,Goa,Mopa,https://www.miagoaairport.com/,https://en.wikipedia.org/wiki/Manohar_International_Airport
MZS,VIMB,Moradabad Airport,medium,28.81746,78.92187,IN,IN-UP,Uttar Pradesh,Moradabad,,https://en.wikipedia.org/wiki/Moradabad_Airport
BOM,VABB,Chhatrapati Shivaji Maharaj International Airport,large,19.088699,72.867897,IN,IN-MM,Maharashtra,Mumbai,http://www.csia.in/,https://en.wikipedia.org/wiki/Chhatrapati_Shivaji_International_Airport
MYQ,VOMY,Mysore Airport,medium,12.229751,76.653683,IN,IN-KA,Karnataka,Mysore,,https://en.wikipedia.org/wiki/Mysore_Airport
NAG,VANP,Dr. Babasaheb Ambedkar International Airport,large,21.092199,79.047203,IN,IN-MM,Maharashtra,Nagpur,http://aai.aero/allAirports/nagpur1_generalinfo.jsp,https://en.wikipedia.org/wiki/Dr._Babasaheb_Ambedkar_International_Airport
NDC,VAND,Nanded Airport,medium,19.1833,77.316704,IN,IN-MM,Maharashtra,Nanded,,https://en.wikipedia.org/wiki/Nanded_Airport
ISK,VAOZ,Nashik International Airport,large,20.119101,73.912903,IN,IN-MM,Maharashtra,Nashik,https://www.goindigo.in/airport-directory/india/nashik-isk.html,https://en.wikipedia.org/wiki/Nashik_Airport
NMI,VANM,Navi Mumbai International Airport,large,18.984597,73.065253,IN,IN-MM,Maharashtra,Navi Mumbai,,https://en.wikipedia.org/wiki/Navi_Mumbai_International_Airport
DEL,VIDP,Indira Gandhi International Airport,large,28.55563,77.09519,IN,IN-DL,Delhi (National Capital Territory),New Delhi,https://www.newdelhiairport.in/,https://en.wikipedia.org/wiki/Indira_Gandhi_International_Airport
KJB,VOKU,Kurnool Airport,medium,15.716288,78.16923,IN,IN-AP,Andhra Pradesh,Orvakal,,https://en.wikipedia.org/wiki/Kurnool_Airport
PGH,VIPT,Pantnagar Airport,medium,29.0334,79.473701,IN,IN-UP,Uttar Pradesh,Pantnagar,,https://en.wikipedia.org/wiki/Pantnagar_Airport
IXP,VIPK,Pathankot Airport,medium,32.233611,75.634444,IN,IN-PB,Punjab,Pathankot,,https://en.wikipedia.org/wiki/Pathankot_Airport
PAT,VEPT,Jay Prakash Narayan Airport,medium,25.591299,85.087997,IN,IN-BR,Bihar,Patna,http://airportsindia.org.in/allAirports/patna_techinfo.jsp,https://en.wikipedia.org/wiki/Jay_Prakash_Narayan_Airport
PBD,VAPR,Porbandar Airport,medium,21.649524,69.656405,IN,IN-GJ,Gujarat,Porbandar,http://www.airportsindia.org.in/allAirports/porbander.jsp,https://en.wikipedia.org/wiki/Porbandar_Airport
IXZ,VOPB,Veer Savarkar International Airport / INS Utkrosh,large,11.640194,92.72902,IN,IN-AN,Andaman and Nicobar Islands,Port Blair,,https://en.wikipedia.org/wiki/Veer_Savarkar_International_Airport
PNY,VOPC,Pondicherry Airport,medium,11.968,79.812,IN,IN-PY,Pondicherry,Puducherry (Pondicherry),,https://en.wikipedia.org/wiki/Pondicherry_Airport
PNQ,VAPO,Pune International Airport,large,18.5821,73.919701,IN,IN-MM,Maharashtra,Pune,,https://en.wikipedia.org/wiki/Pune_Airport
RPR,VERP,Swami Vivekananda Airport,medium,21.180401,81.7388,IN,IN-CT,Chhattisgarh,Raipur,http://aai.aero/allAirports/raipur_generalinfo.jsp,https://en.wikipedia.org/wiki/Swami_Vivekananda_Airport
HSR,VAHS,Rajkot International Airport,large,22.378824,71.039391,IN,IN-GJ,Gujarat,Rajkot,,https://en.wikipedia.org/wiki/Rajkot_International_Airport
IXR,VERC,Birsa Munda Airport,medium,23.314301,85.321701,IN,IN-JH,Jharkhand,Ranchi,http://airportsindia.org.in/allAirports/ranchi.jsp,https://en.wikipedia.org/wiki/Birsa_Munda_Airport
REW,VERW,"Rewa Airport, Chorhata, REWA",medium,24.503401,81.220299,IN,IN-MP,Madhya Pradesh,Rewa,,https://en.wikipedia.org/wiki/Rewa_Airport
SHL,VEBI,Shillong Airport,medium,25.7036,91.978699,IN,IN-ML,Meghalaya,Shillong,,https://en.wikipedia.org/wiki/Shillong_Airport
IXS,VEKU,Silchar Airport,medium,24.912901,92.978699,IN,IN-AS,Assam,Silchar,http://aai.aero/allAirports/silchar_general.jsp,https://en.wikipedia.org/wiki/Silchar_Airport
IXB,VEBD,Bagdogra Airport,large,26.6812,88.328598,IN,IN-WB,West Bengal,Siliguri,http://aai.aero/allAirports/bagdogra_generalinfo.jsp,https://en.wikipedia.org/wiki/Bagdogra_Airport
SXR,VISR,Srinagar International Airport,large,33.987099,74.7742,IN,IN-JK,Jammu and Kashmir,Srinagar,,https://en.wikipedia.org/wiki/Srinagar_Airport
STV,VASU,Surat International Airport,large,21.115531,72.743251,IN,IN-GJ,Gujarat,Surat,https://suratinternationalairport.com/,https://en.wikipedia.org/wiki/Surat_Airport
TRV,VOTV,Thiruvananthapuram International Airport,large,8.481889,76.920029,IN,IN-KL,Kerala,Thiruvananthapuram,https://www.adani.com/thiruvananthapuram-airport,https://en.wikipedia.org/wiki/Trivandrum_International_Airport
TRZ,VOTR,Tiruchirappalli International Airport,large,10.762915,78.717741,IN,IN-TN,Tamil Nadu,Tiruchirappalli,,https://en.wikipedia.org/wiki/Tiruchirappalli_International_Airport
TIR,VOTP,Tirupati International Airport,large,13.631988,79.539869,IN,IN-AP,Andhra Pradesh,Tirupati,http://aai.aero/allAirports/tirupati_generalinfo.jsp,https://en.wikipedia.org/wiki/Tirupati_Airport
UDR,VAUD,Maharana Pratap Airport,medium,24.617701,73.896103,IN,IN-RJ,Rajasthan,Udaipur,http://www.airportsindia.org.in/allAirports/udaipur_airpo_gi.jsp,https://en.wikipedia.org/wiki/Udaipur_Airport
BDQ,VABO,Vadodara International Airport,large,22.336201,73.226303,IN,IN-GJ,Gujarat,Vadodara,http://aai.aero/allAirports/vadodara_generalinfo.jsp,https://en.wikipedia.org/wiki/Vadodara_Airport
VNS,VEBN,Lal Bahadur Shastri International Airport,large,25.452171,82.862549,IN,IN-UP,Uttar Pradesh,Varanasi,https://www.aai.aero/en/airports/varanasi,https://en.wikipedia.org/wiki/Lal_Bahadur_Shastri_Airport
GOI,VOGO,Goa Dabolim International Airport,large,15.380062,73.833328,IN,IN-GA,Goa,Vasco da Gama,,https://en.wikipedia.org/wiki/Dabolim_Airport
VGA,VOBZ,Vijayawada International Airport,large,16.530011,80.804888,IN,IN-AP,Andhra Pradesh,Vijayawada,https://www.aai.aero/en/airports/vijayawada,https://en.wikipedia.org/wiki/Vijayawada_Airport
VTZ,VOVI,Alluri Sitarama Raju International Airport (Vizag),large,17.971512,83.503617,IN,IN-AP,Andhra Pradesh,Visakhapatnam,https://www.asrivizagairport.com,https://en.wikipedia.org/wiki/Alluri_Sitarama_Raju_International_Airport
EBL,ORER,Erbil International Airport,large,36.236047,43.946615,IQ,IQ-AR,Erbil Governorate,Arbil,,https://en.wikipedia.org/wiki/Erbil_International_Airport
BGW,ORBI,Baghdad International Airport / New Al Muthana Air Base,large,33.262501,44.2346,IQ,IQ-BG,Baghdad Governorate,Baghdad,,https://en.wikipedia.org/wiki/Baghdad_International_Airport
BSR,ORMM,Basra International Airport,large,30.549101,47.662102,IQ,IQ-BA,Basra Governorate,Basra,http://www.basrainternationalairport.com,https://en.wikipedia.org/wiki/Basra_International_Airport
KIK,ORKK,Kirkuk International Airport,large,35.469501,44.3489,IQ,IQ-TS,Kirkuk Governorate,Kirkuk,,https://en.wikipedia.org/wiki/Kirkuk_International_Airport
NJF,ORNI,Al Najaf International Airport,large,31.991116,44.405019,IQ,IQ-NA,Najaf Governorate,Najaf,http://www.alnajafairport.net/,https://en.wikipedia.org/wiki/Al_Najaf_International_Airport
ISU,ORSJ,Jalal Talabani International Airport,medium,35.560487,45.315137,IQ,IQ-SW,As-Sulaymaniyyah Governorate,Sulaymaniyah,,https://en.wikipedia.org/wiki/Jalal_Talabani_International_Airport
KHD,OICK,Khoram Abad Airport,medium,33.435398,48.282902,IR,IR-15,Lorestan Province,,,https://en.wikipedia.org/wiki/Khorramabad_Airport
SDG,OICS,Sanandaj Airport,medium,35.245899,47.009201,IR,IR-12,Kurdistan Province,,,https://en.wikipedia.org/wiki/Sanandaj_Airport
ABD,OIAA,Abadan Ayatollah Jami International Airport,large,30.367887,48.230075,IR,IR-06,Khuzestan Province,Abadan,,https://en.wikipedia.org/wiki/Abadan_Airport
AEU,OIBA,Abu Musa Island Airport,medium,25.8757,55.033001,IR,IR-22,Hormozgan Province,Abu Musa,,https://en.wikipedia.org/wiki/Abu_Musa_Airport
AWZ,OIAW,Qasem Soleimani International Airport,large,31.3364,48.763789,IR,IR-06,Khuzestan Province,Ahvaz,http://ahwaz.airport.ir/,https://en.wikipedia.org/wiki/Ahvaz_International_Airport
ADU,OITL,Ardabil Airport,medium,38.325699,48.4244,IR,IR-24,Ardabil Province,Ardabil,,https://en.wikipedia.org/wiki/Ardabil_Airport
BXR,OIKM,Bam Airport,medium,29.0842,58.450001,IR,IR-08,Kerman Province,Bam,,https://en.wikipedia.org/wiki/Bam_Airport
BND,OIKB,Bandar Abbas International Airport,large,27.2183,56.3778,IR,IR-22,Hormozgan Province,Bandar Abbas,,https://en.wikipedia.org/wiki/Bandar_Abbas_International_Airport
BDH,OIBL,Bandar Lengeh International Airport,medium,26.532283,54.82484,IR,IR-22,Hormozgan Province,Bandar Lengeh,,https://en.wikipedia.org/wiki/Bandar_Lengeh_Airport
XBJ,OIMB,Birjand International Airport,large,32.896525,59.281258,IR,IR-29,South Khorasan Province,Birjand,,https://en.wikipedia.org/wiki/Birjand_Airport
BJB,OIMN,Bojnord Airport,medium,37.493,57.308201,IR,IR-28,North Khorasan Province,Bojnord,,https://en.wikipedia.org/wiki/Bojnourd_Airport
BUZ,OIBB,Bushehr Airport,medium,28.944799,50.834599,IR,IR-18,Bushehr Province,Bushehr,,https://en.wikipedia.org/wiki/Bushehr_Airport
DEF,OIAD,Dezful Airport,medium,32.434399,48.397598,IR,IR-06,Khuzestan Province,Dezful,,https://en.wikipedia.org/wiki/Dezful_Airport
GCH,OIAH,Gachsaran Airport,medium,30.333869,50.833796,IR,IR-17,Kohgiluyeh and Boyer-Ahmad Province,Gachsaran,,https://en.wikipedia.org/wiki/Gachsaran_Airport
HDM,OIHH,Hamadan Airport,medium,34.866416,48.56069,IR,IR-13,Hamadan Province,Hamadan,,https://en.wikipedia.org/wiki/Hamadan_International_Airport
IFN,OIFM,Isfahan Shahid Beheshti International Airport,large,32.755142,51.883877,IR,IR-10,Isfahan Province,Isfahan,,https://en.wikipedia.org/wiki/Isfahan_International_Airport
PYK,OIIP,Payam International Airport,large,35.7761,50.826698,IR,IR-30,Alborz Province,Karaj,,https://en.wikipedia.org/wiki/Payam_International_Airport
KKS,OIFK,Kashan Airport,medium,33.895302,51.577,IR,IR-10,Isfahan Province,Kashan,,https://en.wikipedia.org/wiki/Kashan_Airport
KER,OIKK,Ayatollah Hashemi Rafsanjani International Airport,large,30.271276,56.949692,IR,IR-08,Kerman Province,Kerman,,https://en.wikipedia.org/wiki/Ayatollah_Hashemi_Rafsanjani_Airport
KSH,OICC,Shahid Ashrafi Esfahani Airport,medium,34.345901,47.1581,IR,IR-05,Kermanshah Province,Kermanshah,,https://en.wikipedia.org/wiki/Shahid_Ashrafi_Esfahani_Airport
KHK,OIBQ,Khark Airport,medium,29.260503,50.322193,IR,IR-18,Bushehr Province,Khark,,https://en.wikipedia.org/wiki/Kharg_Airport
PGU,OIBP,Persian Gulf International Airport,medium,27.379601,52.737701,IR,IR-18,Bushehr Province,Khiyaroo,,https://en.wikipedia.org/wiki/Persian_Gulf_Airport
KIH,OIBK,Kish International Airport,large,26.525427,53.980462,IR,IR-22,Hormozgan Province,Kish Island,https://kishairport.ir,https://en.wikipedia.org/wiki/Kish_Airport
ZBR,OIZC,Chabahar Konarak International Airport,medium,25.44319,60.382167,IR,IR-11,Sistan and Baluchestan Province,Konarak,,https://en.wikipedia.org/wiki/Chabahar_Konarak_Airport
LFM,OISR,Lamerd Airport,medium,27.3727,53.188801,IR,IR-07,Fars Province,Lamerd,,https://en.wikipedia.org/wiki/Lamerd_Airport
LRR,OISL,Lar Airport,medium,27.6747,54.383301,IR,IR-07,Fars Province,Lar,,https://en.wikipedia.org/wiki/Larestan_International_Airport
MRX,OIAM,Mahshahr Airport,medium,30.5562,49.151901,IR,IR-06,Khuzestan Province,Mahshahr,,https://en.wikipedia.org/wiki/Mahshahr_Airport
MHD,OIMM,Mashhad International Airport,large,36.234821,59.642949,IR,IR-09,Razavi Khorasan Province,Mashhad,https://mashhad.airport.ir/,https://en.wikipedia.org/wiki/Mashhad_International_Airport
NSH,OINN,Nowshahr Airport,medium,36.664286,51.46273,IR,IR-02,Mazandaran Province,Nowshahr,,https://en.wikipedia.org/wiki/Noshahr_Airport
GSM,OIKQ,Qeshm International Airport,large,26.754639,55.902353,IR,IR-22,Hormozgan Province,Qeshm(Dayrestan),,https://en.wikipedia.org/wiki/Qeshm_International_Airport
RJN,OIKR,Rafsanjan Airport,medium,30.298345,56.048979,IR,IR-08,Kerman Province,Rafsanjan,,https://en.wikipedia.org/wiki/Rafsanjan_Airport
RZR,OINR,Ramsar Airport,medium,36.90701,50.687316,IR,IR-02,Mazandaran Province,Ramsar,,https://en.wikipedia.org/wiki/Ramsar_Airport
RAS,OIGG,Sardar-e-Jangal Airport,medium,37.323333,49.617778,IR,IR-01,Gilan Province,Rasht,http://rasht.airport.ir/HomePage.aspx?site=rasht.airport&lang=fa-IR&tabid=0,https://en.wikipedia.org/wiki/Rasht_Airport
AFZ,OIMS,Sabzevar National Airport,medium,36.168098,57.5952,IR,IR-09,Razavi Khorasan Province,Sabzevar,,https://en.wikipedia.org/wiki/Sabzevar_Airport
SRY,OINZ,Sari Dasht-e Naz International Airport,medium,36.644408,53.188761,IR,IR-02,Mazandaran Province,Sari,,https://en.wikipedia.org/wiki/Dasht-e_Naz_Airport
SYZ,OISS,Shiraz Shahid Dastghaib International Airport,large,29.5392,52.589802,IR,IR-07,Fars Province,Shiraz,http://shirazairport.ir/,https://en.wikipedia.org/wiki/Shiraz_International_Airport
TBZ,OITT,Tabriz International Airport,large,38.1339,46.235001,IR,IR-03,East Azerbaijan Province,Tabriz,https://www.tabrizairport.ir/,https://en.wikipedia.org/wiki/Tabriz_International_Airport
IKA,OIIE,Imam Khomeini International Airport,large,35.4161,51.152199,IR,IR-23,Tehran Province,Tehran,http://www.ikia.ir/,https://en.wikipedia.org/wiki/Imam_Khomeini_International_Airport
THR,OIII,Mehrabad International Airport,large,35.689175,51.314392,IR,IR-23,Tehran Province,Tehran,,https://en.wikipedia.org/wiki/Mehrabad_International_Airport
OMH,OITR,Urmia Airport,medium,37.668098,45.068699,IR,IR-04,West Azerbaijan Province,Urmia,,https://en.wikipedia.org/wiki/Urmia_Airport
AZD,OIYY,Shahid Sadooghi Airport,medium,31.9049,54.276501,IR,IR-21,Yazd Province,Yazd,,https://en.wikipedia.org/wiki/Shahid_Sadooghi_Airport
ZAH,OIZH,Zahedan International Airport,large,29.4757,60.9062,IR,IR-11,Sistan and Baluchestan Province,Zahedan,https://zahedan.airport.ir/,https://en.wikipedia.org/wiki/Zahedan_International_Airport
AEY,BIAR,Akureyri International Airport,large,65.656573,-18.072018,IS,IS-6,Northeastern Region,Akureyri,https://www.innanlandsflugvellir.is/en/akureyri-airport/,https://en.wikipedia.org/wiki/Akureyri_Airport
EGS,BIEG,Egilsstaðir Airport,medium,65.283302,-14.4014,IS,IS-7,Eastern Region,Egilsstaðir,,https://en.wikipedia.org/wiki/Egilssta%C3%B0ir_Airport
GRY,BIGR,Grímsey Airport,medium,66.5458,-18.0173,IS,IS-6,Northeastern Region,Grímsey/Sandvík,https://www.innanlandsflugvellir.is/en/grimsey-airport,https://en.wikipedia.org/wiki/Gr%C3%ADmsey_Airport
HFN,BIHN,Hornafjörður Airport,medium,64.295601,-15.2272,IS,IS-8,Southern Region,Höfn,,https://en.wikipedia.org/wiki/Hornafj%C3%B6r%C3%B0ur_Airport
KEF,BIKF,Keflavik International Airport,large,63.985001,-22.6056,IS,IS-2,Southern Peninsula,Reykjavík,https://www.isavia.is/en/keflavik-airport,https://en.wikipedia.org/wiki/Keflav%C3%ADk_International_Airport
RKV,BIRK,Reykjavík Domestic Airport,medium,64.128732,-21.93759,IS,IS-1,Capital Region,Reykjavík,,https://en.wikipedia.org/wiki/Reykjav%C3%ADk_Airport
VPN,BIVO,Vopnafjörður Airport,medium,65.720596,-14.8506,IS,IS-7,Eastern Region,Vopnafjörður,,https://en.wikipedia.org/wiki/Vopnafj%C3%B6r%C3%B0ur_Airport
IFJ,BIIS,Ísafjörður Airport,medium,66.058098,-23.1353,IS,IS-4,Westfjords,Ísafjörður,https://www.isavia.is/en/isafjordur-airport,https://en.wikipedia.org/wiki/%C3%8Dsafj%C3%B6r%C3%B0ur_Airport
AHO,LIEA,Alghero-Fertilia Airport,medium,40.632099,8.29077,IT,IT-88,Sardinia,Alghero,http://www.aeroportodialghero.it/home_en.asp,https://en.wikipedia.org/wiki/Alghero-Fertilia_Airport
BRI,LIBD,Bari Karol Wojtyła International Airport,large,41.138901,16.760599,IT,IT-75,Apulia,Bari,http://www.seap-puglia.it/default.asp?idlingua=2&idcontenuto=25,https://en.wikipedia.org/wiki/Bari_Karol_Wojty%C5%82a_Airport
BLQ,LIPE,Bologna Guglielmo Marconi Airport,large,44.5354,11.2887,IT,IT-45,Emilia-Romagna,Bologna,http://www.bologna-airport.it/?LN=UK,https://en.wikipedia.org/wiki/Bologna_Airport
BZO,LIPB,Bolzano Airport,medium,46.459245,11.326125,IT,IT-32,Trentino-Alto Adige,Bolzano (BZ),http://www.abd-airport.it/en/home.htm,https://en.wikipedia.org/wiki/Bolzano_Airport
BDS,LIBR,Brindisi Airport,large,40.6576,17.947001,IT,IT-75,Apulia,Brindisi,http://www.seap-puglia.it/default.asp?idlingua=2&idcontenuto=29,https://en.wikipedia.org/wiki/Brindisi_Airport
CAG,LIEE,Cagliari Elmas Airport,large,39.251499,9.05428,IT,IT-88,Sardinia,Cagliari,http://www.cagliariairport.it/en/,https://en.wikipedia.org/wiki/Cagliari_Elmas_Airport
EBA,LIRJ,Marina di Campo Airport,medium,42.760871,10.239811,IT,IT-52,Tuscany,Campo nell'Elba (LI),,https://en.wikipedia.org/wiki/Marina_di_Campo_Airport
VRN,LIPX,Verona Villafranca Valerio Catullo Airport,large,45.394955,10.887303,IT,IT-34,Veneto,Caselle (VR),http://www.aeroportoverona.it/,https://en.wikipedia.org/wiki/Verona_Airport
TRN,LIMF,Turin Airport,large,45.200802,7.64963,IT,IT-21,Piedmont,Caselle Torinese (TO),http://www.aeroportoditorino.it/,https://en.wikipedia.org/wiki/Turin_International_Airport
CTA,LICC,Catania-Fontanarossa Airport,large,37.466801,15.0664,IT,IT-82,Sicily,Catania,http://www.aeroporto.catania.it/,https://en.wikipedia.org/wiki/Catania-Fontanarossa_Airport
CIY,LICB,Comiso Airport,medium,36.99583,14.60889,IT,IT-82,Sicily,Comiso,http://www.aeroportodicomiso.it/,https://en.wikipedia.org/wiki/Comiso_Airport
AOI,LIPY,Marche Airport,medium,43.616299,13.3623,IT,IT-57,Marche,Falconara Marittima (AN),http://www.aeroportomarche.com/index.php?lang=english,https://en.wikipedia.org/wiki/Marche_Airport
MXP,LIMC,Milan Malpensa International Airport,large,45.6306,8.72811,IT,IT-25,Lombardy,Ferno (VA),http://www.sea-aeroportimilano.it/en/malpensa/index.phtml,https://en.wikipedia.org/wiki/Malpensa_Airport
FLR,LIRQ,"Florence Airport, Peretola",large,43.808558,11.202822,IT,IT-52,Tuscany,Firenze (FI),http://www.aeroporto.firenze.it/,https://en.wikipedia.org/wiki/Florence_Airport
FOG,LIBF,Foggia Gino Lisa Airport,medium,41.433596,15.534566,IT,IT-75,Apulia,Foggia (FG),,https://en.wikipedia.org/wiki/Foggia_%22Gino_Lisa%22_Airport
FRL,LIPK,Forlì-Luigi Ridolfi International Airport,medium,44.194801,12.0701,IT,IT-45,Emilia-Romagna,Forlì (FC),https://www.forliairport.net/,https://en.wikipedia.org/wiki/Forl%C3%AC_Airport
GOA,LIMJ,Genoa Cristoforo Colombo Airport,large,44.412039,8.840732,IT,IT-42,Liguria,Genova (GE),http://www.aeroportodigenova.com/en/home/index.php,https://en.wikipedia.org/wiki/Genoa_Cristoforo_Colombo_Airport
CRV,LIBC,Crotone Sant'Anna Pythagoras Airport,medium,38.9972,17.0802,IT,IT-78,Calabria,Isola di Capo Rizzuto (KR),http://www.aeroporto.kr.it/cartaservizi_eng.asp,https://en.wikipedia.org/wiki/Crotone_Airport
SUF,LICA,Lamezia Terme Sant'Eufemia International Airport,large,38.906214,16.246007,IT,IT-78,Calabria,Lamezia Terme (CZ),,https://en.wikipedia.org/wiki/Lamezia_Terme_International_Airport
LMP,LICD,Lampedusa Airport,medium,35.497898,12.6181,IT,IT-82,Sicily,Lampedusa,,https://en.wikipedia.org/wiki/Lampedusa_Airport
CUF,LIMZ,Cuneo International Airport,medium,44.547458,7.623045,IT,IT-21,Piedmont,Levaldigi (CN),http://www.aeroporto.cuneo.it/,https://en.wikipedia.org/wiki/Cuneo_International_Airport
VBS,LIPO,Brescia Gabriele d'Annunzio Airport,medium,45.428902,10.3306,IT,IT-25,Lombardy,Montichiari (BS),http://www.aeroportobrescia.it/en/business_t6/,https://en.wikipedia.org/wiki/Brescia_Airport
NAP,LIRN,Naples International Airport,large,40.886002,14.2908,IT,IT-72,Campania,Napoli,http://www.portal.gesac.it/,https://en.wikipedia.org/wiki/Naples_International_Airport
OLB,LIEO,Olbia Costa Smeralda Airport,large,40.898953,9.518457,IT,IT-88,Sardinia,Olbia (SS),https://www.geasar.it/en,https://en.wikipedia.org/wiki/Olbia_Costa_Smeralda_Airport
BGY,LIME,Il Caravaggio International Airport,large,45.669362,9.708851,IT,IT-25,Lombardy,Orio al Serio (BG),http://www.sacbo.it/,https://en.wikipedia.org/wiki/Orio_al_Serio_International_Airport
PMO,LICJ,Falcone–Borsellino Airport,large,38.175999,13.091,IT,IT-82,Sicily,Palermo,http://www.gesap.it/index.php,https://en.wikipedia.org/wiki/Falcone%E2%80%93Borsellino_Airport
PNL,LICG,Pantelleria Airport,medium,36.816502,11.9689,IT,IT-82,Sicily,Pantelleria (TP),,https://en.wikipedia.org/wiki/Pantelleria_Airport
PMF,LIMP,Parma Airport,medium,44.826351,10.29705,IT,IT-45,Emilia-Romagna,Parma (PR),,https://en.wikipedia.org/wiki/Parma_Airport
PEG,LIRZ,Perugia San Francesco d'Assisi – Umbria International Airport,large,43.095901,12.5132,IT,IT-55,Umbria,Perugia (PG),http://www.airport.umbria.it/,https://en.wikipedia.org/wiki/Perugia_San_Francesco_d%27Assisi_%E2%80%93_Umbria_International_Airport
PSR,LIBP,Abruzzo Airport,large,42.431079,14.182981,IT,IT-65,Abruzzi,Pescara,http://www.abruzzo-airport.it/eng/index.php,https://en.wikipedia.org/wiki/Abruzzo_Airport
PSA,LIRP,Pisa International Airport,large,43.683899,10.3927,IT,IT-52,Tuscany,Pisa (PI),http://www.pisa-airport.com/,https://en.wikipedia.org/wiki/Pisa_International_Airport
REG,LICR,Reggio Calabria Airport,medium,38.071201,15.6516,IT,IT-78,Calabria,Reggio Calabria,,https://en.wikipedia.org/wiki/Reggio_Calabria_Airport
RMI,LIPR,Federico Fellini International Airport,large,44.020024,12.612198,IT,IT-45,Emilia-Romagna,Rimini (RN),http://www.riminiairport.com/english/,https://en.wikipedia.org/wiki/Federico_Fellini_International_Airport
CIA,LIRA,Ciampino–G. B. Pastine International Airport,large,41.798769,12.595331,IT,IT-62,Lazio,Rome,,https://en.wikipedia.org/wiki/Ciampino%E2%80%93G._B._Pastine_International_Airport
FCO,LIRF,Rome–Fiumicino Leonardo da Vinci International Airport,large,41.804532,12.251998,IT,IT-62,Lazio,Rome,http://www.adr.it/portal/portal/adr/Fiumicino/Leonardo_da_vinci/Header_Window?action=2,https://en.wikipedia.org/wiki/Rome_Fiumicino_Airport
TRS,LIPQ,Trieste Airport,large,45.827862,13.466672,IT,IT-36,Friuli-Venezia Giulia,Ronchi dei Legionari/Trieste,http://www.triesteairport.it,https://en.wikipedia.org/wiki/Trieste_%E2%80%93_Friuli_Venezia_Giulia_Airport
QSR,LIRI,Salerno Costa d'Amalfi Airport,medium,40.620399,14.9113,IT,IT-72,Campania,Salerno,http://www.aeroportosalerno.it/,https://en.wikipedia.org/wiki/Salerno_Costa_d%27Amalfi_Airport
LIN,LIML,Milano Linate Airport,large,45.445099,9.27674,IT,IT-25,Lombardy,Segrate (MI),http://www.sea-aeroportimilano.it/en/,https://en.wikipedia.org/wiki/Linate_Airport
TPS,LICT,Vincenzo Florio Airport Trapani-Birgi,medium,37.9114,12.488,IT,IT-82,Sicily,Trapani (TP),,https://en.wikipedia.org/wiki/Vincenzo_Florio_Airport_Trapani%E2%80%93Birgi
TSF,LIPH,Treviso Airport,large,45.648399,12.1944,IT,IT-34,Veneto,Treviso (TV),http://www.trevisoairport.it,https://en.wikipedia.org/wiki/Treviso_Airport
VCE,LIPZ,Venice Marco Polo Airport,large,45.505299,12.3519,IT,IT-34,Veneto,Venezia (VE),http://www.veniceairport.com/core/index.jsp?_requestid=37300&language=en,https://en.wikipedia.org/wiki/Venice_Marco_Polo_Airport
JER,EGJJ,Jersey Airport,medium,49.207901,-2.19551,JE,JE-U-A,(unassigned),St. Peter,http://www.jerseyairport.com/,https://en.wikipedia.org/wiki/Jersey_Airport
OCJ,MKBS,Ian Fleming International Airport,medium,18.404079,-76.969754,JM,JM-05,Saint Mary Parish,Boscobel,http://www.aaj.com.jm/ourairports/index.php#boscobel,https://en.wikipedia.org/wiki/Ian_Fleming_International_Airport
KIN,MKJP,Norman Manley International Airport,large,17.935699,-76.787498,JM,JM-01,Kingston Parish,Kingston,,https://en.wikipedia.org/wiki/Norman_Manley_International_Airport
MBJ,MKJS,Sangster International Airport,large,18.50342,-77.91323,JM,JM-08,Saint James Parish,Montego Bay,https://www.mbjairport.com/,https://en.wikipedia.org/wiki/Sangster_International_Airport
KTP,MKTP,Tinson Pen Airport,medium,17.9886,-76.823799,JM,JM-02,Saint Andrew Parish,Tinson Pen,,https://en.wikipedia.org/wiki/Tinson_Pen_Airport
ADJ,OJAM,Marka International (Amman Civil) Airport,large,31.9727,35.9916,JO,JO-AM,Amman Governorate,Amman,https://jac.jo,https://en.wikipedia.org/wiki/Amman_Civil_Airport
AMM,OJAI,Queen Alia International Airport,large,31.722601,35.993198,JO,JO-AM,Amman Governorate,Amman,,https://en.wikipedia.org/wiki/Queen_Alia_International_Airport
AQJ,OJAQ,King Hussein International Airport,large,29.611601,35.018101,JO,JO-AQ,Al 'Aqaba Governorate,Aqaba,,https://en.wikipedia.org/wiki/Aqaba_Airport
AXT,RJSK,Akita Airport,medium,39.615601,140.218994,JP,JP-05,Akita Prefecture,Akita,,https://en.wikipedia.org/wiki/Akita_Airport
TKN,RJKN,Tokunoshima Airport,medium,27.836382,128.881356,JP,JP-46,Kagoshima Prefecture,Amagi,,https://en.wikipedia.org/wiki/Tokunoshima_Airport
AXJ,RJDA,Amakusa Airport,medium,32.482498,130.158997,JP,JP-43,Kumamoto Prefecture,Amakusa,,https://en.wikipedia.org/wiki/Amakusa_Airfield
ASJ,RJKA,Amami Airport,medium,28.430599,129.712997,JP,JP-46,Kagoshima Prefecture,Amami,,https://en.wikipedia.org/wiki/Amami_Airport
AOJ,RJSA,Aomori Airport,large,40.733777,140.689477,JP,JP-02,Aomori Prefecture,Aomori,https://aomori-airport.co.jp,https://en.wikipedia.org/wiki/Aomori_Airport
FUK,RJFF,Fukuoka Airport,large,33.585899,130.451004,JP,JP-40,Fukuoka Prefecture,Fukuoka,http://www.fuk-ab.co.jp/english/frame_index.html,https://en.wikipedia.org/wiki/Fukuoka_Airport
FUJ,RJFE,Fukue Airport,medium,32.666302,128.832993,JP,JP-42,Nagasaki Prefecture,Goto,,https://en.wikipedia.org/wiki/Fukue_Airport
HAC,RJTH,Hachijojima Airport,medium,33.114843,139.785645,JP,JP-13,Tōkyō Prefecture,Hachijojima,https://hachijoapo.net/,https://en.wikipedia.org/wiki/Hachijojima_Airport
HKD,RJCH,Hakodate Airport,large,41.77,140.822006,JP,JP-01,Hokkaidō Prefecture,Hakodate,https://www.hokkaido-airports.com/ja/hakodate/,https://en.wikipedia.org/wiki/Hakodate_Airport
HNA,RJSI,Iwate Hanamaki Airport,medium,39.4286,141.134995,JP,JP-03,Iwate Prefecture,Hanamaki,,https://en.wikipedia.org/wiki/Hanamaki_Airport
AKJ,RJEC,Asahikawa Airport,medium,43.670799,142.447006,JP,JP-01,Hokkaidō Prefecture,Higashikagura,,https://en.wikipedia.org/wiki/Asahikawa_Airport
GAJ,RJSC,Yamagata Airport,medium,38.4119,140.371002,JP,JP-06,Yamagata Prefecture,Higashine,,https://en.wikipedia.org/wiki/Yamagata_Airport
HIJ,RJOA,Hiroshima Airport,large,34.4361,132.919006,JP,JP-34,Hiroshima Prefecture,Hiroshima,https://hij.airport.jp,https://en.wikipedia.org/wiki/Hiroshima_Airport
IKI,RJDB,Iki Airport,medium,33.749001,129.785004,JP,JP-42,Nagasaki Prefecture,Iki,,https://en.wikipedia.org/wiki/Iki_Airport
ISG,ROIG,New Ishigaki Airport,medium,24.396389,124.245,JP,JP-47,Okinawa Prefecture,Ishigaki,https://www.ishigaki-airport.co.jp/en/,https://en.wikipedia.org/wiki/New_Ishigaki_Airport
IWK,RJOI,Iwakuni Kintaikyo Airport,medium,34.146333,132.247238,JP,JP-35,Yamaguchi Prefecture,Iwakuni,http://www.iwakuni-airport.jp/,https://en.wikipedia.org/wiki/Marine_Corps_Air_Station_Iwakuni
OIM,RJTO,Oshima Airport,medium,34.782001,139.360001,JP,JP-13,Tōkyō Prefecture,Izu Oshima,,https://en.wikipedia.org/wiki/Oshima_Airport
IZO,RJOC,Izumo Enmusubi Airport,medium,35.413601,132.889999,JP,JP-32,Shimane Prefecture,Izumo,,https://en.wikipedia.org/wiki/Izumo_Airport
KOJ,RJFK,Kagoshima Airport,large,31.8034,130.718994,JP,JP-46,Kagoshima Prefecture,Kagoshima,https://www.koj-ab.co.jp/en/,https://en.wikipedia.org/wiki/Kagoshima_Airport
KMQ,RJNK,Komatsu Airport / JASDF Komatsu Air Base,large,36.393407,136.406895,JP,JP-17,Ishikawa Prefecture,Kanazawa,https://www.komatsuairport.jp/index_en.html,https://en.wikipedia.org/wiki/Komatsu_Airport
KKX,RJKI,Kikai Airport,medium,28.321301,129.927994,JP,JP-46,Kagoshima Prefecture,Kikai,,https://en.wikipedia.org/wiki/Kikai_Airport
ONJ,RJSR,Odate Noshiro Airport,medium,40.191898,140.371002,JP,JP-05,Akita Prefecture,Kitaakita,,https://en.wikipedia.org/wiki/Odate-Noshiro_Airport
KTD,RORK,Kitadaito Airport,medium,25.9447,131.326996,JP,JP-47,Okinawa Prefecture,Kitadaitōjima,,https://en.wikipedia.org/wiki/Kitadaito_Airport
KKJ,RJFR,Kitakyushu Airport,large,33.845901,131.035004,JP,JP-40,Fukuoka Prefecture,Kitakyushu,https://kitakyu-air.jp,https://en.wikipedia.org/wiki/New_Kitakyushu_Airport
UKB,RJBE,Kobe Airport,large,34.632801,135.223999,JP,JP-28,Hyōgo Prefecture,Kobe,https://kairport.co.jp,https://en.wikipedia.org/wiki/Kobe_Airport
KMJ,RJFT,Kumamoto Airport,large,32.837299,130.854996,JP,JP-43,Kumamoto Prefecture,Kumamoto,https://kumamoto-airport.co.jp,https://en.wikipedia.org/wiki/Kumamoto_Airport
UEO,ROKJ,Kumejima Airport,medium,26.363445,126.71384,JP,JP-47,Okinawa Prefecture,Kumejima,,https://en.wikipedia.org/wiki/Kumejima_Airport
KUH,RJCK,Kushiro Airport,medium,43.041,144.192993,JP,JP-01,Hokkaidō Prefecture,Kushiro,https://www.kushiro-airport.co.jp/,https://en.wikipedia.org/wiki/Kushiro_Airport
FSZ,RJNS,Mount Fuji Shizuoka Airport,large,34.795022,138.190976,JP,JP-22,Shizuoka Prefecture,Makinohara / Shimada,https://www.mtfuji-shizuokaairport.jp.e.ajl.hp.transer.com/,https://en.wikipedia.org/wiki/Shizuoka_Airport
IWJ,RJOW,Iwami Airport,medium,34.676399,131.789993,JP,JP-32,Shimane Prefecture,Masuda,,https://en.wikipedia.org/wiki/Iwami_Airport
MMJ,RJAF,Shinshu-Matsumoto Airport,medium,36.166801,137.923004,JP,JP-20,Nagano Prefecture,Matsumoto,http://www.matsumoto-airport.co.jp/,https://en.wikipedia.org/wiki/Matsumoto_Airport
MYJ,RJOM,Matsuyama Airport,large,33.826893,132.700114,JP,JP-38,Ehime Prefecture,Matsuyama,https://www.matsuyama-airport.co.jp/,https://en.wikipedia.org/wiki/Matsuyama_Airport
MMD,ROMD,Minamidaito Airport,medium,25.8465,131.263,JP,JP-47,Okinawa Prefecture,Minamidaito,,https://en.wikipedia.org/wiki/Minami-Daito_Airport#Airlines
MSJ,RJSM,Misawa Airport / Misawa Air Base,medium,40.703201,141.367996,JP,JP-02,Aomori Prefecture,Misawa,,https://en.wikipedia.org/wiki/Misawa_Air_Base
MYE,RJTQ,Miyakejima Airport,medium,34.073601,139.559998,JP,JP-13,Tōkyō Prefecture,Miyakejima,,https://en.wikipedia.org/wiki/Miyakejima_Airport
MMY,ROMY,Miyako Airport,medium,24.782801,125.294998,JP,JP-47,Okinawa Prefecture,Miyakojima,,https://en.wikipedia.org/wiki/Miyako_Airport
SHI,RORS,Shimojishima Airport,medium,24.8267,125.144997,JP,JP-47,Okinawa Prefecture,Miyakojima,https://shimojishima.jp/,https://en.wikipedia.org/wiki/Shimojishima_Airport
KMI,RJFM,Miyazaki Airport,large,31.877199,131.449005,JP,JP-45,Miyazaki Prefecture,Miyazaki,https://miyazaki-airport.co.jp,https://en.wikipedia.org/wiki/Miyazaki_Airport
MBE,RJEB,Monbetsu Airport,medium,44.303902,143.404007,JP,JP-01,Hokkaidō Prefecture,Monbetsu,,https://en.wikipedia.org/wiki/Monbetsu_Airport
NGS,RJFU,Nagasaki Airport,large,32.916901,129.914001,JP,JP-42,Nagasaki Prefecture,Nagasaki,https://nagasaki-airport.jp/en/,https://en.wikipedia.org/wiki/Nagasaki_Airport
NKM,RJNA,Nagoya Airport / JASDF Komaki Air Base,medium,35.255759,136.924095,JP,JP-23,Aichi Prefecture,Nagoya,https://nagoya-airport.jp,https://en.wikipedia.org/wiki/Nagoya_Airfield
OKA,ROAH,Naha International Airport,large,26.192437,127.639804,JP,JP-47,Okinawa Prefecture,Naha,http://www.naha-airport.co.jp/,https://en.wikipedia.org/wiki/Naha_Airport
SHB,RJCN,Nakashibetsu Airport,medium,43.577499,144.960007,JP,JP-01,Hokkaidō Prefecture,Nakashibetsu,,https://en.wikipedia.org/wiki/Nakashibetsu_Airport
KCZ,RJOK,Kochi Ryoma Airport,large,33.545217,133.670166,JP,JP-39,Kōchi Prefecture,Nankoku,https://www.kochiap.co.jp/en/,https://en.wikipedia.org/wiki/K%C5%8Dchi_Airport
NRT,RJAA,Narita International Airport,large,35.76858,140.388714,JP,JP-12,Chiba Prefecture,Narita,https://www.narita-airport.jp/en/,https://en.wikipedia.org/wiki/Narita_International_Airport
SDJ,RJSS,Sendai Airport,large,38.139702,140.917007,JP,JP-04,Miyagi Prefecture,Natori,,https://en.wikipedia.org/wiki/Sendai_Airport
KIJ,RJSN,Niigata Airport,large,37.954166,139.112189,JP,JP-15,Niigata Prefecture,Niigata,https://niigata-airport.gr.jp,https://en.wikipedia.org/wiki/Niigata_Airport
OBO,RJCB,Tokachi-Obihiro Airport,medium,42.733299,143.216995,JP,JP-01,Hokkaidō Prefecture,Obihiro,,https://en.wikipedia.org/wiki/Obihiro_Airport
OIT,RJFO,Oita Airport,medium,33.479401,131.737,JP,JP-44,Ōita Prefecture,Oita,,https://en.wikipedia.org/wiki/Oita_Airport
OKJ,RJOB,Okayama Momotaro Airport,large,34.756901,133.854996,JP,JP-33,Okayama Prefecture,Okayama,https://okayama-airport.org,https://en.wikipedia.org/wiki/Okayama_Airport
OKI,RJNO,Oki Global Geopark Airport,medium,36.178388,133.323566,JP,JP-32,Shimane Prefecture,Okinoshima,,https://en.wikipedia.org/wiki/Oki_Airport
OIR,RJEO,Okushiri Airport,medium,42.071701,139.432999,JP,JP-01,Hokkaidō Prefecture,Okushiri Island,,https://en.wikipedia.org/wiki/Okushiri_Airport
IBR,RJAH,Ibaraki Airport,large,36.181456,140.414434,JP,JP-08,Ibaraki Prefecture,Omitama,https://ibaraki-airport.net,https://en.wikipedia.org/wiki/Ibaraki_Airport
KIX,RJBB,Kansai International Airport,large,34.427299,135.244003,JP,JP-27,Ōsaka Prefecture,Osaka,http://www.kansai-airport.or.jp/en/index.asp,https://en.wikipedia.org/wiki/Kansai_International_Airport
ITM,RJOO,Osaka Itami International Airport,large,34.780853,135.440829,JP,JP-27,Ōsaka Prefecture,Osaka,https://www.osaka-airport.co.jp/en/,https://en.wikipedia.org/wiki/Osaka_International_Airport
RIS,RJER,Rishiri Airport,medium,45.242001,141.186005,JP,JP-01,Hokkaidō Prefecture,Rishiri,,https://en.wikipedia.org/wiki/Rishiri_Airport
SDS,RJSD,Sado Airport,medium,38.0602,138.414001,JP,JP-15,Niigata Prefecture,Sado,,https://en.wikipedia.org/wiki/Sado_Airport
HSG,RJFS,Kyushu Saga International Airport,large,33.1497,130.302002,JP,JP-41,Saga Prefecture,Saga,https://saga-ab.jp,https://en.wikipedia.org/wiki/Saga_Airport
CTS,RJCC,New Chitose Airport,large,42.774753,141.690414,JP,JP-01,Hokkaidō Prefecture,Sapporo,https://www.hokkaido-airports.com/en/new-chitose/,https://en.wikipedia.org/wiki/New_Chitose_Airport
OKD,RJCO,Sapporo Okadama Airport,medium,43.117447,141.38134,JP,JP-01,Hokkaidō Prefecture,Sapporo,,https://en.wikipedia.org/wiki/Okadama_Airport
SHM,RJBD,Nanki Shirahama Airport,medium,33.662201,135.363998,JP,JP-30,Wakayama Prefecture,Shirahama,,https://en.wikipedia.org/wiki/Nanki-Shirahama_Airport
SYO,RJSY,Shonai Airport,medium,38.812199,139.787003,JP,JP-06,Yamagata Prefecture,Shonai,,https://en.wikipedia.org/wiki/Shonai_Airport
FKS,RJSF,Fukushima Airport,medium,37.227402,140.431,JP,JP-07,Fukushima Prefecture,Sukagawa,http://www.fks-ab.co.jp/,https://en.wikipedia.org/wiki/Fukushima_Airport
TAK,RJOT,Takamatsu Airport,large,34.214963,134.015454,JP,JP-37,Kagawa Prefecture,Takamatsu,https://www.takamatsu-airport.com/,https://en.wikipedia.org/wiki/Takamatsu_Airport
TNE,RJFG,New Tanegashima Airport,medium,30.605101,130.990997,JP,JP-46,Kagoshima Prefecture,Tanegashima,,https://en.wikipedia.org/wiki/New_Tanegashima_Airport
TRA,RORT,Tarama Airport,medium,24.653793,124.675453,JP,JP-47,Okinawa Prefecture,Tarama,,https://en.wikipedia.org/wiki/Tarama_Airport
NGO,RJGG,Chubu Centrair International Airport,large,34.858398,136.804993,JP,JP-23,Aichi Prefecture,Tokoname,https://www.centrair.jp/en/index.html,https://en.wikipedia.org/wiki/Ch%C5%ABbu_Centrair_International_Airport
TKS,RJOS,Tokushima Awaodori Airport / JMSDF Tokushima Air Base,large,34.132559,134.607816,JP,JP-36,Tokushima Prefecture,Tokushima,https://www.tokushima-airport.co.jp/,https://en.wikipedia.org/wiki/Tokushima_Airport
HND,RJTT,Tokyo Haneda International Airport,large,35.549678,139.786958,JP,JP-13,Tōkyō Prefecture,Tokyo,http://www.haneda-airport.jp/,https://en.wikipedia.org/wiki/Tokyo_International_Airport
TTJ,RJOR,Tottori Sand Dunes Conan Airport,medium,35.530058,134.165023,JP,JP-31,Tottori Prefecture,Tottori,https://www.ttj-ap-bld.co.jp/,https://en.wikipedia.org/wiki/Tottori_Airport
TOY,RJNT,Toyama Kitokito Airport,medium,36.648416,137.187359,JP,JP-16,Toyama Prefecture,Toyama,https://toyama-airport.jp,https://en.wikipedia.org/wiki/Toyama_Airport
TJH,RJBT,Konotori Tajima Airport,medium,35.512798,134.787003,JP,JP-28,Hyōgo Prefecture,Toyooka,,https://en.wikipedia.org/wiki/Tajima_Airport
TSJ,RJDT,Tsushima Airport,medium,34.284901,129.330994,JP,JP-42,Nagasaki Prefecture,Tsushima,,https://en.wikipedia.org/wiki/Tsushima_Airport
UBJ,RJDC,Yamaguchi Ube Airport,medium,33.93,131.279007,JP,JP-35,Yamaguchi Prefecture,Ube,https://yamaguchiube-airport.jp,https://en.wikipedia.org/wiki/Yamaguchi_Ube_Airport
OKE,RJKB,Okinoerabu Airport,medium,27.431604,128.705564,JP,JP-46,Kagoshima Prefecture,Wadomari,,https://en.wikipedia.org/wiki/Okinoerabu_Airport
NTQ,RJNW,Noto Satoyama Airport,medium,37.293098,136.962006,JP,JP-17,Ishikawa Prefecture,Wajima,,https://en.wikipedia.org/wiki/Noto_Airport
WKJ,RJCW,Wakkanai Airport,medium,45.404202,141.800995,JP,JP-01,Hokkaidō Prefecture,Wakkanai,,https://en.wikipedia.org/wiki/Wakkanai_Airport
KUM,RJFC,Yakushima Airport,medium,30.385599,130.658997,JP,JP-46,Kagoshima Prefecture,Yakushima,,https://en.wikipedia.org/wiki/Yakushima_Airport
YGJ,RJOH,Yonago Kitaro Airport / JASDF Miho Air Base,medium,35.492199,133.235992,JP,JP-31,Tottori Prefecture,Yonago,,https://en.wikipedia.org/wiki/Miho-Yonago_Airport
OGN,ROYN,Yonaguni Airport,medium,24.467298,122.979827,JP,JP-47,Okinawa Prefecture,Yonaguni,,https://en.wikipedia.org/wiki/Yonaguni_Airport
RNJ,RORY,Yoron Airport,medium,27.043847,128.401648,JP,JP-46,Kagoshima Prefecture,Yoron,,https://en.wikipedia.org/wiki/Yoron_Airport
MMB,RJCM,Memanbetsu Airport,medium,43.8806,144.164001,JP,JP-01,Hokkaidō Prefecture,Ōzora,,https://en.wikipedia.org/wiki/Memanbetsu_Airport
EDL,HKEL,Eldoret International Airport,large,0.404458,35.238899,KE,KE-27,Uasin Gishu County,Eldoret,http://www.kenyaairports.co.ke/kaa/airports/eldoret/,https://en.wikipedia.org/wiki/Eldoret_International_Airport
NYK,HKNL,Nanyuki Civil Airport,medium,-0.062352,37.041296,KE,KE-19,Nyeri County,Gathiuru,,https://en.wikipedia.org/wiki/Nanyuki_Airport
KIS,HKKI,Kisumu International Airport,large,-0.086139,34.728901,KE,KE-42,Kisumu County,Kisumu,http://www.kenyaairports.co.ke/kaa/airports/kisumu/,https://en.wikipedia.org/wiki/Kisumu_Airport
LAU,HKLU,Manda Airport,medium,-2.252431,40.912892,KE,KE-05,Lamu County,Lamu,http://www.kenyaairports.co.ke/kaa/airports/airstrips/manda_intro.html,https://en.wikipedia.org/wiki/Manda_Airport
MYD,HKML,Malindi International Airport,medium,-3.22931,40.1017,KE,KE-03,Kilifi County,Malindi,http://www.kenyaairports.co.ke/kaa/airports/malindi/,https://en.wikipedia.org/wiki/Malindi_Airport
MBA,HKMO,Moi International Airport,large,-4.03483,39.5942,KE,KE-01,Mombasa County,Mombasa,http://www.kenyaairports.co.ke/kaa/airports/moi/,https://en.wikipedia.org/wiki/Moi_International_Airport
NBO,HKJK,Jomo Kenyatta International Airport,large,-1.318886,36.928233,KE,KE-47,Nairobi City County,Nairobi,https://www.kenyaairports.com/jkia/IndexJkia.php,https://en.wikipedia.org/wiki/Jomo_Kenyatta_International_Airport
WIL,HKNW,Nairobi Wilson Airport,medium,-1.32172,36.8148,KE,KE-47,Nairobi City County,Nairobi,http://www.kenyaairports.co.ke/kaa/airports/wilson/,https://en.wikipedia.org/wiki/Wilson_Airport
ASV,HKAM,Amboseli Airport,medium,-2.644786,37.252922,KE,KE-34,Kajiado County,Ol Tukai,,https://en.wikipedia.org/wiki/Amboseli_Airport
MRE,HKMS,Mara Serena Lodge Airstrip,medium,-1.404588,35.008349,KE,KE-33,Narok County,Serena,,https://en.wikipedia.org/wiki/Mara_Serena_Airport
WJR,HKWJ,Wajir Airport,medium,1.73324,40.091599,KE,KE-08,Wajir County,Wajir,,https://en.wikipedia.org/wiki/Wajir_Airport
BSZ,UCFM,Manas International Airport,large,43.061298,74.4776,KG,KG-C,Chuy Region,Bishkek,,https://en.wikipedia.org/wiki/Manas_International_Airport
IKG,UCFK,Karakol International Airport,medium,42.508099,78.407799,KG,KG-Y,Issyk Kul Region,Karakol,,https://en.wikipedia.org/wiki/Karakol_International_Airport
OSS,UCFO,Osh International Airport,large,40.609001,72.793297,KG,KG-O,Osh Region,Osh,http://www.airport.kg/eng/branches.htm,https://en.wikipedia.org/wiki/Osh_Airport
IKU,UCFL,Issyk-Kul International Airport,large,42.585584,76.701181,KG,KG-Y,Issyk Kul Region,Tamchy,https://www.airport.kg/index.php?option=com_content&view=article&id=4&Itemid=6,https://en.wikipedia.org/wiki/Tamchy_Airport
BBM,VDBG,Battambang Airport,medium,13.0956,103.223999,KH,KH-2,Battambang province,Battambang,,https://en.wikipedia.org/wiki/Battambang_Airport
KTI,VDTI,Techo International Airport,large,11.359987,104.921272,KH,KH-8,Kandal province,Phnom Penh (Boeng Khyang),https://www.techoairport.com.kh/,https://en.wikipedia.org/wiki/Techo_International_Airport_(Cambodia)
KOS,VDSV,Sihanouk International Airport,large,10.570557,103.632067,KH,KH-18,Preah Sihanouk province,Preah Sihanouk,http://kos.cambodia-airports.aero/,https://en.wikipedia.org/wiki/Sihanoukville_International_Airport
SAI,VDSA,Siem Reap-Angkor International Airport,large,13.36974,104.223831,KH,KH-17,Siem Reap province,Siem Reap,http://english.sai-airport.com/,https://en.wikipedia.org/wiki/Siem_Reap–Angkor_International_Airport
DSY,VDDS,Dara Sakor International Airport,large,10.914244,103.226652,KH,KH-9,Koh Kong province,Ta Noun,https://darasakor-airport.com/en/,https://en.wikipedia.org/wiki/Dara_Sakor_International_Airport
CXI,PLCH,Cassidy International Airport,large,1.986278,-157.350011,KI,KI-L,Line Islands,Kiritimati,,https://en.wikipedia.org/wiki/Cassidy_International_Airport
TRW,NGTA,Bonriki International Airport,large,1.38164,173.147003,KI,KI-G,Gilbert Islands,South Tarawa,https://airkiribati.com.ki,https://en.wikipedia.org/wiki/Bonriki_International_Airport
HAH,FMCH,Prince Said Ibrahim International Airport,large,-11.5337,43.2719,KM,KM-G,Grande Comore (Ngazidja),Moroni,,https://en.wikipedia.org/wiki/Prince_Said_Ibrahim_International_Airport
AJN,FMCV,Ouani Airport,medium,-12.131047,44.430044,KM,KM-A,Anjouan (Ndzouani),Ouani,,https://en.wikipedia.org/wiki/Ouani_Airport
SKB,TKPK,Robert L. Bradshaw International Airport,large,17.310845,-62.719117,KN,KN-U-A,(unassigned),Basseterre,,https://en.wikipedia.org/wiki/Robert_L._Bradshaw_International_Airport
NEV,TKPN,Vance W. Amory International Airport,medium,17.2057,-62.589901,KN,KN-U-A,(unassigned),Charlestown,,https://en.wikipedia.org/wiki/Vance_W._Amory_International_Airport
RGO,ZKHM,Orang (Chongjin) Airport,medium,41.428538,129.647555,KP,KP-09,North Hamgyong Province,Hoemun-ri,,https://en.wikipedia.org/wiki/Chongjin_Airport
FNJ,ZKPY,Pyongyang Sunan International Airport,large,39.224098,125.669998,KP,KP-01,Pyongyang (capital city),Pyongyang,,https://en.wikipedia.org/wiki/Pyongyang_Sunan_International_Airport
DSO,ZKSD,Sondok Airport,medium,39.745201,127.473999,KP,KP-08,South Hamgyong Province,Sŏndŏng-ni,,https://en.wikipedia.org/wiki/Sondok_Airport
WOS,ZKWS,Wonsan Kalma Airport,medium,39.165219,127.487931,KP,KP-07,Kangwon Province,Wonsan,,https://en.wikipedia.org/wiki/Kalma_Airport
PUS,RKPK,Gimhae International Airport,large,35.179501,128.938004,KR,KR-26,Busan-gwangyeoksi (Busan Metropolitan City),Busan,https://www.airport.co.kr/gimhaeeng/index.do,https://en.wikipedia.org/wiki/Gimhae_International_Airport
CJJ,RKTU,Cheongju International Airport/Cheongju Air Base (K-59/G-513),large,36.71556,127.500289,KR,KR-43,Chungcheongbuk-do (North Chungcheong Province),Cheongju,http://cheongju.airport.co.kr/doc/cheongju_eng/,https://en.wikipedia.org/wiki/Cheongju_Airport
TAE,RKTN,Daegu International Airport,large,35.894394,128.656989,KR,KR-27,Daegu-gwangyeoksi (Daegu Metropolitan City),Daegu,,https://en.wikipedia.org/wiki/Daegu_Airport
YNY,RKNY,Yangyang International Airport,large,38.060481,128.669822,KR,KR-42,Gangwon Teukbyeoljachi-do (Gangwon Special Self-Governing Province),Gonghang-ro,,https://en.wikipedia.org/wiki/Yangyang_International_Airport
KUV,RKJK,Gunsan Airport / Gunsan Air Base,medium,35.903801,126.615997,KR,KR-45,Jeonbuk Teukbyeoljachi-do (North Jeolla Special Self-Governing Province),Gunsan,,https://en.wikipedia.org/wiki/Gunsan_Airport
KWJ,RKJJ,Gwangju Airport,medium,35.123173,126.805444,KR,KR-29,Gwangju-gwangyeoksi (Gwangju Metropolitan City),Gwangju,http://gwangju.airport.co.kr/doc/gwangju/index.jsp,https://en.wikipedia.org/wiki/Gwangju_Airport
CJU,RKPC,Jeju International Airport,large,33.512058,126.492548,KR,KR-49,Jeju Teukbyeoljachi-do (Jeju Special Self-Governing Province),Jeju City,https://www.airport.co.kr/jejueng/index.do,https://en.wikipedia.org/wiki/Jeju_International_Airport
MWX,RKJB,Muan International Airport,large,34.991406,126.382814,KR,KR-46,Jeollanam-do (South Jeolla Province),Muan (Piseo-ri),http://muan.airport.co.kr/doc/muan_eng/,https://en.wikipedia.org/wiki/Muan_International_Airport
KPO,RKTH,Pohang Airport (G-815/K-3),medium,35.987955,129.420383,KR,KR-47,Gyeongsangbuk-do (North Gyeongsang Province),Pohang,http://pohang.airport.co.kr/,https://en.wikipedia.org/wiki/Pohang_Airport
HIN,RKPS,Sacheon Airport / Sacheon Air Base,medium,35.088591,128.071747,KR,KR-48,Gyeongsangnam-do (South Gyeongsang Province),Sacheon,,https://en.wikipedia.org/wiki/Sacheon_Airport
ICN,RKSI,Incheon International Airport,large,37.469101,126.450996,KR,KR-28,Incheon-Gwangyeoksi (Incheon Metropolitan City),Seoul,https://www.airport.kr/ap/en/index.do,https://en.wikipedia.org/wiki/Incheon_International_Airport
GMP,RKSS,Seoul Gimpo International Airport,large,37.5583,126.791,KR,KR-11,Seoul-teukbyeolsi (Seoul Special City),Seoul,https://www.airport.co.kr/gimpoeng/index.do,https://en.wikipedia.org/wiki/Gimpo_International_Airport
USN,RKPU,Ulsan Airport,medium,35.593498,129.352005,KR,KR-31,Ulsan-gwangyeoksi (Ulsan Metropolitan City),Ulsan,,https://en.wikipedia.org/wiki/Ulsan_Airport
WJU,RKNW,Wonju Airport / Hoengseong Air Base (K-38/K-46),medium,37.437113,127.960051,KR,KR-42,Gangwon Teukbyeoljachi-do (Gangwon Special Self-Governing Province),Wonju,http://wonju.airport.co.kr/,https://en.wikipedia.org/wiki/Wonju_Airport; https://en.wikipedia.org/wiki/List_of_airports_in_South_Korea
RSU,RKJY,Yeosu Airport,medium,34.8423,127.616997,KR,KR-46,Jeollanam-do (South Jeolla Province),Yeosu,,https://en.wikipedia.org/wiki/Yeosu_Airport
KWI,OKKK,Kuwait International Airport,large,29.224487,47.969813,KW,KW-FA,Al Farwaniyah Governorate,Kuwait City,https://www.kuwaitairport.gov.kw/,https://en.wikipedia.org/wiki/Kuwait_International_Airport
GCM,MWCR,Owen Roberts International Airport,large,19.292801,-81.357697,KY,KY-GC,Grand Cayman,George Town,,https://en.wikipedia.org/wiki/Owen_Roberts_International_Airport
CYB,MWCB,Charles Kirkconnell International Airport,medium,19.687,-79.882797,KY,KY-CB,Cayman Brac,West End,,https://en.wikipedia.org/wiki/Gerrard_Smith_International_Airport
SCO,UATE,Aktau International Airport,large,43.860093,51.09086,KZ,KZ-MAN,Mangystau Region,Aktau,http://aktau-airport.kz/,https://en.wikipedia.org/wiki/Aktau_Airport
AKX,UATT,Aktobe International Airport,large,50.248116,57.204144,KZ,KZ-AKT,Aktobe Region,Aktobe,,https://en.wikipedia.org/wiki/Aktobe_Airport
ALA,UAAA,Almaty International Airport,large,43.354267,77.042828,KZ,KZ-ALA,Almaty City,Almaty,,https://en.wikipedia.org/wiki/Almaty_International_Airport
NQZ,UACC,Nursultan Nazarbayev International Airport,large,51.027035,71.467094,KZ,KZ-AST,Astana City,Astana,https://www.nn-airport.kz,https://en.wikipedia.org/wiki/Nursultan_Nazarbayev_International_Airport
GUW,UATG,Atyrau International Airport,large,47.121318,51.820343,KZ,KZ-ATY,Atyrau Region,Atyrau,https://guw.aero,https://en.wikipedia.org/wiki/Atyrau_Airport
BXY,UAOL,Baikonur Krayniy International Airport,large,45.621994,63.210773,KZ,KZ-BAY,Baikonur City,Baikonur,,https://en.wikipedia.org/wiki/Baikonur_Krayniy_Airport
BXH,UAAH,Balkhash Airport,medium,46.894246,75.004533,KZ,KZ-KAR,Karaganda Region,Balkhash,,https://en.wikipedia.org/wiki/Balkhash_Airport
KGF,UAKK,Sary-Arka Airport,large,49.670799,73.334396,KZ,KZ-KAR,Karaganda Region,Karaganda,,https://en.wikipedia.org/wiki/Sary-Arka_Airport
KOV,UACK,Kokshetau International Airport,large,53.329102,69.594597,KZ,KZ-AKM,Akmola Region,Kokshetau,,https://en.wikipedia.org/wiki/Kokshetau_Airport
KSN,UAUU,Kostanay International Airport,large,53.206902,63.550301,KZ,KZ-KUS,Kostanay Region,Kostanay,,https://en.wikipedia.org/wiki/Kostanai_Airport
KZO,UAOO,Korkyt Ata International Airport,large,44.706902,65.592499,KZ,KZ-KZY,Kyzylorda Region,Kyzylorda,,https://en.wikipedia.org/wiki/Kyzylorda_Airport
PWQ,UASP,Pavlodar International Airport,large,52.194982,77.073088,KZ,KZ-PAV,Pavlodar Region,Pavlodar,,https://en.wikipedia.org/wiki/Pavlodar_Airport
PPK,UACP,Petropavl International Airport,large,54.775622,69.187415,KZ,KZ-SEV,North Kazakhstan Region,Petropavl,,https://en.wikipedia.org/wiki/Petropavl_Airport_(Kazakhstan)
PLX,UASS,Semei International Airport,large,50.351295,80.234398,KZ,KZ-ABA,Abai Region,Semey,,https://en.wikipedia.org/wiki/Semey_Airport
CIT,UAII,Shymkent International Airport,large,42.365021,69.47564,KZ,KZ-YUZ,Turkistan Region,Shymkent,,https://en.wikipedia.org/wiki/Shymkent_Airport
TDK,UAAT,Taldykorgan Airport,medium,45.12255,78.442758,KZ,KZ-JET,Jetisu Region,Taldykorgan,,https://en.wikipedia.org/wiki/Taldykorgan_Airport
DMB,UADD,Taraz International Airport,large,42.8536,71.303596,KZ,KZ-ZHA,Jambyl Region,Taraz,,https://en.wikipedia.org/wiki/Taraz_Airport
HSA,UAIT,Hazrat Sultan International Airport,large,43.311087,68.550352,KZ,KZ-YUZ,Turkistan Region,Turkıstan,,https://en.wikipedia.org/wiki/Hazret_Sultan_International_Airport
URA,UARR,Manshuk Mametova International Airport,large,51.151976,51.543652,KZ,KZ-ZAP,West Kazakhstan Region,Uralsk,,https://en.wikipedia.org/wiki/Oral_Ak_Zhol_Airport
UKK,UASK,Oskemen International Airport,large,50.035033,82.496057,KZ,KZ-VOS,East Kazakhstan Region,Ust-Kamenogorsk (Oskemen),,https://en.wikipedia.org/wiki/Ust-Kamenogorsk_Airport
DZN,UAKD,Zhezkazgan National Airport,large,47.708953,67.738094,KZ,KZ-ULY,Ulytau Region,Zhezkazgan,,https://en.wikipedia.org/wiki/Dzhezkazgan_Airport
LPQ,VLLB,Luang Phabang International Airport,large,19.904273,102.167191,LA,LA-LP,Louangphabang Province,Luang Phabang,https://www.luangprabangairport.com/,https://en.wikipedia.org/wiki/Luang_Prabang_International_Airport
PKZ,VLPS,Pakse International Airport,large,15.133973,105.779871,LA,LA-CH,Champasak Province,Pakse,,https://en.wikipedia.org/wiki/Pakse_Airport
BOR,VLBK,Bokeo International Airport,medium,20.323986,100.165392,LA,LA-BK,Bokeo Province,Ton Phueng,,https://en.wikipedia.org/wiki/Bokeo_International_Airport
VTE,VLVT,Wattay International Airport,large,17.985052,102.566692,LA,LA-VT,Vientiane Prefecture,Vientiane,http://www.vientianeairport.com/,https://en.wikipedia.org/wiki/Wattay_International_Airport
BEY,OLBA,Beirut Rafic Hariri International Airport,large,33.819833,35.487443,LB,LB-JL,Mount Lebanon Governorate,Beirut,http://www.beirutairport.gov.lb/,https://en.wikipedia.org/wiki/Beirut_Rafic_Hariri_International_Airport
SLU,TLPC,George F. L. Charles Airport,medium,14.0202,-60.992901,LC,LC-02,Castries,Castries,http://www.slaspa.com/contentPages/view/george-f-l-charles-airport,https://en.wikipedia.org/wiki/George_F._L._Charles_Airport
UVF,TLPL,Hewanorra International Airport,large,13.7332,-60.952599,LC,LC-11,Vieux Fort,Vieux Fort,http://www.slaspa.com/contentPages/view/hewanorra-international-airport,https://en.wikipedia.org/wiki/Hewanorra_International_Airport
BTC,VCCB,Batticaloa International Airport,medium,7.705073,81.677163,LK,LK-5,Eastern Province,Batticaloa,,https://en.wikipedia.org/wiki/Batticaloa_Airport
CMB,VCBI,Bandaranaike International Colombo Airport,large,7.18076,79.884102,LK,LK-1,Western Province,Colombo,http://www.airport.lk/,https://en.wikipedia.org/wiki/Bandaranaike_International_Airport
RML,VCCC,Colombo Ratmalana International Airport,large,6.821638,79.885859,LK,LK-1,Western Province,Colombo,https://www.airport.lk/rma/index,https://en.wikipedia.org/wiki/Ratmalana_Airport
KCT,VCCK,Koggala Airport,medium,5.99368,80.320297,LK,LK-3,Southern Province,Galle,,https://en.wikipedia.org/wiki/Koggala_Airport
JAF,VCCJ,Jaffna International Airport,large,9.79233,80.070099,LK,LK-4,Northern Province,Jaffna,,https://en.wikipedia.org/wiki/Jaffna_International_Airport
HRI,VCRI,Mattala Rajapaksa International Airport,medium,6.283878,81.124163,LK,LK-3,Southern Province,Mattala,http://www.mria.lk/,https://en.wikipedia.org/wiki/Mattala_Rajapaksa_International_Airport
TRR,VCCT,China Bay Airport,medium,8.539159,81.18128,LK,LK-5,Eastern Province,Trincomalee,,https://en.wikipedia.org/wiki/China_Bay_Airport
ROB,GLRB,Roberts International Airport,large,6.23379,-10.3623,LR,LR-MG,Margibi County,Monrovia,,https://en.wikipedia.org/wiki/Roberts_International_Airport
MLW,GLMR,Spriggs Payne Airport,medium,6.28906,-10.7587,LR,LR-MO,Montserrado County,Monrovia,,https://en.wikipedia.org/wiki/Spriggs_Payne_Airport
MSU,FXMM,Moshoeshoe I International Airport,large,-29.456277,27.554456,LS,LS-A,Maseru District,Maseru(Mazenod),https://www.rsl.org.ls/node/197,https://en.wikipedia.org/wiki/Moshoeshoe_I_International_Airport
KUN,EYKA,Kaunas International Airport,large,54.963965,24.08582,LT,LT-KU,Kaunas County,Kaunas,http://www.kaunasair.lt/index.php?lang=2&m=2&p=210,https://en.wikipedia.org/wiki/Kaunas_Airport
PLQ,EYPA,Palanga International Airport,large,55.973202,21.093901,LT,LT-KL,Klaipėda County,Palanga,http://www.palanga-airport.lt/,https://en.wikipedia.org/wiki/Palanga_International_Airport
VNO,EYVI,Vilnius International Airport,large,54.634102,25.285801,LT,LT-VL,Vilnius County,Vilnius,http://www.vilnius-airport.lt/en/,https://en.wikipedia.org/wiki/Vilnius_International_Airport
LUX,ELLX,Luxembourg-Findel International Airport,large,49.626845,6.212134,LU,LU-L,Luxembourg,Luxembourg,https://www.lux-airport.lu/en/,https://en.wikipedia.org/wiki/Luxembourg-Findel_International_Airport
RIX,EVRA,Riga International Airport,large,56.920752,23.970711,LV,LV-062,Mārupe Municipality,Riga,http://www.riga-airport.com/,https://en.wikipedia.org/wiki/Riga_International_Airport
LAQ,HLLQ,Al Abraq International Airport,large,32.789036,21.954864,LY,LY-JA,Al Jabal al Akhdar District,Al Albraq,,https://en.wikipedia.org/wiki/Al_Abraq_International_Airport
BEN,HLLB,Benina International Airport,large,32.096802,20.269501,LY,LY-BA,Benghazi District,Benina,,https://en.wikipedia.org/wiki/Benina_International_Airport
LTD,HLTD,Ghadames Airport,medium,30.145484,9.702095,LY,LY-NL,Nalut District,Ghadames,,https://en.wikipedia.org/wiki/Ghadames_Airport
AKF,HLKF,Kufra Airport,medium,24.178699,23.313999,LY,LY-KF,Al Kufrah District,Kufra,,https://en.wikipedia.org/wiki/Kufra_Airport
SEB,HLLS,Sabha Airport,medium,26.992452,14.466162,LY,LY-SB,Sabha District,Sabha,,https://en.wikipedia.org/wiki/Sabha_Airport
MJI,HLLM,Mitiga International Airport,large,32.89177,13.287878,LY,LY-TB,Tripoli District,Tripoli,,https://en.wikipedia.org/wiki/Mitiga_International_Airport
AGA,GMAD,Al Massira Airport,large,30.322478,-9.412003,MA,MA-09,Souss-Massa Region,Agadir (Temsia),http://www.agadir-airport.com/en/index.php,https://en.wikipedia.org/wiki/Al_Massira_Airport
OUD,GMFO,Oujda Angads Airport,large,34.789558,-1.926041,MA,MA-02,L'Oriental Region,Ahl Angad,,https://en.wikipedia.org/wiki/Angads_Airport
NDR,GMMW,Nador Al Aaroui International Airport,large,34.9888,-3.02821,MA,MA-02,L'Oriental Region,Al Aaroui,,https://en.wikipedia.org/wiki/Nador_International_Airport
AHU,GMTA,Cherif Al Idrissi Airport,medium,35.177101,-3.83952,MA,MA-01,Tanger-Tétouan-Al Hoceïma Region,Al Hoceima,,https://en.wikipedia.org/wiki/Cherif_Al_Idrissi_Airport
UAR,GMFB,Bouarfa Airport,medium,32.514306,-1.983056,MA,MA-02,L'Oriental Region,Bouarfa,,https://en.wikipedia.org/wiki/Bouarfa_Airport
CMN,GMMN,Mohammed V International Airport,large,33.3675,-7.58997,MA,MA-06,Casablanca-Settat Region,Casablanca,https://www.aeroportcasablanca.ma/en/Our-Airports/Casablanca-Mohammed-V-Airport,https://en.wikipedia.org/wiki/Mohammed_V_International_Airport
ERH,GMFK,Moulay Ali Cherif Airport,medium,31.9475,-4.39833,MA,MA-08,Drâa-Tafilalet Region,Errachidia,,https://en.wikipedia.org/wiki/Moulay_Ali_Cherif_Airport
ESU,GMMI,Essaouira-Mogador Airport,medium,31.397499,-9.68167,MA,MA-07,Marrakech-Safi Region,Essaouira,,https://en.wikipedia.org/wiki/Essaouira-Mogador_Airport
RAK,GMMX,Marrakesh Menara Airport,large,31.604807,-8.035788,MA,MA-07,Marrakech-Safi Region,Marrakesh,,https://en.wikipedia.org/wiki/Menara_International_Airport
OZZ,GMMZ,Ouarzazate International Airport,large,30.9391,-6.90943,MA,MA-08,Drâa-Tafilalet Region,Ouarzazate,,https://en.wikipedia.org/wiki/Ouarzazate_Airport
BEM,GMMD,Beni Mellal Airport,large,32.401895,-6.315905,MA,MA-05,Béni Mellal-Khénifra Region,Oulad Yaich,http://ww.onda.ma,https://en.wikipedia.org/wiki/Beni_Mellal_Airport
RBA,GMME,Rabat-Salé Airport,large,34.051498,-6.75152,MA,MA-04,Rabat-Salé-Kénitra Region,Rabat,https://www.onda.ma/en/Our-Airports/Rabat-Sale-Airport,https://en.wikipedia.org/wiki/Sale_Airport
FEZ,GMFF,Fes Saïss International Airport,large,33.927299,-4.97796,MA,MA-03,Fès-Meknès Region,Saïss,,https://en.wikipedia.org/wiki/Sa%C3%AFss_Airport
TTA,GMAT,Tan Tan Airport,medium,28.447563,-11.161749,MA,MA-10,Guelmim-Oued Noun Region,Tan Tan,,https://en.wikipedia.org/wiki/Tan_Tan_Airport
TNG,GMTT,Tangier Ibn Battuta Airport,large,35.731741,-5.921459,MA,MA-01,Tanger-Tétouan-Al Hoceïma Region,Tangier,,https://en.wikipedia.org/wiki/Tangier_Ibn_Battouta_Airport
TTU,GMTN,Sania Ramel Airport,large,35.594299,-5.32002,MA,MA-01,Tanger-Tétouan-Al Hoceïma Region,Tétouan,,https://en.wikipedia.org/wiki/Sania_Ramel_Airport
OZG,GMAZ,Zagora Airport,large,30.265788,-5.860808,MA,MA-08,Drâa-Tafilalet Region,Zagora,,https://en.wikipedia.org/wiki/Zagora_Airport
RMO,LUKK,Chişinău International Airport,large,46.92774,28.931704,MD,MD-CU,Chişinău (city),Chişinău,http://www.airport.md/,https://en.wikipedia.org/wiki/Chi%C5%9Fin%C4%83u_International_Airport
TGD,LYPG,Podgorica Airport / Podgorica Golubovci Airbase,large,42.359402,19.2519,ME,ME-16,Podgorica Municipality,Podgorica,https://montenegroairports.com/en/podgorica-airport/,https://en.wikipedia.org/wiki/Podgorica_Airport
TIV,LYTV,Tivat Airport,medium,42.404701,18.723301,ME,ME-19,Tivat Municipality,Tivat,https://www.montenegroairports.com/?menu=3,https://en.wikipedia.org/wiki/Tivat_Airport
SFG,TFFG,Grand Case-l'Espérance Airport,medium,18.100057,-63.047444,MF,MF-U-A,(unassigned),Grand Case,,https://en.wikipedia.org/wiki/Grand_Case-Esp%C3%A9rance_Airport
TNR,FMMI,Ivato International Airport,large,-18.7969,47.478802,MG,MG-T,Antananarivo,Antananarivo,https://ravinala-airports.aero/en/,https://en.wikipedia.org/wiki/Ivato_Airport
DIE,FMNA,Arrachart Airport,medium,-12.3494,49.291698,MG,MG-D,Antsiranana,Antisiranana,,https://en.wikipedia.org/wiki/Arrachart_Airport
BPY,FMNQ,Besalampy Airport,medium,-16.74453,44.482484,MG,MG-M,Mahajanga,Besalampy,,https://en.wikipedia.org/wiki/Besalampy_Airport
MJN,FMNM,Amborovy Airport,large,-15.666842,46.351233,MG,MG-M,Mahajanga,Mahajanga,,https://en.wikipedia.org/wiki/Amborovy_Airport
MNJ,FMSM,Mananjary Airport,medium,-21.201799,48.358299,MG,MG-F,Fianarantsoa,Mananjary,,https://en.wikipedia.org/wiki/Mananjary_Airport
WMN,FMNR,Maroantsetra Airport,medium,-15.437742,49.689081,MG,MG-A,Toamasina,Maroantsetra,,https://en.wikipedia.org/wiki/Maroantsetra_Airport
MOQ,FMMV,Morondava Airport,medium,-20.2847,44.3176,MG,MG-U,Toliara,Morondava,,https://en.wikipedia.org/wiki/Morondava_Airport
NOS,FMNN,Nosy Be International Airport,large,-13.3121,48.3148,MG,MG-D,Antsiranana,Nosy Be,https://www.nosybe-airport.aero/,https://en.wikipedia.org/wiki/Fascene_Airport
SVB,FMNS,Sambava Airport,medium,-14.2786,50.174702,MG,MG-D,Antsiranana,Sambava,,https://en.wikipedia.org/wiki/Sambava_Airport
TMM,FMMT,Toamasina Ambalamanasy Airport,large,-18.113537,49.392262,MG,MG-A,Toamasina,Toamasina,,https://en.wikipedia.org/wiki/Toamasina_Airport
TLE,FMST,Toliara Airport,medium,-23.3834,43.7285,MG,MG-U,Toliara,Toliara,,https://en.wikipedia.org/wiki/Toliara_Airport
FTU,FMSD,Tôlanaro Airport,medium,-25.038099,46.9561,MG,MG-U,Toliara,Tôlanaro,,https://en.wikipedia.org/wiki/T%C3%B4lanaro_Airport
SMS,FMMS,Sainte Marie Airport,medium,-17.093901,49.8158,MG,MG-A,Toamasina,Vohilava,,https://en.wikipedia.org/wiki/Saints_Marie_Airport
KWA,PKWA,Bucholz Army Air Field,medium,8.72012,167.731995,MH,MH-KWA,Kwajalein,Kwajalein,,https://en.wikipedia.org/wiki/Bucholz_Army_Airfield
MAJ,PKMJ,Marshall Islands International Airport,large,7.06511,171.271656,MH,MH-MAJ,Majuro,Majuro Atoll,,https://en.wikipedia.org/wiki/Marshall_Islands_International_Airport
SKP,LWSK,Skopje International Airport,large,41.958087,21.622581,MK,MK-008,Skopje Statistical Region,Ilinden,http://skp.airports.com.mk/,https://en.wikipedia.org/wiki/Skopje_Airport
OHD,LWOH,Ohrid St. Paul the Apostle Airport,large,41.18,20.7423,MK,MK-003,Southwestern Statistical Region,Ohrid,https://ohd.airports.com.mk/,https://en.wikipedia.org/wiki/Ohrid_Airport
BKO,GABS,Modibo Keita International Airport,large,12.5335,-7.94994,ML,ML-2,Koulikoro Region,Bamako,,https://en.wikipedia.org/wiki/Bamako%E2%80%93S%C3%A9nou_International_Airport
GAQ,GAGO,Gao International Airport,medium,16.248466,-0.005389,ML,ML-7,Gao Region,Gao,,https://en.wikipedia.org/wiki/Gao_International_Airport
KYS,GAKD,Kayes Dag Dag Airport,medium,14.482521,-11.399335,ML,ML-1,Kayes Region,Kayes,,
MZI,GAMB,Mopti Airport,medium,14.5128,-4.07956,ML,ML-5,Mopti Region,Sévaré,,https://en.wikipedia.org/wiki/Mopti_Airport
TOM,GATB,Tombouktou Airport,large,16.730499,-3.00758,ML,ML-7,Gao Region,Timbuktu,,https://en.wikipedia.org/wiki/Timbuktu_Airport
TVY,VYDW,Dawei Airport,medium,14.1039,98.203598,MM,MM-05,Tanintharyi Region,Dawei,,https://en.wikipedia.org/wiki/Dawei_Airport
HEH,VYHH,Heho Airport,medium,20.74714,96.792029,MM,MM-17,Shan State,Heho,,https://en.wikipedia.org/wiki/Heho_Airport
KAW,VYKT,Kawthoung Airport,medium,10.0493,98.538002,MM,MM-05,Tanintharyi Region,Kawthoung,,https://en.wikipedia.org/wiki/Kawthaung_Airport
KET,VYKG,Kengtung Airport,medium,21.3016,99.636002,MM,MM-17,Shan State,Kengtung,,https://en.wikipedia.org/wiki/Kengtung_Airport
KYP,VYKP,Kyaukpyu Airport,medium,19.426399,93.534798,MM,MM-16,Rakhine State,Kyaukpyu,,https://en.wikipedia.org/wiki/Kyaukpyu_Airport
LSH,VYLS,Lashio Airport,medium,22.9779,97.752197,MM,MM-17,Shan State,Lashio,,https://en.wikipedia.org/wiki/Lashio_Airport
LIW,VYLK,Loikaw Airport,medium,19.6915,97.214798,MM,MM-12,Kayah State,Loikaw,,https://en.wikipedia.org/wiki/Loikaw_Airport
MDL,VYMD,Mandalay International Airport,large,21.7022,95.977898,MM,MM-04,Mandalay Region,Mandalay,,https://en.wikipedia.org/wiki/Mandalay_International_Airport
MGZ,VYME,Myeik Airport,medium,12.4398,98.621498,MM,MM-05,Tanintharyi Region,Mkeik,,https://en.wikipedia.org/wiki/Myeik_Airport
MOG,VYMS,Mong Hsat Airport,medium,20.5168,99.256798,MM,MM-17,Shan State,Mong Hsat,,https://en.wikipedia.org/wiki/Monghsat_Airport
MYT,VYMK,Myitkyina Airport,medium,25.3836,97.351898,MM,MM-11,Kachin State,Myitkyina,,https://en.wikipedia.org/wiki/Myitkyina_Airport
NYT,VYNT,Nay Pyi Taw International Airport,large,19.623501,96.200996,MM,MM-04,Mandalay Region,Naypyitaw,,https://en.wikipedia.org/wiki/Nay_Pyi_Taw_International_Airport
PBU,VYPT,Putao Airport,medium,27.329901,97.4263,MM,MM-11,Kachin State,Putao,,https://en.wikipedia.org/wiki/Putao_Airport
AKY,VYSW,Sittwe Airport,medium,20.133165,92.870693,MM,MM-16,Rakhine State,Sittwe,,https://en.wikipedia.org/wiki/Sittwe_Airport
THL,VYTL,Tachileik Airport,medium,20.483801,99.935402,MM,MM-17,Shan State,Tachileik,,https://en.wikipedia.org/wiki/Tachilek_Airport
SNW,VYTD,Thandwe Airport,medium,18.460699,94.300102,MM,MM-16,Rakhine State,Thandwe,,https://en.wikipedia.org/wiki/Thandwe_Airport
RGN,VYYY,Yangon International Airport,large,16.907301,96.133202,MM,MM-06,Yangon Region,Yangon,http://www.yangonairportonline.com,https://en.wikipedia.org/wiki/Yangon_International_Airport
COQ,ZMCD,Choibalsan Airport,medium,48.135381,114.647231,MN,MN-061,Dornod Province,,,https://en.wikipedia.org/wiki/Choibalsan_airport
LTI,ZMAT,Altai Airport,medium,46.3764,96.2211,MN,MN-065,Govi-Altai Province,Altai,,https://en.wikipedia.org/wiki/Altai_Airport
AVK,ZMAH,Arvaikheer Airport,medium,46.250301,102.802002,MN,MN-055,Övörkhangai Province,Arvaikheer,,https://en.wikipedia.org/wiki/Arvaikheer_Airport
BYN,ZMBH,Bayankhongor Airport,medium,46.1633,100.704002,MN,MN-069,Bayankhongor Province,Bayankhongor,,https://en.wikipedia.org/wiki/Bayankhongor_Airport
UGA,ZMBN,Bulgan Airport,medium,48.855,103.475998,MN,MN-067,Bulgan Province,Bulgan,,https://en.wikipedia.org/wiki/Bulgan_Airport
DLZ,ZMDZ,Dalanzadgad Airport,medium,43.608628,104.367734,MN,MN-053,Ömnögovi Province,Dalanzadgad,,https://en.wikipedia.org/wiki/Dalanzadgad_Airport
HVD,ZMKD,Khovd Airport,medium,47.954102,91.628197,MN,MN-043,Khovd Province,Khovd,,https://en.wikipedia.org/wiki/Khovd_Airport
MXV,ZMMN,Mörön Airport,medium,49.663677,100.100028,MN,MN-041,Khövsgöl Province,Mörön,,https://en.wikipedia.org/wiki/M%C3%B6r%C3%B6n_Airport
UBN,ZMCK,Ulaanbaatar Chinggis Khaan International Airport,large,47.646916,106.819833,MN,MN-047,Töv Province,Ulaanbaatar (Sergelen),https://ulaanbaatar-airport.mn/,https://en.wikipedia.org/wiki/New_Ulaanbaatar_International_Airport
ULO,ZMUG,Ulaangom Airport,medium,50.066588,91.938273,MN,MN-046,Uvs Province,Ulaangom,,https://en.wikipedia.org/wiki/Ulaangom_Airport
ULG,ZMUL,Ölgii Mongolei International Airport,medium,48.993301,89.922501,MN,MN-071,Bayan-Ölgii Province,Ölgii,,https://en.wikipedia.org/wiki/%C3%96lgii_Airport
MFM,VMMC,Macau International Airport,large,22.149599,113.592003,MO,MO-CAR,Nossa Senhora do Carmo (Taipa),Nossa Senhora do Carmo,http://www.macau-airport.gov.mo/en/index.php,https://en.wikipedia.org/wiki/Macau_International_Airport
SPN,PGSN,Saipan International Airport,medium,15.119384,145.728848,MP,MP-U-A,(unassigned),"I Fadang, Saipan",,https://en.wikipedia.org/wiki/Saipan_International_Airport
ROP,PGRO,Rota International Airport,large,14.173267,145.241103,MP,MP-U-A,(unassigned),Rota Island,,https://en.wikipedia.org/wiki/Rota_International_Airport
TIQ,PGWT,Francisco Manglona Borja / Tinian International Airport,medium,14.999207,145.619355,MP,MP-U-A,(unassigned),Tinian Island,,https://en.wikipedia.org/wiki/Tinian_International_Airport
FDF,TFFF,Martinique Aimé Césaire International Airport,large,14.591,-61.003201,MQ,MQ-U-A,(unassigned),Fort-de-France,http://www.martinique.aeroport.fr/,https://en.wikipedia.org/wiki/Martinique_Aim%C3%A9_C%C3%A9saire_International_Airport
NDB,GQPP,Nouadhibou International Airport,large,20.932404,-17.030199,MR,MR-08,Dakhlet Nouadhibou Region,Nouadhibou,,https://en.wikipedia.org/wiki/Nouadhibou_International_Airport
NKC,GQNO,Nouakchott–Oumtounsy International Airport,large,18.31,-15.969722,MR,MR-NKC,Nouakchott Region,Nouakchott,https://www.aeroport-nouakchott.com/en/index_en.php,https://en.wikipedia.org/wiki/Nouakchott%E2%80%93Oumtounsy_International_Airport
OUZ,GQPZ,Tazadit Airport,medium,22.757345,-12.482228,MR,MR-11,Tiris Zemmour Region,Zouérate,,https://en.wikipedia.org/wiki/Tazadit_Airport
MNI,TRPG,John A. Osborne Airport,large,16.791835,-62.193204,MS,MS-SP,Saint Peter Parish,Gerald's Park,,https://en.wikipedia.org/wiki/John_A._Osborne_Airport
MLA,LMML,Malta International Airport,large,35.845932,14.491546,MT,MT-25,Luqa,Valletta,https://www.maltairport.com/,https://en.wikipedia.org/wiki/Malta_International_Airport
MRU,FIMP,Sir Seewoosagur Ramgoolam International Airport,large,-20.430201,57.683601,MU,MU-GP,Grand Port,Plaine Magnien,http://aml.mru.aero/,https://en.wikipedia.org/wiki/Sir_Seewoosagur_Ramgoolam_International_Airport
RRG,FIMR,Sir Charles Gaetan Duval Airport,medium,-19.756696,63.359326,MU,MU-RO,Rodrigues Island,Port Mathurin,,https://en.wikipedia.org/wiki/Rodrigues_Island_Airport
GAN,VRMG,Gan International Airport,large,-0.692975,73.152627,MV,MV-01,Addu Atoll,Gan,https://ganairport.com,https://en.wikipedia.org/wiki/Gan_International_Airport
HAQ,VRMH,Hanimaadhoo International Airport,large,6.743235,73.167072,MV,MV-23,Haa Dhaalu Atoll,Haa Dhaalu Atoll,,https://en.wikipedia.org/wiki/Hanimaadhoo_Internatioal_Airport
KDM,VRMT,Kaadedhdhoo Airport,medium,0.488131,72.996902,MV,MV-28,Gaafu Dhaalu Atoll,Huvadhu Atoll,,https://en.wikipedia.org/wiki/Kaadedhdhoo_Domestic_Airport
KDO,VRMK,Kadhdhoo Airport,medium,1.85917,73.521896,MV,MV-05,Laamu Atoll,Kadhdhoo,,https://en.wikipedia.org/wiki/Kadhdhoo_Airport
VAM,VRMV,Villa International Airport Maamigili,medium,3.471751,72.832633,MV,MV-00,Alif Dhaal Atoll,Maamigili,,https://en.wikipedia.org/wiki/Maamigili_Airport
MLE,VRMM,Velana International Airport,large,4.19183,73.529099,MV,MV-MLE,Malé (capital city),Malé,https://www.airports.com.mv/,https://en.wikipedia.org/wiki/Mal%C3%A9_International_Airport
NMF,VRDA,Maafaru International Airport,medium,5.817407,73.468404,MV,MV-25,Noonu Atoll,Noonu Atoll,http://www.maafaruairport.com,https://en.wikipedia.org/wiki/Maafaru_International_Airport
BLZ,FWCL,Chileka International Airport,large,-15.677189,34.972319,MW,MW-BL,Blantyre District,Blantyre,,https://en.wikipedia.org/wiki/Chileka_International_Airport
LLW,FWKI,Kamuzu International Airport,large,-13.7894,33.780998,MW,MW-LI,Lilongwe District,Lumbadzi,,https://en.wikipedia.org/wiki/Kamuzu_International_Airport
ACA,MMAA,General Juan N. Álvarez International Airport,large,16.757126,-99.753113,MX,MX-GRO,Guerrero,Acapulco,https://www.oma.aero/es/pasajeros/acapulco/,https://en.wikipedia.org/wiki/Acapulco_International_Airport
AGU,MMAS,Aguascalientes International Airport,large,21.699589,-102.318372,MX,MX-AGU,Aguascalientes,Aguascalientes,https://www.aeropuertosgap.com.mx/es/aguascalientes.html,https://en.wikipedia.org/wiki/Aguascalientes_International_Airport
CSW,MMSL,Cabo San Lucas International Airport,medium,22.949072,-109.939479,MX,MX-BCS,Baja California Sur,Cabo San Lucas,https://www.cabosanlucas.net/fast-facts/cabo-san-lucas-airport,https://en.wikipedia.org/wiki/Cabo_San_Lucas_International_Airport
CPE,MMCP,Ingeniero Alberto Acuña Ongay International Airport,medium,19.815969,-90.500125,MX,MX-CAM,Campeche,Campeche,,https://en.wikipedia.org/wiki/Ing._Alberto_Acu%C3%B1a_Ongay_International_Airport
CUN,MMUN,Cancún International Airport,large,21.040817,-86.87347,MX,MX-ROO,Quintana Roo,Cancún,https://cancunairport.com,https://en.wikipedia.org/wiki/Cancun_International_Airport
CTM,MMCM,Chetumal International Airport,medium,18.504985,-88.328018,MX,MX-ROO,Quintana Roo,Chetumal,http://chetumal.asa.gob.mx/wb/webasa/chetumal_aeropuertos,https://en.wikipedia.org/wiki/Chetumal_International_Airport
CUU,MMCU,General Roberto Fierro Villalobos International Airport,large,28.702649,-105.963764,MX,MX-CHH,Chihuahua,Chihuahua,,https://en.wikipedia.org/wiki/Chihuahua_International_Airport
CJS,MMCS,Abraham González International Airport,large,31.636673,-106.428533,MX,MX-CHH,Chihuahua,Ciudad Juárez,,https://en.wikipedia.org/wiki/Abraham_Gonz%C3%A1lez_International_Airport
TAM,MMTM,General Francisco Javier Mina International Airport,medium,22.292622,-97.867058,MX,MX-TAM,Tamaulipas,Ciudad Madero,,https://en.wikipedia.org/wiki/General_Francisco_Javier_Mina_International_Airport
CEN,MMCN,Ciudad Obregón International Airport,medium,27.392599,-109.833,MX,MX-SON,Sonora,Ciudad Obregón,http://obregon.asa.gob.mx/wb/webasa/obregon_aeropuertos,https://en.wikipedia.org/wiki/Ciudad_Obreg%C3%B3n_International_Airport
CVM,MMCV,General Pedro Jose Mendez International Airport,medium,23.7033,-98.956497,MX,MX-TAM,Tamaulipas,Ciudad Victoria,,https://en.wikipedia.org/wiki/General_Pedro_J._M%C3%A9ndez_International_Airport
CME,MMCE,Ciudad del Carmen International Airport,medium,18.651516,-91.799355,MX,MX-CAM,Campeche,Ciudad del Carmen,,https://en.wikipedia.org/wiki/Ciudad_del_Carmen_International_Airport
CLQ,MMIA,Licenciado Miguel de la Madrid International Airport,medium,19.277,-103.577002,MX,MX-COL,Colima,Colima,,https://en.wikipedia.org/wiki/Lic._Miguel_de_la_Madrid_Airport
MTT,MMMT,Minatitlán/Coatzacoalcos International Airport,medium,18.103399,-94.580704,MX,MX-VER,Veracruz,Cosoleacaque,http://www.asur.com.mx/asur/ingles/aeropuertos/minatitlan/minatitlan.asp,https://en.wikipedia.org/wiki/Minatitl%C3%A1n/Coatzacoalcos_International_Airport
CZM,MMCZ,Cozumel International Airport,large,20.514922,-86.928538,MX,MX-ROO,Quintana Roo,Cozumel,http://www.asur.com.mx/,https://en.wikipedia.org/wiki/Cozumel_International_Airport
CUL,MMCL,Bachigualato Federal International Airport,large,24.76504,-107.475228,MX,MX-SIN,Sinaloa,Culiacán,,https://en.wikipedia.org/wiki/Bachigualato_Federal_International_Airport
DGO,MMDO,General Guadalupe Victoria International Airport,medium,24.125468,-104.527938,MX,MX-DUR,Durango,Durango,,https://en.wikipedia.org/wiki/General_Guadalupe_Victoria_International_Airport
GDL,MMGL,Guadalajara International Airport,large,20.523342,-103.310108,MX,MX-JAL,Jalisco,Guadalajara,https://www.aeropuertosgap.com.mx/es/guadalajara,https://en.wikipedia.org/wiki/Don_Miguel_Hidalgo_y_Costilla_International_Airport
GYM,MMGM,General José María Yáñez International Airport,medium,27.969,-110.925003,MX,MX-SON,Sonora,Guaymas,http://guaymas.asa.gob.mx/wb/webasa/guaymas_aeropuertos,https://en.wikipedia.org/wiki/General_Jos%C3%A9_Mar%C3%ADa_Y%C3%A1%C3%B1ez_International_Airport
HMO,MMHO,General Ignacio L. Pesqueira International Airport,large,29.092811,-111.053015,MX,MX-SON,Sonora,Hermosillo,,https://en.wikipedia.org/wiki/Hermosillo_International_Airport
HUX,MMBT,Bahías de Huatulco International Airport,large,15.775437,-96.260456,MX,MX-OAX,Oaxaca,Huatulco,,https://en.wikipedia.org/wiki/Bah%C3%ADas_de_Huatulco_International_Airport
ZIH,MMZH,Ixtapa-Zihuatanejo International Airport,large,17.601771,-101.460629,MX,MX-GRO,Guerrero,Ixtapa,,https://en.wikipedia.org/wiki/Ixtapa-Zihuatanejo_International_Airport
IZT,MMIT,General Antonio Cárdenas Rodríguez National Airport / Ixtepec Air Base,medium,16.445961,-95.093708,MX,MX-OAX,Oaxaca,Ixtepec,,https://en.wikipedia.org/wiki/Ixtepec_Airport
LAP,MMLP,Manuel Márquez de León International Airport,medium,24.072331,-110.362662,MX,MX-BCS,Baja California Sur,La Paz,https://www.aeropuertosgap.com.mx/en/la-paz-3.html,https://en.wikipedia.org/wiki/La_Paz_International_Airport
LTO,MMLT,Loreto International Airport,large,25.989549,-111.348408,MX,MX-BCS,Baja California Sur,Loreto,,https://en.wikipedia.org/wiki/Loreto_International_Airport
LMM,MMLM,Valle del Fuerte International Airport,medium,25.685503,-109.081159,MX,MX-SIN,Sinaloa,Los Mochis,http://aeropuertosgap.com.mx/english/index-site.html,https://en.wikipedia.org/wiki/Federal_del_Valle_del_Fuerte_International_Airport
ZLO,MMZO,Playa de Oro International Airport,medium,19.1448,-104.558998,MX,MX-COL,Colima,Manzanillo,http://manzanillo.aeropuertosgap.com.mx/index.php?lang=eng,https://en.wikipedia.org/wiki/Playa_de_Oro_International_Airport
MAM,MMMA,General Servando Canales International Airport,medium,25.769899,-97.525299,MX,MX-TAM,Tamaulipas,Matamoros,,https://en.wikipedia.org/wiki/General_Servando_Canales_International_Airport
MZT,MMMZ,General Rafael Buelna International Airport,large,23.162823,-106.264517,MX,MX-SIN,Sinaloa,Mazatlàn,,https://en.wikipedia.org/wiki/Mazatl%C3%A1n_International_Airport
MXL,MMML,General Rodolfo Sánchez Taboada International Airport,medium,32.630629,-115.242805,MX,MX-BCN,Baja California,Mexicali,http://aeropuertosgap.com.mx/aeropuertos/mexicali?lang=eng,https://en.wikipedia.org/wiki/General_Rodolfo_S%C3%A1nchez_Taboada_International_Airport
NLU,MMSM,Felipe Ángeles International Airport,large,19.743824,-99.01507,MX,MX-MEX,México (state),Mexico City,https://www.gob.mx/nuevoaeropuertofelipeangeles,https://en.wikipedia.org/wiki/Mexico_City_Santa_Lucía_Airport
MEX,MMMX,Mexico City Benito Juárez International Airport,large,19.435822,-99.07033,MX,MX-DIF,Ciudad de México,Mexico City,https://www.aicm.com.mx,https://en.wikipedia.org/wiki/Mexico_City_International_Airport
MTY,MMMY,Monterrey International Airport,large,25.778521,-100.106989,MX,MX-NLE,Nuevo León,Monterrey,https://aeropuertomonterrey.oma.aero/es/,https://en.wikipedia.org/wiki/General_Mariano_Escobedo_International_Airport
MLM,MMMM,General Francisco J. Mujica International Airport,large,19.849899,-101.025002,MX,MX-MIC,Michoacán,Morelia,,https://en.wikipedia.org/wiki/General_Francisco_J._Mujica_International_Airport
MID,MMMD,Manuel Crescencio Rejón International Airport,large,20.930485,-89.645462,MX,MX-YUC,Yucatán,Mérida,,https://en.wikipedia.org/wiki/Manuel_Crescencio_Rej%C3%B3n_International_Airport
NLD,MMNL,Quetzalcóatl International Airport,medium,27.443899,-99.570503,MX,MX-TAM,Tamaulipas,Nuevo Laredo,,https://en.wikipedia.org/wiki/Quetzalc%C3%B3atl_International_Airport
OAX,MMOX,Xoxocotlán International Airport,large,16.998773,-96.726092,MX,MX-OAX,Oaxaca,Oaxaca,https://oaxaca-airport.com,https://en.wikipedia.org/wiki/Xoxocotl%C3%A1n_International_Airport
PDS,MMPG,Piedras Negras International Airport,medium,28.627873,-100.53524,MX,MX-COA,Coahuila,Piedras Negras,,https://en.wikipedia.org/wiki/Piedras_Negras_International_Airport
PAZ,MMPA,El Tajín National Airport,medium,20.602699,-97.4608,MX,MX-VER,Veracruz,Poza Rica,,https://en.wikipedia.org/wiki/El_Taj%C3%ADn_National_Airport
PBC,MMPB,Hermanos Serdán International Airport,large,19.158465,-98.371582,MX,MX-PUE,Puebla,Puebla,http://www.aeropuertopuebla.com/,https://en.wikipedia.org/wiki/Hermanos_Serd%C3%A1n_International_Airport
PXM,MMPS,Puerto Escondido International Airport,medium,15.876808,-97.0891,MX,MX-OAX,Oaxaca,Puerto Escondido,,https://en.wikipedia.org/wiki/Puerto_Escondido_International_Airport
PVR,MMPR,Puerto Vallarta International Airport,large,20.679913,-105.254391,MX,MX-JAL,Jalisco,Puerto Vallarta,https://thepuertovallartaairport.com/,https://en.wikipedia.org/wiki/Lic._Gustavo_D%C3%ADaz_Ordaz_International_Airport
QRO,MMQT,Querétaro Intercontinental Airport,large,20.618779,-100.186449,MX,MX-QUE,Querétaro,Querétaro,http://www.aiq.com.mx/,https://en.wikipedia.org/wiki/Quer%C3%A9taro_International_Airport
REX,MMRX,General Lucio Blanco International Airport,medium,26.0089,-98.2285,MX,MX-TAM,Tamaulipas,Reynosa,,https://en.wikipedia.org/wiki/General_Lucio_Blanco_International_Airport
SLW,MMIO,Plan de Guadalupe International Airport,medium,25.53786,-100.928346,MX,MX-COA,Coahuila,Saltillo,,https://en.wikipedia.org/wiki/Plan_de_Guadalupe_International_Airport
SJD,MMSD,Los Cabos International Airport,large,23.151919,-109.720731,MX,MX-BCS,Baja California Sur,San José del Cabo,https://www.loscabosairport.com/,https://en.wikipedia.org/wiki/Los_Cabos_International_Airport
SLP,MMSP,Ponciano Arriaga International Airport,medium,22.262026,-100.935692,MX,MX-SLP,San Luis Potosí,San Luis Potosí,,https://en.wikipedia.org/wiki/Ponciano_Arriaga_International_Airport
BJX,MMLO,Guanajuato International Airport,large,20.992695,-101.480284,MX,MX-GUA,Guanajuato,Silao,,https://en.wikipedia.org/wiki/Del_Baj%C3%ADo_International_Airport
TAP,MMTP,Tapachula International Airport,medium,14.794549,-92.369871,MX,MX-CHP,Chiapas,Tapachula,http://www.asur.com.mx/asur/Ingles/aeropuertos/tapachula/tapachula.asp,https://en.wikipedia.org/wiki/Tapachula_International_Airport
TPQ,MMEP,Amado Nervo National Airport,medium,21.419833,-104.842472,MX,MX-NAY,Nayarit,Tepic,http://tepic.asa.gob.mx/wb/webasa/tepic_aeropuertos,https://en.wikipedia.org/wiki/Amado_Nervo_National_Airport
TIJ,MMTJ,General Abelardo L. Rodriguez International Airport,large,32.541043,-116.969976,MX,MX-BCN,Baja California,Tijuana,http://aeropuertosgap.com.mx/english/airports/tijuana-airport,https://en.wikipedia.org/wiki/General_Abelardo_L._Rodr%C3%ADguez_International_Airport
TLC,MMTO,Adolfo López Mateos International Airport,large,19.3369,-99.56583,MX,MX-MEX,México (state),Toluca,,https://en.wikipedia.org/wiki/Lic._Adolfo_L%C3%B3pez_Mateos_International_Airport
TRC,MMTC,Francisco Sarabia Tinoco International Airport,medium,25.562265,-103.404608,MX,MX-COA,Coahuila,Torreón,,https://en.wikipedia.org/wiki/Francisco_Sarabia_International_Airport
TQO,MMTL,Felipe Carrillo Puerto International Airport Tulum,large,20.172098,-87.660272,MX,MX-ROO,Quintana Roo,Tulum,https://aitulum.com/en,https://en.wikipedia.org/wiki/Tulum_International_Airport
TGZ,MMTG,Angel Albino Corzo International Airport,medium,16.561611,-93.025731,MX,MX-CHP,Chiapas,Tuxtla Gutiérrez,http://www.chiapas.aero/index.html,https://en.wikipedia.org/wiki/Angel_Albino_Corzo_International_Airport
UPN,MMPN,Uruapan - Licenciado y General Ignacio Lopez Rayon International Airport,medium,19.3967,-102.039001,MX,MX-MIC,Michoacán,Uruapan,,https://en.wikipedia.org/wiki/Uruapan_International_Airport
VER,MMVR,General Heriberto Jara International Airport,large,19.139589,-96.188602,MX,MX-VER,Veracruz,Veracruz,http://www.asur.com.mx/asur/ingles/aeropuertos/veracruz/veracruz.asp,https://en.wikipedia.org/wiki/General_Heriberto_Jara_International_Airport
VSA,MMVA,Carlos Rovirosa Pérez International Airport,large,17.994283,-92.818199,MX,MX-TAB,Tabasco,Villahermosa,,https://en.wikipedia.org/wiki/Villahermosa_International_Airport
ZCL,MMZC,General Leobardo C. Ruiz International Airport,medium,22.894942,-102.687154,MX,MX-ZAC,Zacatecas,Zacatecas,http://www.oma.aero/es/aeropuertos/zacatecas/,https://en.wikipedia.org/wiki/General_Leobardo_C._Ruiz_International_Airport
AOR,WMKA,Sultan Abdul Halim Airport,medium,6.18967,100.398003,MY,MY-02,Kedah,Alor Satar,,https://en.wikipedia.org/wiki/Sultan_Abdul_Halim_Airport
BBN,WBGZ,Bario Airport,medium,3.734648,115.478548,MY,MY-13,Sarawak,Bario,,https://en.wikipedia.org/wiki/Bario_Airport
BTU,WBGB,Bintulu Airport,medium,3.12385,113.019997,MY,MY-13,Sarawak,Bintulu,,https://en.wikipedia.org/wiki/Bintulu_Airport
IPH,WMKI,Sultan Azlan Shah Airport,large,4.56733,101.091643,MY,MY-08,Perak,Ipoh,,https://en.wikipedia.org/wiki/Sultan_Azlan_Shah_Airport
JHB,WMKJ,Senai International Airport,large,1.64131,103.669998,MY,MY-01,Johor,Johor Bahru,https://senaiairport.com,https://en.wikipedia.org/wiki/Senai_International_Airport
KBR,WMKC,Sultan Ismail Petra Airport,medium,6.16685,102.292999,MY,MY-03,Kelantan,Kota Baharu,,https://en.wikipedia.org/wiki/Sultan_Ismail_Petra_Airport
BKI,WBKK,Kota Kinabalu International Airport,large,5.932743,116.049324,MY,MY-12,Sabah,Kota Kinabalu,,https://en.wikipedia.org/wiki/Kota_Kinabalu_International_Airport
TGG,WMKN,Sultan Mahmud Airport,medium,5.38264,103.102997,MY,MY-11,Terengganu,Kuala Terengganu,,https://en.wikipedia.org/wiki/Sultan_Mahmud_Airport
KUA,WMKD,Kuantan Airport,medium,3.77539,103.209,MY,MY-06,Pahang,Kuantan,,https://en.wikipedia.org/wiki/Sultan_Haji_Ahmad_Shah_Airport
KCH,WBGG,Kuching International Airport,large,1.487364,110.352859,MY,MY-13,Sarawak,Kuching,,https://en.wikipedia.org/wiki/Kuching_International_Airport
LBU,WBKL,Labuan Airport,medium,5.301667,115.248333,MY,MY-15,Labuan (Federal Territory),Labuan,,https://en.wikipedia.org/wiki/Labuan_Airport
LDU,WBKD,Lahad Datu Airport,medium,5.03241,118.32376,MY,MY-12,Sabah,Lahad Datu,,https://en.wikipedia.org/wiki/Lahad_Datu_Airport
LGK,WMKL,Langkawi International Airport,large,6.32973,99.728699,MY,MY-02,Kedah,Langkawi,,https://en.wikipedia.org/wiki/Langkawi_International_Airport
LMN,WBGJ,Limbang Airport,medium,4.8083,115.010002,MY,MY-13,Sarawak,Limbang,,https://en.wikipedia.org/wiki/Limbang_Airport
MKZ,WMKM,Malacca International Airport,medium,2.265613,102.252778,MY,MY-04,Melaka,Malacca,,https://en.wikipedia.org/wiki/Malacca_International_Airport
MUR,WBGM,Marudi Airport,medium,4.178734,114.330318,MY,MY-13,Sarawak,Marudi,,https://en.wikipedia.org/wiki/Marudi_Airport
MYY,WBGR,Miri Airport,medium,4.32201,113.987,MY,MY-13,Sarawak,Miri,,https://en.wikipedia.org/wiki/Miri_Airport
MKM,WBGK,Mukah Airport,medium,2.881944,112.043333,MY,MY-13,Sarawak,Mukah,,https://en.wikipedia.org/wiki/Mukah_Airport
MZV,WBMU,Mulu Airport,medium,4.04833,114.805,MY,MY-13,Sarawak,Mulu,,https://en.wikipedia.org/wiki/Mulu_Airport
PEN,WMKP,Penang International Airport,large,5.296303,100.276185,MY,MY-07,Penang,Penang,,https://en.wikipedia.org/wiki/Penang_International_Airport
SDK,WBKS,Sandakan Airport,medium,5.9009,118.058998,MY,MY-12,Sabah,Sandakan,,https://en.wikipedia.org/wiki/Sandakan_Airport
KUL,WMKK,Kuala Lumpur International Airport,large,2.74558,101.709999,MY,MY-10,Selangor,Sepang,,https://en.wikipedia.org/wiki/Kuala_Lumpur_International_Airport
SBW,WBGS,Sibu Airport,medium,2.2616,111.985001,MY,MY-13,Sarawak,Sibu,,https://en.wikipedia.org/wiki/Sibu_Airport
SZB,WMSA,Sultan Abdul Aziz Shah International Airport,large,3.13058,101.549004,MY,MY-10,Selangor,Subang,https://subangskypark.com,https://en.wikipedia.org/wiki/Sultan_Abdul_Aziz_Shah_Airport
TWU,WBKW,Tawau Airport,medium,4.31338,118.12152,MY,MY-12,Sabah,Tawau,,https://en.wikipedia.org/wiki/Tawau_Airport
TOD,WMBT,Tioman Airport,medium,2.81818,104.160004,MY,MY-06,Pahang,Tioman Island,,https://en.wikipedia.org/wiki/Tioman_Airport
BEW,FQBR,Beira International Airport,large,-19.7964,34.9076,MZ,MZ-S,Sofala Province,Beira,,https://en.wikipedia.org/wiki/Beira_Airport
VPY,FQCH,Chimoio Airport,medium,-19.1513,33.429001,MZ,MZ-B,Manica Province,Chimoio,,https://en.wikipedia.org/wiki/Chimoio_Airport
INH,FQIN,Inhambane Airport,medium,-23.8764,35.408501,MZ,MZ-I,Inhambane Province,Inhambane,,https://en.wikipedia.org/wiki/Inhambane_Airport
VXC,FQLC,Lichinga Airport,medium,-13.274,35.2663,MZ,MZ-A,Niassa Province,Lichinga,,https://en.wikipedia.org/wiki/Lichinga_Airport
MPM,FQMA,Maputo Airport,large,-25.920799,32.572601,MZ,MZ-MPM,Maputo (city),Maputo,,https://en.wikipedia.org/wiki/Maputo_International_Airport
MNC,FQNC,Nacala International Airport,medium,-14.4882,40.7122,MZ,MZ-N,Nampula Province,Nacala,,https://en.wikipedia.org/wiki/Nacala_Airport
APL,FQNP,Nampula Airport,large,-15.1056,39.281799,MZ,MZ-N,Nampula Province,Nampula,,https://en.wikipedia.org/wiki/Nampula_Airport
POL,FQPB,Pemba Airport,medium,-12.993302,40.524867,MZ,MZ-P,Cabo Delgado Province,Pemba,,https://en.wikipedia.org/wiki/Pemba_Airport
UEL,FQQL,Quelimane Airport,medium,-17.855499,36.869099,MZ,MZ-Q,Zambezia Province,Quelimane,,https://en.wikipedia.org/wiki/Quelimane_Airport
TET,FQTT,Tete Airport,large,-16.104799,33.640202,MZ,MZ-T,Tete Province,Tete,,https://en.wikipedia.org/wiki/Chingozi_Airport
VNX,FQVL,Vilankulo Airport,medium,-22.0184,35.313301,MZ,MZ-I,Inhambane Province,Vilanculo,,https://en.wikipedia.org/wiki/Vilankulo_Airport
LUD,FYLZ,Luderitz Airport,medium,-26.687401,15.2429,NA,NA-KA,ǁKaras Region,Luderitz,,https://en.wikipedia.org/wiki/L%C3%BCderitz_Airport
MPA,FYKM,Katima Mulilo Airport,medium,-17.634258,24.176688,NA,NA-CA,Zambezi Region,Mpacha,,https://en.wikipedia.org/wiki/Katima_Mulilo_Airport
OND,FYOA,Ondangwa Airport,medium,-17.878201,15.9526,NA,NA-ON,Oshana Region,Ondangwa,,https://en.wikipedia.org/wiki/Ondangwa_Airport
OMD,FYOG,Oranjemund Airport,medium,-28.585318,16.44638,NA,NA-KA,ǁKaras Region,Oranjemund,,https://en.wikipedia.org/wiki/Oranjemund_Airport
NDU,FYRU,Rundu Airport,medium,-17.956499,19.7194,NA,NA-KE,Kavango East Region,Rundu,,"http://ourairports.com/airports/FYRU/#lat=-17.956499099731445,lon=19.71940040588379,zoom=13,type=Satellite,airport=FYRU"
WVB,FYWB,Walvis Bay International Airport,large,-22.979332,14.647102,NA,NA-ER,Erongo Region,Walvis Bay(Rooikop),https://www.airports.com.na/airports/overview/44/,https://en.wikipedia.org/wiki/Walvis_Bay_Airport
ERS,FYWE,Eros Airport,medium,-22.60492,17.079002,NA,NA-KH,Khomas Region,Windhoek,,https://en.wikipedia.org/wiki/Eros_Airport
WDH,FYWH,Hosea Kutako International Airport,large,-22.4799,17.4709,NA,NA-KH,Khomas Region,Windhoek,http://airports.com.na/,https://en.wikipedia.org/wiki/Windhoek_Hosea_Kutako_International_Airport
KNQ,NWWD,Koné Airport,medium,-21.053551,164.838768,NC,NC-02,Province Nord,Koné,,https://en.wikipedia.org/wiki/Kon%C3%A9_Airport
LIF,NWWL,Lifou Airport,medium,-20.774563,167.239328,NC,NC-01,Province des îles Loyauté,Lifou,,https://en.wikipedia.org/wiki/Lifou_Airport
MEE,NWWR,Maré Airport,medium,-21.482438,168.038465,NC,NC-01,Province des îles Loyauté,Maré,,https://en.wikipedia.org/wiki/Mar%C3%A9_Airport
GEA,NWWM,Nouméa Magenta Airport,medium,-22.257706,166.472822,NC,NC-03,Province Sud,Nouméa,,https://en.wikipedia.org/wiki/Noum%C3%A9a_Magenta_Airport
NOU,NWWW,La Tontouta International Airport,large,-22.014601,166.212997,NC,NC-03,Province Sud,Nouméa (La Tontouta),http://www.cci-nc.com/tontouta/index.php,https://en.wikipedia.org/wiki/La_Tontouta_International_Airport
UVE,NWWV,Ouvéa Airport,medium,-20.640932,166.573024,NC,NC-01,Province des îles Loyauté,Ouvéa,,https://en.wikipedia.org/wiki/Ouv%C3%A9a_Airport
TGJ,NWWA,Tiga Airport,medium,-21.096407,167.80379,NC,NC-01,Province des îles Loyauté,Tiga,,https://en.wikipedia.org/wiki/Tiga_Airport
TOU,NWWU,Touho Airport,medium,-20.790127,165.259524,NC,NC-02,Province Nord,Touho,,https://en.wikipedia.org/wiki/Touho_Airport
ILP,NWWE,Île des Pins Airport,medium,-22.5889,167.455994,NC,NC-03,Province Sud,Île des Pins,,https://en.wikipedia.org/wiki/%C3%8Ele_des_Pins_Airport
NIM,DRRN,Diori Hamani International Airport,large,13.4815,2.18361,NE,NE-8,Niamey Capital District,Niamey,,https://en.wikipedia.org/wiki/Diori_Hamani_International_Airport
ZND,DRZR,Zinder Airport,medium,13.779,8.98376,NE,NE-7,Zinder Region,Zinder,,https://en.wikipedia.org/wiki/Zinder_Airport
NLK,YSNF,Norfolk Island International Airport,medium,-29.041759,167.939474,NF,NF-U-A,(unassigned),Burnt Pine,http://www.airport.gov.nf/,https://en.wikipedia.org/wiki/Norfolk_Island_Airport
ABV,DNAA,Nnamdi Azikiwe International Airport,large,9.00679,7.26317,NG,NG-FC,Abuja Capital Territory,Abuja,http://www.faannigeria.org/nigeria-airport.php?airport=3,https://en.wikipedia.org/wiki/Nnamdi_Azikiwe_International_Airport
AKR,DNAK,Akure Airport,medium,7.24674,5.30101,NG,NG-ON,Ondo State,Akure,http://www.faannigeria.org/nigeria-airport.php?airport=21,https://en.wikipedia.org/wiki/Akure_Airport
ABB,DNAS,Asaba International Airport,large,6.204167,6.665278,NG,NG-DE,Delta State,Asaba,,https://en.wikipedia.org/wiki/Asaba_International_Airport
BCU,DNBC,Sir Abubakar Tafawa Balewa Bauchi State International Airport,large,10.482833,9.744,NG,NG-BA,Bauchi State,Bauchi,,https://en.wikipedia.org/wiki/Bauchi_State_Airport
BNI,DNBE,Benin Airport,medium,6.31698,5.5995,NG,NG-ED,Edo State,Benin,http://www.faannigeria.org/nigeria-airport.php?airport=22,https://en.wikipedia.org/wiki/Benin_Airport
CBQ,DNCA,Margaret Ekpo International Airport,medium,4.97602,8.3472,NG,NG-CR,Cross River State,Calabar,http://www.faannigeria.org/nigeria-airport.php?airport=12,https://en.wikipedia.org/wiki/Margaret_Ekpo_International_Airport
ENU,DNEN,Akanu Ibiam International Airport,large,6.473718,7.560463,NG,NG-EN,Enugu State,Enegu,https://www.faannigeria.org/nigeria-airport.php?airport=11,https://en.wikipedia.org/wiki/Akanu_Ibiam_International_Airport
GMO,DNGO,Gombe Lawanti International Airport,medium,10.298889,10.9,NG,NG-GO,Gombe State,Gombe,,https://en.wikipedia.org/wiki/Gombe_Lawanti_International_Airport
IBA,DNIB,Ibadan Airport,medium,7.36246,3.97833,NG,NG-OY,Oyo State,Ibadan,http://www.faannigeria.org/nigeria-airport.php?airport=7,https://en.wikipedia.org/wiki/Ibadan_Airport
ILR,DNIL,General Tunde Idiagbon International Airport,large,8.44021,4.49392,NG,NG-KW,Kwara State,Ilorin/Ogbomosho,http://www.faannigeria.org/nigeria-airport.php?airport=20,https://en.wikipedia.org/wiki/Ilorin_International_Airport
JOS,DNJO,Yakubu Gowon Airport,medium,9.63983,8.86905,NG,NG-PL,Plateau State,Jos,http://www.faannigeria.org/nigeria-airport.php?airport=15,https://en.wikipedia.org/wiki/Yakubu_Gowon_Airport
KAD,DNKA,Kaduna International Airport,large,10.696,7.32011,NG,NG-KD,Kaduna State,Kaduna,http://www.faannigeria.org/nigeria-airport.php?airport=10,https://en.wikipedia.org/wiki/Kaduna_Airport
KAN,DNKN,Mallam Aminu Kano International Airport,large,12.045613,8.523566,NG,NG-KN,Kano State,Kano,http://www.faannigeria.org/nigeria-airport.php?airport=2,https://en.wikipedia.org/wiki/Mallam_Aminu_Kano_International_Airport
DKA,DNKT,Umaru Musa Yar'adua Airport,medium,13.0078,7.66045,NG,NG-KT,Katsina State,Katsina,http://www.faannigeria.org/nigeria-airport.php?airport=18,https://en.wikipedia.org/wiki/Katsina_Airport
LOS,DNMM,Murtala Muhammed International Airport,large,6.57737,3.32116,NG,NG-LA,Lagos State,Lagos,http://www.faannigeria.org/nigeria-airport.php?airport=1,https://en.wikipedia.org/wiki/Murtala_Muhammed_International_Airport
MIU,DNMA,Maiduguri International Airport,large,11.854163,13.080702,NG,NG-BO,Borno State,Maiduguri,http://www.faannigeria.org/nigeria-airport.php?airport=14,https://en.wikipedia.org/wiki/Maiduguri_International_Airport
MDI,DNMK,Makurdi Airport,medium,7.70388,8.61394,NG,NG-BE,Benue State,Makurdi,http://www.faannigeria.org/nigeria-airport.php?airport=23,https://en.wikipedia.org/wiki/Makurdi_Airport
QRW,DNSU,Warri Airport,medium,5.59821,5.8187,NG,NG-DE,Delta State,Okpe,http://www.faannigeria.org/nigeria-airport.php?airport=25,https://en.wikipedia.org/wiki/Warri_Airport
QOW,DNIM,Sam Mbakwe International Cargo Airport,medium,5.42706,7.20603,NG,NG-IM,Imo State,Owerri,https://www.faannigeria.org/nigeria-airport.php?airport=17,https://en.wikipedia.org/wiki/Sam_Mbakwe_International_Cargo_Airport
PHG,DNPM,Port Harcourt City Airport / Port Harcourt Air Force Base,medium,4.846111,7.021389,NG,NG-RI,Rivers State,Port Harcourt,,https://en.wikipedia.org/wiki/Port_Harcourt_City_Airport
PHC,DNPO,Port Harcourt International Airport,large,5.01549,6.94959,NG,NG-RI,Rivers State,Port Harcourt,http://www.faannigeria.org/nigeria-airport.php?airport=4,https://en.wikipedia.org/wiki/Port_Harcourt_International_Airport
SKO,DNSO,Sadiq Abubakar III International Airport,large,12.915729,5.207547,NG,NG-SO,Sokoto State,Sokoto,http://www.faannigeria.org/nigeria-airport.php?airport=13,https://en.wikipedia.org/wiki/Sadiq_Abubakar_III_International_Airport
QUO,DNAI,Akwa Ibom International Airport,medium,4.8725,8.093,NG,NG-AK,Akwa Ibom State,Uyo,http://www.ibomairport.com.ng/,https://en.wikipedia.org/wiki/Akwa_Ibom_Airport
YOL,DNYO,Yola Airport,medium,9.25755,12.4304,NG,NG-AD,Adamawa State,Yola,http://www.faannigeria.org/nigeria-airport.php?airport=16,https://en.wikipedia.org/wiki/Yola_Airport
BEF,MNBL,Bluefields Airport,medium,11.991,-83.774101,NI,NI-AS,South Caribbean Coast Autonomous Region,Bluefields,,https://en.wikipedia.org/wiki/Bluefields_Airport
MGA,MNMG,Augusto C. Sandino (Managua) International Airport,large,12.1415,-86.168198,NI,NI-MN,Managua Department,Managua,,https://en.wikipedia.org/wiki/Augusto_C._Sandino_International_Airport
PUZ,MNPC,Puerto Cabezas Airport,medium,14.0472,-83.386703,NI,NI-AN,North Caribbean Coast Autonomous Region,Puerto Cabezas,,https://en.wikipedia.org/wiki/Puerto_Cabezas_Airport
AMS,EHAM,Amsterdam Airport Schiphol,large,52.308601,4.76389,NL,NL-NH,Noord-Holland,Amsterdam,https://www.schiphol.nl/,https://en.wikipedia.org/wiki/Amsterdam_Airport_Schiphol
EIN,EHEH,Eindhoven Airport,large,51.4501,5.37453,NL,NL-NB,Noord-Brabant,Eindhoven,http://www.eindhovenairport.nl/,https://en.wikipedia.org/wiki/Eindhoven_Airport
GRQ,EHGG,Groningen Airport Eelde,large,53.119107,6.577652,NL,NL-DR,Drenthe,Groningen,,https://en.wikipedia.org/wiki/Groningen_Airport_Eelde
MST,EHBK,Maastricht Aachen Airport,large,50.911087,5.769401,NL,NL-LI,Limburg,Maastricht,,https://en.wikipedia.org/wiki/Maastricht_Aachen_Airport
RTM,EHRD,Rotterdam The Hague Airport,large,51.956902,4.43722,NL,NL-ZH,Zuid-Holland,Rotterdam,https://www.rotterdamthehagueairport.nl/,https://en.wikipedia.org/wiki/Rotterdam_The_Hague_Airport
SSJ,ENST,"Sandnessjøen Airport, Stokka",medium,65.956802,12.4689,NO,NO-18,Nordland,Alstahaug,https://avinor.no/en/airport/sandnessjoen-airport/,https://en.wikipedia.org/wiki/Sandnessj%C3%B8en_Airport%2C_Stokka
ALF,ENAT,Alta Airport,medium,69.976097,23.3717,NO,NO-56,Finnmark,Alta,https://avinor.no/en/airport/alta-airport/,https://en.wikipedia.org/wiki/Alta_Airport
ANX,ENAN,"Andøya Airport, Andenes",medium,69.295193,16.139379,NO,NO-18,Nordland,Andenes,https://avinor.no/en/airport/andoya-airport/,https://en.wikipedia.org/wiki/And%C3%B8ya_Airport%2C_Andenes
BGO,ENBR,"Bergen Airport, Flesland",large,60.2934,5.21814,NO,NO-46,Vestland,Bergen,http://www.avinor.no/en/airport/bergen,https://en.wikipedia.org/wiki/Bergen_Airport%2C_Flesland
BVG,ENBV,Berlevåg Airport,medium,70.871517,29.034097,NO,NO-56,Finnmark,Berlevåg,https://avinor.no/en/airport/berlevag-airport/,https://en.wikipedia.org/wiki/Berlev%C3%A5g_Airport
BOO,ENBO,Bodø Airport,large,67.269203,14.3653,NO,NO-18,Nordland,Bodø,http://www.avinor.no/en/airport/bodo/,https://en.wikipedia.org/wiki/Bod%C3%B8_Airport
BNN,ENBN,"Brønnøysund Airport, Brønnøy",medium,65.461098,12.2175,NO,NO-18,Nordland,Brønnøy,https://avinor.no/en/airport/bronnoysund-airport/,https://en.wikipedia.org/wiki/Br%C3%B8nn%C3%B8ysund_Airport%2C_Br%C3%B8nn%C3%B8y
BJF,ENBS,Båtsfjord Airport,medium,70.60025,29.692612,NO,NO-56,Finnmark,Båtsfjord,https://avinor.no/en/airport/batsfjord-airport/,https://en.wikipedia.org/wiki/B%C3%A5tsfjord_Airport
EVE,ENEV,Harstad/Narvik Airport,large,68.491302,16.678101,NO,NO-18,Nordland,Evenes,https://avinor.no/en/airport/harstadnarvik-airport/,https://en.wikipedia.org/wiki/Harstad/Narvik_Airport%2C_Evenes
FRO,ENFL,Florø Airport,medium,61.583599,5.02472,NO,NO-46,Vestland,Florø,https://avinor.no/en/airport/floro-airport/,https://en.wikipedia.org/wiki/Flor%C3%B8_Airport
SKN,ENSK,"Stokmarknes Airport, Skagen",medium,68.578827,15.033417,NO,NO-18,Nordland,Hadsel,https://avinor.no/en/airport/stokmarknes-airport/,https://en.wikipedia.org/wiki/Stokmarknes_Airport%2C_Skagen
HFT,ENHF,Hammerfest Airport,medium,70.679703,23.6686,NO,NO-56,Finnmark,Hammerfest,https://avinor.no/en/airport/hammerfest-airport/,https://en.wikipedia.org/wiki/Hammerfest_Airport
HVG,ENHV,"Honningsvåg Airport, Valan",medium,71.009697,25.983601,NO,NO-56,Finnmark,Honningsvåg,https://avinor.no/en/airport/honningsvag-airport/,https://en.wikipedia.org/wiki/Valan_Airport
HAU,ENHD,"Haugesund Airport, Karmøy",medium,59.345299,5.20836,NO,NO-11,Rogaland,Karmøy,https://flyhau.no/,https://en.wikipedia.org/wiki/Haugesund_Airport%2C_Karm%C3%B8y
KKN,ENKR,"Kirkenes Airport, Høybuktmoen",medium,69.7258,29.8913,NO,NO-56,Finnmark,Kirkenes,https://avinor.no/en/airport/kirkenes-airport/,https://en.wikipedia.org/wiki/Kirkenes_Airport%2C_H%C3%B8ybuktmoen
KRS,ENCN,Kristiansand Airport,large,58.204201,8.08537,NO,NO-42,Agder,Kristiansand(Kjevik),http://www.avinor.no/en/airport/kristiansand,https://en.wikipedia.org/wiki/Kristiansand_Airport%2C_Kjevik
KSU,ENKB,"Kristiansund Airport, Kvernberget",medium,63.111801,7.82452,NO,NO-15,Møre og Romsdal,Kvernberget,https://avinor.no/en/airport/kristiansund-airport/,https://en.wikipedia.org/wiki/Kristiansund_Airport%2C_Kvernberget
LKL,ENNA,"Lakselv Airport, Banak",medium,70.068802,24.973499,NO,NO-56,Finnmark,Lakselv,https://avinor.no/en/airport/lakselv-airport/,https://en.wikipedia.org/wiki/Lakselv_Airport%2C_Banak
SRP,ENSO,"Stord Airport, Sørstokken",medium,59.791901,5.34085,NO,NO-46,Vestland,Leirvik,,https://en.wikipedia.org/wiki/Stord_Airport%2C_S%C3%B8rstokken
LKN,ENLK,Leknes Airport,medium,68.152496,13.6094,NO,NO-18,Nordland,Leknes,https://avinor.no/en/airport/leknes-airport/,https://en.wikipedia.org/wiki/Leknes_Airport
LYR,ENSB,"Svalbard Airport, Longyear",medium,78.246101,15.4656,NO,NO-21,Svalbard,Longyearbyen,https://avinor.no/en/airport/svalbard-airport/,https://en.wikipedia.org/wiki/Svalbard_Airport%2C_Longyear
MEH,ENMH,Mehamn Airport,medium,71.029701,27.8267,NO,NO-56,Finnmark,Mehamn,https://avinor.no/en/airport/mehamn-airport/,https://en.wikipedia.org/wiki/Mehamn_Airport
MQN,ENRA,"Mo i Rana Airport, Røssvoll",medium,66.363899,14.3014,NO,NO-18,Nordland,Mo i Rana,https://avinor.no/en/airport/mo-i-rana-airport/,https://en.wikipedia.org/wiki/Mo_i_Rana_Airport%2C_R%C3%B8ssvoll
MJF,ENMS,"Mosjøen Airport, Kjærstad",medium,65.783997,13.2149,NO,NO-18,Nordland,Mosjøen,https://avinor.no/en/airport/mosjoen-airport/,https://en.wikipedia.org/wiki/Mosj%C3%B8en_Airport%2C_Kj%C3%A6rstad
BDU,ENDU,Bardufoss Airport,medium,69.055801,18.5404,NO,NO-55,Troms,Målselv,https://avinor.no/en/airport/bardufoss-airport/,https://en.wikipedia.org/wiki/Bardufoss_Airport
OSL,ENGM,Oslo-Gardermoen International Airport,large,60.193901,11.1004,NO,NO-32,Akershus,Oslo (Gardermoen),https://avinor.no/en/airport/oslo-airport,"https://en.wikipedia.org/wiki/Oslo_Airport,_Gardermoen"
RRS,ENRO,Røros Airport,medium,62.5784,11.3423,NO,NO-50,Trøndelag,Røros,https://avinor.no/en/airport/roros-airport/,https://en.wikipedia.org/wiki/R%C3%B8ros_Airport
RVK,ENRM,"Rørvik Airport, Ryum",medium,64.838303,11.1461,NO,NO-50,Trøndelag,Rørvik,https://avinor.no/en/airport/rorvik-airport/,https://en.wikipedia.org/wiki/R%C3%B8rvik_Airport%2C_Ryum
TRF,ENTO,"Sandefjord Airport, Torp",large,59.186699,10.2586,NO,NO-39,Vestfold,Sandefjord(Torp),https://torp.no/,https://en.wikipedia.org/wiki/Sandefjord_Airport%2C_Torp
SVG,ENZV,"Stavanger Airport, Sola",large,58.876701,5.63778,NO,NO-11,Rogaland,Stavanger,http://www.avinor.no/en/airport/stavanger/,"https://en.wikipedia.org/wiki/Stavanger_Airport,_Sola"
SVJ,ENSH,"Svolvær Airport, Helle",medium,68.243301,14.6692,NO,NO-18,Nordland,Svolvær,https://avinor.no/en/airport/svolvar-airport/,https://en.wikipedia.org/wiki/Svolv%C3%A6r_Airport%2C_Helle
SOJ,ENSR,Sørkjosen Airport,medium,69.786797,20.9594,NO,NO-55,Troms,Sørkjosen,https://avinor.no/en/airport/sorkjosen-airport/,https://en.wikipedia.org/wiki/S%C3%B8rkjosen_Airport
TOS,ENTC,Tromsø Airport,large,69.683296,18.9189,NO,NO-55,Troms,Tromsø,http://www.avinor.no/en/airport/tromso,https://en.wikipedia.org/wiki/Troms%C3%B8_Airport
TRD,ENVA,"Trondheim Airport, Værnes",large,63.457802,10.924,NO,NO-50,Trøndelag,Trondheim,https://avinor.no/en/airport/trondheim-airport/,https://en.wikipedia.org/wiki/Trondheim_Airport%2C_V%C3%A6rnes
VDS,ENVD,Vadsø Airport,medium,70.0653,29.8447,NO,NO-56,Finnmark,Vadsø,https://avinor.no/en/airport/vadso-airport/,https://en.wikipedia.org/wiki/Vads%C3%B8_Airport
VAW,ENSS,"Vardø Airport, Svartnes",medium,70.3554,31.044901,NO,NO-56,Finnmark,Vardø,https://avinor.no/en/airport/vardo-airport/,https://en.wikipedia.org/wiki/Vard%C3%B8_Airport%2C_Svartnes
AES,ENAL,Ålesund Airport,large,62.560443,6.110845,NO,NO-15,Møre og Romsdal,Ålesund,https://www.avinor.no/airport/alesund/,https://en.wikipedia.org/wiki/%C3%85lesund_Airport%2C_Vigra
MOL,ENML,"Molde Airport, Årø",medium,62.744701,7.2625,NO,NO-15,Møre og Romsdal,Årø,https://avinor.no/en/airport/molde-airport/,https://en.wikipedia.org/wiki/Molde_Airport%2C_%C3%85r%C3%B8
OLA,ENOL,Ørland Airport,medium,63.698898,9.604,NO,NO-50,Trøndelag,Ørland,,https://en.wikipedia.org/wiki/Brekstad_Airport%2C_%C3%98rland
HOV,ENOV,"Ørsta-Volda Airport, Hovden",medium,62.18,6.0741,NO,NO-15,Møre og Romsdal,Ørsta,https://avinor.no/en/airport/orsta-volda-airport/,https://en.wikipedia.org/wiki/%C3%98rsta-Volda_Airport%2C_Hovden
BIR,VNVT,Biratnagar Airport,medium,26.481501,87.264,NP,NP-P1,Koshi Province,Biratnagar,,https://en.wikipedia.org/wiki/Biratnagar_Airport
JKR,VNJP,Janakpur Airport,medium,26.708799,85.922401,NP,NP-P2,Madhesh Province,Janakpur,,https://en.wikipedia.org/wiki/Janakpur_Airport
KTM,VNKT,Tribhuvan International Airport,large,27.6966,85.3591,NP,NP-P3,Bagmati Province,Kathmandu,https://www.tiairport.com.np/,https://en.wikipedia.org/wiki/Tribhuvan_International_Airport
LUA,VNLK,Tenzing-Hillary Airport,medium,27.686768,86.729479,NP,NP-P1,Koshi Province,Lukla,https://lukla.caanepal.gov.np/,https://en.wikipedia.org/wiki/Tenzing-Hillary_Airport
KEP,VNNG,Nepalgunj Airport,medium,28.1036,81.667,NP,NP-P5,Lumbini Province,Nepalgunj,,https://en.wikipedia.org/wiki/Nepalgunj_Airport
PKR,VNPK,Pokhara Domestic Airport,medium,28.200621,83.981203,NP,NP-P4,Gandaki Province,Pokhara,,https://en.wikipedia.org/wiki/Pokhara_Airport_(domestic)
PHH,VNPR,Pokhara International Airport,large,28.1838,84.0147,NP,NP-P4,Gandaki Province,Pokhara,,https://en.wikipedia.org/wiki/Pokhara_International_Airport
BWA,VNBW,Gautam Buddha International Airport,large,27.504636,83.410381,NP,NP-P5,Lumbini Province,Siddharthanagar (Bhairahawa),https://gbia.caanepal.gov.np/,https://en.wikipedia.org/wiki/Gautam_Buddha_International_Airport
TPJ,VNTJ,Taplejung Airport,medium,27.3509,87.69525,NP,NP-P1,Koshi Province,Taplejung,,https://en.wikipedia.org/wiki/Taplejung_Airport
INU,ANYN,Nauru International Airport,medium,-0.547893,166.919525,NR,NR-14,Yaren,Yaren,https://www.nauruair.com/,https://en.wikipedia.org/wiki/Nauru_International_Airport
IUE,NIUE,Niue International Airport,medium,-19.080109,-169.923493,NU,NU-U-A,(unassigned),Alofi,,https://en.wikipedia.org/wiki/Niue_International_Airport
HKK,NZHK,Hokitika Airfield,medium,-42.7136,170.985001,NZ,NZ-WTC,West Coast Region,,,https://en.wikipedia.org/wiki/Hokitika_Airport
TIU,NZTU,Timaru Airport,medium,-44.302799,171.225006,NZ,NZ-CAN,Canterbury Region,,,https://en.wikipedia.org/wiki/Richard_Pearse_Airport
AKL,NZAA,Auckland International Airport,large,-37.01199,174.786331,NZ,NZ-AUK,Auckland Region,Auckland,http://www.auckland-airport.co.nz/,https://en.wikipedia.org/wiki/Auckland_International_Airport
KAT,NZKT,Kaitaia Airport,medium,-35.069837,173.287053,NZ,NZ-NTL,Northland Region,Awanui,,https://en.wikipedia.org/wiki/Kaitaia_Airport
BHE,NZWB,Woodbourne Airport,medium,-41.518299,173.869995,NZ,NZ-MBH,Marlborough Region,Blenheim,,https://en.wikipedia.org/wiki/Woodbourne_Airport
CHC,NZCH,Christchurch International Airport,large,-43.489029,172.532065,NZ,NZ-CAN,Canterbury Region,Christchurch,http://www.christchurchairport.co.nz/,https://en.wikipedia.org/wiki/Christchurch_International_Airport
DUD,NZDN,Dunedin International Airport,medium,-45.929017,170.197758,NZ,NZ-OTA,Otago Region,Dunedin,https://www.dnairport.co.nz/,https://en.wikipedia.org/wiki/Dunedin_International_Airport
GIS,NZGS,Gisborne Airport,medium,-38.6633,177.977997,NZ,NZ-GIS,Gisborne Region,Gisborne,https://gisborneairport.nz/,https://en.wikipedia.org/wiki/Gisborne_Airport
HLZ,NZHN,Hamilton International Airport,medium,-37.866961,175.331952,NZ,NZ-WKO,Waikato Region,Hamilton,http://www.hamiltonairport.co.nz/,https://en.wikipedia.org/wiki/Hamilton_Airport_(New_Zealand)
IVC,NZNV,Invercargill Airport,medium,-46.412399,168.313004,NZ,NZ-STL,Southland Region,Invercargill,http://www.invercargillairport.co.nz/index.htm,https://en.wikipedia.org/wiki/Invercargill_Airport
KKE,NZKK,Kerikeri Airport,medium,-35.259148,173.913317,NZ,NZ-NTL,Northland Region,Kerikeri,http://www.kerikeri-airport.co.nz/,https://en.wikipedia.org/wiki/Kerikeri_Airport
NPE,NZNR,Hawke's Bay Airport,medium,-39.465801,176.869995,NZ,NZ-HKB,Hawke's Bay Region,Napier,http://www.hawkesbay-airport.co.nz/,https://en.wikipedia.org/wiki/Napier_Airport
NSN,NZNS,Nelson Airport,medium,-41.296709,173.224323,NZ,NZ-NSN,Nelson Region,Nelson,http://www.nelsonairport.co.nz/,https://en.wikipedia.org/wiki/Nelson_Airport_(New_Zealand)
NPL,NZNP,New Plymouth Airport,medium,-39.008598,174.179001,NZ,NZ-TKI,Taranaki Region,New Plymouth,,https://en.wikipedia.org/wiki/New_Plymouth_Airport
PMR,NZPM,Palmerston North Airport,medium,-40.320599,175.617004,NZ,NZ-MWT,Manawatu-Wanganui Region,Palmerston North,http://www.pnairport.co.nz/index.php,https://en.wikipedia.org/wiki/Palmerston_North_International_Airport
ZQN,NZQN,Queenstown Airport,large,-45.019205,168.746379,NZ,NZ-OTA,Otago Region,Queenstown,https://www.queenstownairport.co.nz/,https://en.wikipedia.org/wiki/Queenstown_International_Airport
ROT,NZRO,Rotorua Regional Airport,medium,-38.1092,176.317001,NZ,NZ-BOP,Bay of Plenty Region,Rotorua,https://www.rotorua-airport.co.nz/,https://en.wikipedia.org/wiki/Rotorua_Regional_Airport
TUO,NZAP,Taupo Airport,medium,-38.7397,176.084,NZ,NZ-WKO,Waikato Region,Taupo,,https://en.wikipedia.org/wiki/Taupo_Airport
TRG,NZTG,Tauranga Airport,medium,-37.671902,176.195999,NZ,NZ-BOP,Bay of Plenty Region,Tauranga,,https://en.wikipedia.org/wiki/Tauranga_Airport
CHT,NZCI,Inia William Tuuta Memorial Airport,medium,-43.81189,-176.46514,NZ,NZ-WGN,Wellington Region,Te One,,https://en.wikipedia.org/wiki/Chatham_Islands_/_Tuuta_Airport
WKA,NZWF,Wanaka Airport,medium,-44.722091,169.246287,NZ,NZ-OTA,Otago Region,Wanaka,,https://en.wikipedia.org/wiki/Wanaka_Airport
WAG,NZWU,Wanganui Airport,medium,-39.963467,175.02444,NZ,NZ-MWT,Manawatu-Wanganui Region,Wanganui,,https://en.wikipedia.org/wiki/Wanganui_Airport
WLG,NZWN,Wellington International Airport,large,-41.326839,174.806862,NZ,NZ-WGN,Wellington Region,Wellington,http://www.wellingtonairport.co.nz/,https://en.wikipedia.org/wiki/Wellington_Airport
WSZ,NZWS,Westport Airport,medium,-41.737111,171.579033,NZ,NZ-WTC,West Coast Region,Westport,,https://en.wikipedia.org/wiki/Westport_Airport_(New_Zealand)
WHK,NZWK,Whakatāne Airport,medium,-37.922224,176.91696,NZ,NZ-BOP,Bay of Plenty Region,Whakatāne,https://www.whakatane.govt.nz/services/airport,https://en.wikipedia.org/wiki/Whakatane_Airport
WRE,NZWR,Whangarei Airport,medium,-35.769253,174.363713,NZ,NZ-NTL,Northland Region,Whangarei,,https://en.wikipedia.org/wiki/Whangarei_Airport
DQM,OODQ,Duqm International Airport,large,19.501944,57.634167,OM,OM-WU,Al Wusta Governorate,Duqm,http://www.omanairports.com/,https://en.wikipedia.org/wiki/Duqm_Jaaluni_Airport
KHS,OOKB,Khasab Airport,medium,26.171,56.240601,OM,OM-MU,Musandam Governorate,Khasab,,http://en.wikipedia.org/wiki/Khasab_Airport
MCT,OOMS,Muscat International Airport,large,23.600218,58.285268,OM,OM-MA,Masqat Governorate,Muscat/Seeb,https://www.muscatairport.co.om/,https://en.wikipedia.org/wiki/Seeb_International_Airport
SLL,OOSA,Salalah International Airport,large,17.0387,54.091301,OM,OM-ZU,Dhofar Governorate,Salalah,https://salalahairport.co.om/,https://en.wikipedia.org/wiki/Salalah_Airport
OHS,OOSH,Suhar International Airport,large,24.38604,56.62541,OM,OM-BA,Al Batinah Governorate,Suhar,https://www.suharairport.co.om/,https://en.wikipedia.org/wiki/Sohar_Airport
PAC,MPMG,Marcos A. Gelabert International Airport,medium,8.97334,-79.555603,PA,PA-8,Panamá Province,Albrook,,https://en.wikipedia.org/wiki/Albrook_%22Marcos_A._Gelabert%22_International_Airport
CHX,MPCH,Changuinola Captain Manuel Niño International Airport,medium,9.458962,-82.515062,PA,PA-1,Bocas del Toro Province,Changuinola,,https://en.wikipedia.org/wiki/Changuinola_%22Capit%C3%A1n_Manuel_Ni%C3%B1o%22_International_Airport
CTD,MPCE,Alonso Valderrama Airport,medium,7.98784,-80.409837,PA,PA-6,Herrera Province,Chitré,,https://en.wikipedia.org/wiki/Chitré_Alonso_Valderrama_Airport
ONX,MPEJ,Enrique Adolfo Jimenez Airport,medium,9.35664,-79.867401,PA,PA-3,Colón Province,Colón,,https://en.wikipedia.org/wiki/Enrique_Adolfo_Jim%C3%A9nez_Airport
DAV,MPDA,Enrique Malek International Airport,medium,8.388983,-82.436425,PA,PA-4,Chiriquí Province,David,,https://en.wikipedia.org/wiki/Enrique_Malek_International_Airport
BOC,MPBO,"Bocas del Toro ""Isla Colón"" International Airport",medium,9.34085,-82.250801,PA,PA-1,Bocas del Toro Province,Isla Colón,,https://en.wikipedia.org/wiki/Bocas_del_Toro_%22Isla_Colón%22_International_Airport
PTY,MPTO,Tocumen International Airport,large,9.07136,-79.383499,PA,PA-8,Panamá Province,Tocumen,https://www.tocumenpanama.aero/,https://en.wikipedia.org/wiki/Tocumen_International_Airport
AQP,SPQU,Rodríguez Ballón International Airport,large,-16.340786,-71.569485,PE,PE-ARE,Arequipa Region,Arequipa,,https://en.wikipedia.org/wiki/Rodriguez_Ballon_International_Airport
AYP,SPHO,Air Force Colonel Alfredo Mendivil Duarte Airport,medium,-13.1548,-74.204399,PE,PE-AYA,Ayacucho Region,Ayacucho,,https://en.wikipedia.org/wiki/Coronel_FAP_Alfredo_Mendivil_Duarte_Airport
CJA,SPJR,Mayor General FAP Armando Revoredo Iglesias Airport,medium,-7.13918,-78.489403,PE,PE-CAJ,Cajamarca Region,Cajamarca,,https://en.wikipedia.org/wiki/Mayor_General_FAP_Armando_Revoredo_Iglesias_Airport
CHH,SPPY,Chachapoyas Airport,medium,-6.201911,-77.856195,PE,PE-AMA,Amazonas Region,Chachapoyas,,https://en.wikipedia.org/wiki/Chachapoyas_Airport
CIX,SPHI,Capitán FAP José A. Quiñones González International Airport,large,-6.789223,-79.828254,PE,PE-LAM,Lambayeque Region,Chiclayo,,https://en.wikipedia.org/wiki/Cap._FAP_Jos%C3%A9_A._Qui%C3%B1ones_Gonzales_International_Airport
CHM,SPEO,FAP Lieutenant Jaime Andres de Montreuil Morales Airport,medium,-9.14961,-78.523804,PE,PE-ANC,Ancash Region,Chimbote,,https://en.wikipedia.org/wiki/Tnte._FAP_Jaime_Montreuil_Morales_Airport
CUZ,SPZO,Alejandro Velasco Astete International Airport,large,-13.5357,-71.938797,PE,PE-CUS,Cuzco Region,Cusco,http://www.corpac.gob.pe/,https://en.wikipedia.org/wiki/Alejandro_Velasco_Astete_International_Airport
HUU,SPNC,Alferez Fap David Figueroa Fernandini Airport,medium,-9.87881,-76.204803,PE,PE-HUC,Huánuco Region,Huánuco,,https://en.wikipedia.org/wiki/Alf%C3%A9rez_FAP_David_Figueroa_Fernandini_Airport
ILQ,SPLO,General Jorge Fernandez Maldon Airport,medium,-17.695,-71.344002,PE,PE-MOQ,Moquegua Region,Ilo,,https://en.wikipedia.org/wiki/Ilo_Airport
IQT,SPQT,Coronel FAP Francisco Secada Vignetta International Airport,large,-3.78474,-73.3088,PE,PE-LOR,Loreto Region,Iquitos,,https://en.wikipedia.org/wiki/Crnl._FAP_Francisco_Secada_Vignetta_International_Airport
JAU,SPJJ,Francisco Carle Airport,medium,-11.7831,-75.473396,PE,PE-JUN,Junín Region,Jauja,,https://en.wikipedia.org/wiki/Francisco_Carle_Airport
JAE,SPJE,Shumba Airport,medium,-5.59248,-78.774002,PE,PE-CAJ,Cajamarca Region,Jaén,,https://en.wikipedia.org/wiki/Ja%C3%A9n_Airport
JUL,SPJL,Inca Manco Capac International Airport,large,-15.467689,-70.15653,PE,PE-PUN,Puno Region,Juliaca,,https://en.wikipedia.org/wiki/Inca_Manco_Capac_International_Airport
LIM,SPJC,Jorge Chávez International Airport,large,-12.0219,-77.114305,PE,PE-LIM,Lima Region,Lima,http://www.lap.com.pe/,https://en.wikipedia.org/wiki/Jorge_Ch%C3%A1vez_International_Airport
NZC,SPZA,Maria Reiche Neuman Airport,medium,-14.854,-74.961502,PE,PE-ICA,Ica Region,Nazca,https://www.aeronasca.com/como-llegar-al-aeropuerto-maria-reiche-en-nazca/,https://en.wikipedia.org/wiki/Maria_Reiche_Neuman_Airport
PIU,SPUR,PAF Captain Guillermo Concha Iberico International Airport,medium,-5.20575,-80.616402,PE,PE-PIU,Piura Region,Piura,,https://en.wikipedia.org/wiki/Cap._FAP_Guillermo_Concha_Iberico_International_Airport
PCL,SPCL,Cap FAP David Abenzur Rengifo International Airport,large,-8.378064,-74.574495,PE,PE-UCA,Ucayali Region,Pucallpa,,https://en.wikipedia.org/wiki/Captain_Rolden_International_Airport
PEM,SPTU,Padre Aldamiz International Airport,medium,-12.6136,-69.2286,PE,PE-MDD,Madre de Dios Region,Puerto Maldonado,,https://en.wikipedia.org/wiki/Padre_Aldamiz_International_Airport
TCQ,SPTN,Coronel FAP Carlos Ciriani Santa Rosa International Airport,medium,-18.053301,-70.275803,PE,PE-TAC,Tacna Region,Tacna,,https://en.wikipedia.org/wiki/Crnl._FAP_Carlos_Ciriani_Santa_Rosa_International_Airport
TYL,SPYL,Captain Victor Montes Arias International Airport,medium,-4.57664,-81.254097,PE,PE-PIU,Piura Region,Talara,,https://en.wikipedia.org/wiki/Cap._FAP_Victor_Montes_Arias_Airport
TPP,SPST,Cadete FAP Guillermo Del Castillo Paredes Airport,medium,-6.50874,-76.373199,PE,PE-SAM,San Martín Region,Tarapoto,,https://en.wikipedia.org/wiki/Cad._FAP_Guillermo_del_Castillo_Paredes_Airport
TRU,SPRU,Capitán FAP Carlos Martínez de Pinillos International Airport,large,-8.082382,-79.108821,PE,PE-LAL,La Libertad Region,Trujillo,,https://en.wikipedia.org/wiki/Cap._FAP_Carlos_Mart%C3%ADnez_de_Pinillos_International_Airport
TBP,SPME,Captain Pedro Canga Rodríguez International Airport,medium,-3.552074,-80.381086,PE,PE-TUM,Tumbes Region,Tumbes,,https://en.wikipedia.org/wiki/Cap._FAP_Pedro_Canga_Rodr%C3%ADguez_Airport
YMS,SPMS,Moises Benzaquen Rengifo Airport,medium,-5.89377,-76.118202,PE,PE-LOR,Loreto Region,Yurimaguas,,https://en.wikipedia.org/wiki/Mois%C3%A9s_Benzaquen_Rengifo_Airport
AXR,NTGU,Arutua Airport,medium,-15.2483,-146.617004,PF,PF-U-A,(unassigned),,,https://en.wikipedia.org/wiki/Arutua_Airport
FAV,NTGF,Fakarava Airport,medium,-16.0541,-145.656998,PF,PF-U-A,(unassigned),,,https://en.wikipedia.org/wiki/Fakarava_Airport
XMH,NTGI,Manihi Airport,medium,-14.4368,-146.070007,PF,PF-U-A,(unassigned),,,https://en.wikipedia.org/wiki/Manihi_Airport
MVT,NTGV,Mataiva Airport,medium,-14.8681,-148.716995,PF,PF-U-A,(unassigned),,,https://en.wikipedia.org/wiki/Mataiva_Airport
MAU,NTTP,Maupiti Airport,medium,-16.4265,-152.244003,PF,PF-U-A,(unassigned),,,https://en.wikipedia.org/wiki/Maupiti_Airport
RGI,NTTG,Rangiroa Airport,medium,-14.9543,-147.660995,PF,PF-U-A,(unassigned),,,https://en.wikipedia.org/wiki/Rangiroa_Airport
RUR,NTAR,Rurutu Airport,medium,-22.434099,-151.360992,PF,PF-U-A,(unassigned),,,https://en.wikipedia.org/wiki/Rurutu_Airport
TKP,NTGT,Takapoto Airport,medium,-14.7095,-145.246002,PF,PF-U-A,(unassigned),,,https://en.wikipedia.org/wiki/Takapoto_Airport
TKX,NTKR,Takaroa Airport,medium,-14.4558,-145.024994,PF,PF-U-A,(unassigned),,,https://en.wikipedia.org/wiki/Takaroa_Airport
GMR,NTGJ,Totegegie Airport,medium,-23.079901,-134.889999,PF,PF-U-A,(unassigned),,,https://en.wikipedia.org/wiki/Totegegie_Airport
TUB,NTAT,Tubuai Airport,medium,-23.3654,-149.524002,PF,PF-U-A,(unassigned),,,https://en.wikipedia.org/wiki/Tubuai_-_Mataura_Airport
AHE,NTHE,Ahe Airport,medium,-14.4281,-146.257004,PF,PF-U-A,(unassigned),Ahe Atoll,http://www.sia.aviation-civile.gouv.fr/aip/enligne/PDF_AIPparSSection/AIP%20PAC-P/AD/2/0703_AD%202.NTHE.pdf,https://en.wikipedia.org/wiki/Ahe_Airport
AAA,NTGA,Anaa Airport,medium,-17.3526,-145.509995,PF,PF-U-A,(unassigned),Anaa,,https://en.wikipedia.org/wiki/Anaa_Airport
FGU,NTGB,Fangatau Airport,medium,-15.820044,-140.888071,PF,PF-U-A,(unassigned),Fangatau,,https://en.wikipedia.org/wiki/Fangatau_Airport
HUH,NTTH,Huahine-Fare Airport,medium,-16.687084,-151.021593,PF,PF-U-A,(unassigned),Fare,,https://en.wikipedia.org/wiki/Huahine_-_Fare_Airport
AUQ,NTMN,Hiva Oa-Atuona Airport,medium,-9.76879,-139.011002,PF,PF-U-A,(unassigned),Hiva Oa Island,,https://en.wikipedia.org/wiki/Atuona_Airport
MKP,NTGM,Makemo Airport,medium,-16.5839,-143.658005,PF,PF-U-A,(unassigned),Makemo,,https://en.wikipedia.org/wiki/Makemo_Airport
MOZ,NTTM,Moorea Temae Airport,medium,-17.48979,-149.761777,PF,PF-U-A,(unassigned),Moorea-Maiao,,https://en.wikipedia.org/wiki/Moorea_Airport
BOB,NTTB,Bora Bora Airport,medium,-16.444401,-151.751007,PF,PF-U-A,(unassigned),Motu Mute,,https://en.wikipedia.org/wiki/Bora_Bora_Airport
NHV,NTMD,Nuku Hiva Airport,medium,-8.7956,-140.229004,PF,PF-U-A,(unassigned),Nuku Hiva,,https://en.wikipedia.org/wiki/Nuku_Hiva_Airport
HOI,NTTO,Hao Airport,medium,-18.0748,-140.945999,PF,PF-U-A,(unassigned),Otepa,,https://en.wikipedia.org/wiki/Hao_Airport
PPT,NTAA,Fa'a'ā International Airport,large,-17.553472,-149.606936,PF,PF-U-A,(unassigned),Papeete,https://www.aeroports-voyages.fr/en/airport/tahiti-island/PPT,https://en.wikipedia.org/wiki/Faa'a_International_Airport
KKR,NTGK,Kaukura Airport,medium,-15.6633,-146.884995,PF,PF-U-A,(unassigned),Raitahiti,,https://en.wikipedia.org/wiki/Kaukura_Airport
TIH,NTGC,Tikehau Airport,medium,-15.1196,-148.231003,PF,PF-U-A,(unassigned),Tuherahera,,https://en.wikipedia.org/wiki/Tikehau_Airport
RFP,NTTR,Raiatea Airport,medium,-16.7229,-151.466003,PF,PF-U-A,(unassigned),Uturoa,,https://en.wikipedia.org/wiki/Raiatea_Airport
VMU,AYBA,Baimuru Airport,medium,-7.496955,144.821756,PG,PG-GPK,Gulf Province,Baimuru,,https://en.wikipedia.org/wiki/Baimuru_Airport
OPU,AYBM,Balimo Airport,medium,-8.05,142.932999,PG,PG-WPD,Western Province,Balimo,,https://en.wikipedia.org/wiki/Balimo_Airport
BUA,AYBK,Buka Airport,medium,-5.422299,154.672698,PG,PG-NSB,Autonomous Region of Bougainville,Buka Island,,https://en.wikipedia.org/wiki/Buka_Airport
DAU,AYDU,Daru Airport,medium,-9.08676,143.207993,PG,PG-WPD,Western Province,Daru,,https://en.wikipedia.org/wiki/Daru_Airport
GKA,AYGA,Goroka Airport,medium,-6.08169,145.391998,PG,PG-EHG,Eastern Highlands Province,Goronka,,https://en.wikipedia.org/wiki/Goroka_Airport
GUR,AYGN,Gurney Airport,medium,-10.3115,150.334,PG,PG-MBA,Milne Bay Province,Gurney,,https://en.wikipedia.org/wiki/Gurney_Airport
KVG,AYKV,Kavieng Airport,medium,-2.5794,150.807999,PG,PG-NIK,New Ireland Province,Kavieng,,https://en.wikipedia.org/wiki/Kavieng_Airport
KMA,AYKM,Kerema Airport,medium,-7.96361,145.770996,PG,PG-GPK,Gulf Province,Kerema,,https://en.wikipedia.org/wiki/Kerema_Airport
HKN,AYHK,Hoskins Airport,medium,-5.463846,150.407327,PG,PG-WBK,West New Britain Province,Kimbe,,https://en.wikipedia.org/wiki/Hoskins_Airport
RAB,AYTK,Tokua Airport,medium,-4.34046,152.380005,PG,PG-EBR,East New Britain Province,Kokopo,,https://en.wikipedia.org/wiki/Rabaul_Airport
CMU,AYCH,Chimbu Airport,medium,-6.02429,144.970993,PG,PG-CPK,Chimbu Province,Kundiawa,,https://en.wikipedia.org/wiki/Chimbu_Airport
LAE,AYNZ,Nadzab Tomodachi International Airport,large,-6.567995,146.726544,PG,PG-MPL,Morobe Province,Lae,,https://en.wikipedia.org/wiki/Lae_Nadzab_Airport
MAG,AYMD,Madang Airport,medium,-5.20708,145.789001,PG,PG-MPM,Madang Province,Madang,,https://en.wikipedia.org/wiki/Madang_Airport
MAS,AYMO,Momote Airport,medium,-2.06189,147.423996,PG,PG-MRL,Manus Province,Manus Island,,https://en.wikipedia.org/wiki/Momote_Airport
MDU,AYMN,Mendi Airport,medium,-6.14774,143.656998,PG,PG-SHM,Southern Highlands Province,Mendi,,https://en.wikipedia.org/wiki/Mendi_Airport
HGU,AYMH,Mount Hagen Kagamuga Airport,medium,-5.828212,144.299412,PG,PG-WHM,Western Highlands Province,Mount Hagen,,https://en.wikipedia.org/wiki/Mount_Hagen_Airport
PNP,AYGR,Girua Airport,medium,-8.80454,148.309006,PG,PG-NPP,Northern Province,Popondetta,,https://en.wikipedia.org/wiki/Girua_Airport
POM,AYPY,Port Moresby Jacksons International Airport,large,-9.44338,147.220001,PG,PG-NCD,National Capital District (Port Moresby),Port Moresby,,https://en.wikipedia.org/wiki/Jacksons_International_Airport
VAI,AYVN,Vanimo Airport,medium,-2.6926,141.3028,PG,PG-SAN,Sandaun Province,Vanimo,,https://en.wikipedia.org/wiki/Vanimo_Airport
WBM,AYWD,Wapenamanda Airport,medium,-5.635293,143.892231,PG,PG-EPW,Enga Province,Wapenamanda,,https://en.wikipedia.org/wiki/Wapenamanda_Airport
WWK,AYWK,Wewak International Airport,medium,-3.58383,143.669006,PG,PG-ESW,East Sepik Province,Wewak,,https://en.wikipedia.org/wiki/Wewak_International_Airport
BCD,RPVB,Bacolod-Silay International Airport,large,10.776237,123.018879,PH,PH-NEC,Negros Occidental Province,Bacolod City,https://www.bacolod-silayairport.com/,https://en.wikipedia.org/wiki/Bacolod%E2%80%93Silay_Airport
BSO,RPUO,Basco Airport,medium,20.4513,121.980003,PH,PH-BTN,Batanes Province,Basco,,https://en.wikipedia.org/wiki/Basco_Airport
TWT,RPMN,Sanga Sanga Airport,medium,5.048196,119.743338,PH,PH-TAW,Tawi-Tawi Province,Bongao,,https://en.wikipedia.org/wiki/Sanga-Sanga_Airport
BXU,RPME,Bancasi Airport,medium,8.9515,125.4788,PH,PH-BTC,Butuan City,Butuan,,https://en.wikipedia.org/wiki/Bancasi_Airport
ILO,RPVI,Iloilo International Airport,large,10.833017,122.493358,PH,PH-ILI,Iloilo Province,Cabatuan,https://www.iloilo.gov.ph/en/taxonomy/term/728,https://en.wikipedia.org/wiki/Iloilo_International_Airport
CYP,RPVC,Calbayog Airport,medium,12.072574,124.54508,PH,PH-WSA,Samar Province,Calbayog City,,https://en.wikipedia.org/wiki/Calbayog_Airport
CRM,RPVF,Catarman National Airport,medium,12.50161,124.635258,PH,PH-NSA,Northern Samar Province,Catarman,,https://en.wikipedia.org/wiki/Catarman_National_Airport
MPH,RPVE,Godofredo P. Ramos Airport,medium,11.9245,121.954002,PH,PH-AKL,Aklan Province,Caticlan,,https://en.wikipedia.org/wiki/Godofredo_P._Ramos_Airport
CYZ,RPUY,Cauayan Airport,medium,16.929899,121.752998,PH,PH-ISA,Isabela Province,Cauayan City,,https://en.wikipedia.org/wiki/Cauayan_Airport
CEB,RPVM,Mactan Cebu International Airport,large,10.309261,123.97974,PH,PH-CEB,Cebu Province,Cebu City/Lapu-Lapu City,http://www.mactan-cebuairport.com.ph/,https://en.wikipedia.org/wiki/Mactan-Cebu_International_Airport
USU,RPVV,Francisco B. Reyes (Busuanga) Airport,medium,12.121865,120.100801,PH,PH-PLW,Palawan Province,Coron,,https://en.wikipedia.org/wiki/Busuanga_Airport
CBO,RPMC,Cotabato (Awang) Airport,medium,7.164753,124.209938,PH,PH-MDN,Maguindanao del Norte Province,Datu Odin Sinsuat,,https://en.wikipedia.org/wiki/Cotabato_Airport
DVO,RPMD,Francisco Bangoy International Airport,large,7.12552,125.646004,PH,PH-DVO,Davao City,Davao,,https://en.wikipedia.org/wiki/Francisco_Bangoy_International_Airport
DPL,RPMG,Dipolog Airport,medium,8.601983,123.341875,PH,PH-ZAN,Zamboanga del Norte Province,Dipolog,http://www.dipologcity.com/AccommodationsDipolog%20Airport.htm,https://en.wikipedia.org/wiki/Dipolog_Airport
DGT,RPVD,Sibulan Airport,medium,9.334183,123.30191,PH,PH-NER,Negros Oriental Province,Dumaguete City,https://dumaguete.com/dumaguete-airport-sibulan/,https://en.wikipedia.org/wiki/Sibulan_Airport
GES,RPMR,General Santos International Airport,large,6.057208,125.096243,PH,PH-SCO,South Cotabato Province,General Santos,,https://en.wikipedia.org/wiki/General_Santos_International_Airport
JOL,RPMJ,Jolo Airport,medium,6.05367,121.011002,PH,PH-SLU,Sulu Province,Jolo,,https://en.wikipedia.org/wiki/Jolo_Airport
KLO,RPVK,Kalibo International Airport,large,11.6794,122.375999,PH,PH-AKL,Aklan Province,Kalibo,,https://en.wikipedia.org/wiki/Kalibo_International_Airport
CGY,RPMY,Laguindingan International Airport,large,8.612203,124.456496,PH,PH-MSR,Misamis Oriental Province,Laguindingan,https://www.universalaviation.aero/locations/philippines/laguindingan-rpmy/,https://en.wikipedia.org/wiki/Laguindingan_International_Airport
LAO,RPLI,Laoag International Airport,large,18.175089,120.531006,PH,PH-ILN,Ilocos Norte Province,Laoag City,,https://en.wikipedia.org/wiki/Laoag_International_Airport
DRP,RPLK,Bicol International Airport,large,13.111915,123.676829,PH,PH-ALB,Albay Province,Legazpi,https://caap.gov.ph/bicol-international-airport/,https://en.wikipedia.org/wiki/Bicol_International_Airport
CRK,RPLC,Clark International Airport / Clark Air Base,large,15.186,120.559998,PH,PH-PAM,Pampanga Province,Mabalacat,http://www.clarkairport.com/,https://en.wikipedia.org/wiki/Clark_International_Airport
CGM,RPMH,Camiguin Airport,medium,9.253894,124.709115,PH,PH-CAM,Camiguin Province,Mambajao,,https://en.wikipedia.org/wiki/Camiguin_Airport
MNL,RPLL,Ninoy Aquino International Airport,large,14.5086,121.019997,PH,PH-00,National Capital Region (Metropolitan Manila),Manila (Pasay),https://newnaia.com.ph/,https://en.wikipedia.org/wiki/Ninoy_Aquino_International_Airport
MBT,RPVJ,Moises R. Espinosa Airport,medium,12.369682,123.630095,PH,PH-MAS,Masbate Province,Masbate,,https://en.wikipedia.org/wiki/Masbate_Airport
WNP,RPUN,Naga Airport,medium,13.5849,123.269997,PH,PH-CAS,Camarines Sur Province,Naga,,https://en.wikipedia.org/wiki/Naga_Airport
SFS,RPLB,Subic Bay International Airport / Naval Air Station Cubi Point,large,14.794833,120.271883,PH,PH-ZMB,Zambales Province,Olongapo,,https://en.wikipedia.org/wiki/Subic_Bay_International_Airport
OZC,RPMO,Labo Airport,medium,8.17851,123.842003,PH,PH-MSC,Misamis Occidental Province,Ozamiz,,https://en.wikipedia.org/wiki/Labo_Airport
PAG,RPMP,Pagadian Airport,medium,7.825632,123.459635,PH,PH-ZAS,Zamboanga del Sur Province,Pagadian,,https://en.wikipedia.org/wiki/Pagadian_Airport
TAG,RPSP,Bohol-Panglao International Airport,large,9.573045,123.770143,PH,PH-BOH,Bohol Province,Panglao,,https://en.wikipedia.org/wiki/Bohol%E2%80%93Panglao_International_Airport
PPS,RPVP,Puerto Princesa International Airport / PAF Antonio Bautista Air Base,large,9.742044,118.75911,PH,PH-PLW,Palawan Province,Puerto Princesa,,https://en.wikipedia.org/wiki/Puerto_Princesa_Airport
RXS,RPVR,Roxas Airport,medium,11.5977,122.751999,PH,PH-CAP,Capiz Province,Roxas City,,https://en.wikipedia.org/wiki/Roxas_Airport
SJI,RPUH,San Jose Airport,medium,12.3615,121.046997,PH,PH-MDC,Occidental Mindoro Province,San Jose,,https://en.wikipedia.org/wiki/McGuire_Field
SUG,RPMS,Surigao Airport,medium,9.755838,125.480947,PH,PH-SUN,Surigao del Norte Province,Surigao City,,https://en.wikipedia.org/wiki/Surigao_Airport
TBH,RPVU,Tugdan Airport,medium,12.311,122.084999,PH,PH-ROM,Romblon Province,Tablas Island,,https://en.wikipedia.org/wiki/Tugdan_Airport
TAC,RPVA,Daniel Z. Romualdez Airport,medium,11.227761,125.027783,PH,PH-LEY,Leyte Province,Tacloban City,,https://en.wikipedia.org/wiki/Daniel_Z._Romualdez_Airport
TUG,RPUT,Tuguegarao Airport,medium,17.643368,121.73315,PH,PH-CAG,Cagayan Province,Tuguegarao City,,https://en.wikipedia.org/wiki/Tuguegarao_Airport
VRC,RPUV,Virac Airport,medium,13.5764,124.206001,PH,PH-CAT,Catanduanes Province,Virac,,https://en.wikipedia.org/wiki/Virac_Airport
ZAM,RPMZ,Zamboanga International Airport,large,6.92242,122.059998,PH,PH-ZMC,Zamboanga City,Zamboanga,https://www.zamboanga.net/,https://en.wikipedia.org/wiki/Zamboanga_International_Airport
ISB,OPIS,Islamabad International Airport,large,33.549,72.82566,PK,PK-PB,Punjab,Attock,http://www.islamabadairport.com.pk/,https://en.wikipedia.org/wiki/Islamabad_International_Airport
BHV,OPBW,Bahawalpur Airport,medium,29.348101,71.718002,PK,PK-PB,Punjab,Bahawalpur,,https://en.wikipedia.org/wiki/Bahawalpur_Airport
CJL,OPCH,Chitral Airport,medium,35.886213,71.799922,PK,PK-KP,Khyber Pakhtunkhwa,Chitral,,https://en.wikipedia.org/wiki/Chitral_Airport
DEA,OPDG,Dera Ghazi Khan Airport,medium,29.961,70.485901,PK,PK-PB,Punjab,Dera Ghazi Khan,,https://en.wikipedia.org/wiki/Dera_Ghazi_Khan_Airport
LYP,OPFA,Faisalabad International Airport,large,31.364923,72.995319,PK,PK-PB,Punjab,Faisalabad,http://www.faisalabadairport.com.pk/,https://en.wikipedia.org/wiki/Faisalabad_International_Airport
PZH,OPZB,Zhob Airport,medium,31.3584,69.4636,PK,PK-BA,Balochistan,Fort Sandeman,,https://en.wikipedia.org/wiki/Zhob_Airport
GIL,OPGT,Gilgit Airport,medium,35.9188,74.333603,PK,PK-GB,Gilgit-Baltistan,Gilgit,,https://en.wikipedia.org/wiki/Gilgit_Airport
GWD,OPGW,New Gwadar International Airport,large,25.296733,62.498822,PK,PK-BA,Balochistan,Gurandani,https://paa.gov.pk/airport/gwadar,https://en.wikipedia.org/wiki/New_Gwadar_International_Airport
KHI,OPKC,Jinnah International Airport,large,24.9065,67.160797,PK,PK-SD,Sindh,Karachi,,https://en.wikipedia.org/wiki/Jinnah_International_Airport
LHE,OPLA,Allama Iqbal International Airport,large,31.521601,74.403603,PK,PK-PB,Punjab,Lahore,,https://en.wikipedia.org/wiki/Allama_Iqbal_International_Airport
MUX,OPMT,Multan International Airport,large,30.203199,71.419098,PK,PK-PB,Punjab,Multan,http://www.multaninternationalairport.com.pk/,https://en.wikipedia.org/wiki/Multan_International_Airport
WNS,OPNH,Shaheed Benazirabad Airport,medium,26.2194,68.390099,PK,PK-SD,Sindh,Nawabashah,,https://en.wikipedia.org/wiki/Nawabshah_Airport
PEW,OPPS,Bacha Khan International Airport,large,33.9939,71.514603,PK,PK-KP,Khyber Pakhtunkhwa,Peshawar,http://www.peshawarairport.com.pk/,https://en.wikipedia.org/wiki/Peshawar_International_Airport
UET,OPQT,Quetta International Airport,large,30.2514,66.937798,PK,PK-BA,Balochistan,Quetta,,https://en.wikipedia.org/wiki/Quetta_International_Airport
RYK,OPRK,Shaikh Zaid Airport,medium,28.3839,70.279602,PK,PK-PB,Punjab,Rahim Yar Khan,,https://en.wikipedia.org/wiki/Shaikh_Zayed_International_Airport
SKT,OPST,Sialkot International Airport,large,32.535941,74.364623,PK,PK-PB,Punjab,Sialkot,http://www.sial.com.pk/,https://en.wikipedia.org/wiki/Sialkot_International_Airport
KDU,OPSD,Skardu International Airport,large,35.33866,75.538648,PK,PK-GB,Gilgit-Baltistan,Skardu,https://skarduairport.com,https://en.wikipedia.org/wiki/Skardu_Airport
SKZ,OPSK,Begum Nusrat Bhutto International Airport Sukkur,medium,27.722,68.791702,PK,PK-SD,Sindh,Sukkur,,https://en.wikipedia.org/wiki/Begum_Nusrat_Bhutto_International_Airport
TUK,OPTU,Turbat International Airport,large,25.984767,63.028856,PK,PK-BA,Balochistan,Turbat,,https://en.wikipedia.org/wiki/Turbat_Internatioal_Airport
KRK,EPKK,Kraków John Paul II International Airport,large,50.077702,19.7848,PL,PL-MA,Lesser Poland Voivodeship,Balice,http://www.krakowairport.pl/en/,https://en.wikipedia.org/wiki/Kraków_John_Paul_II_International_Airport
BZG,EPBY,Ignacy Jan Paderewski Bydgoszcz Airport,medium,53.096802,17.977699,PL,PL-KP,Kuyavian-Pomeranian Voivodeship,Bydgoszcz,http://www.plb.pl/,https://en.wikipedia.org/wiki/Bydgoszcz_Ignacy_Jan_Paderewski_Airport
GDN,EPGD,Gdańsk Lech Wałęsa Airport,large,54.377602,18.4662,PL,PL-PM,Pomeranian Voivodeship,Gdańsk,http://www.airport.gdansk.pl/,https://en.wikipedia.org/wiki/Gda%C5%84sk_Lech_Wa%C5%82%C4%99sa_Airport
RZE,EPRZ,Rzeszów-Jasionka Airport,large,50.109791,22.024155,PL,PL-PK,Subcarpathian Voivodeship,Jasionka,https://www.rzeszowairport.pl,https://en.wikipedia.org/wiki/Rzesz%C3%B3w-Jasionka_Airport
KTW,EPKT,Katowice Wojciech Korfanty International Airport,large,50.476015,19.080705,PL,PL-SL,Silesian Voivodeship,Katowice,http://katowice.airport.com,https://en.wikipedia.org/wiki/Katowice_International_Airport
LUZ,EPLB,Lublin Airport,large,51.240157,22.713461,PL,PL-LU,Lublin Voivodeship,Lublin,,https://en.wikipedia.org/wiki/Lublin_Airport
IEG,EPZG,Zielona Góra-Babimost Airport,medium,52.1385,15.7986,PL,PL-LB,Lubusz Voivodeship,Nowe Kramsko,,https://en.wikipedia.org/wiki/Zielona_G%C3%B3ra_Airport
WMI,EPMO,Warsaw Modlin Airport,large,52.451099,20.6518,PL,PL-MZ,Masovian Voivodeship,Nowy Dwór Mazowiecki,http://modlinairport.pl/,https://en.wikipedia.org/wiki/Warsaw_Modlin_Airport
POZ,EPPO,Poznań-Ławica Airport,large,52.421598,16.823359,PL,PL-WP,Greater Poland Voivodeship,Poznań,https://poznanairport.pl,https://en.wikipedia.org/wiki/Pozna%C5%84-%C5%81awica_Airport
RDO,EPRA,Warsaw Radom Airport,medium,51.38937,21.214742,PL,PL-MZ,Masovian Voivodeship,Radom,http://lotnisko-radom.eu/pl/,https://en.wikipedia.org/wiki/Warsaw_Radom_Airport
SZZ,EPSC,Solidarity Szczecin–Goleniów Airport,large,53.584702,14.9022,PL,PL-ZP,West Pomeranian Voivodeship,Szczecin(Glewice),http://www.airport.com.pl/en/index.php,https://en.wikipedia.org/wiki/Szczecin-Goleni%C3%B3w_%22Solidarno%C5%9B%C4%87%22_Airport
SZY,EPSY,Olsztyn-Mazury Airport,medium,53.481899,20.9377,PL,PL-WN,Warmian-Masurian Voivodeship,Szymany,http://mazuryairport.pl/,https://en.wikipedia.org/wiki/Olsztyn-Mazury_Airport
WAW,EPWA,Warsaw Chopin Airport,large,52.165699,20.9671,PL,PL-MZ,Masovian Voivodeship,Warsaw,http://www.lotnisko-chopina.pl/?lang=en,https://en.wikipedia.org/wiki/Warsaw_Frederic_Chopin_Airport
WRO,EPWR,Copernicus Wrocław Airport,large,51.103719,16.882096,PL,PL-DS,Lower Silesian Voivodeship,Wrocław,http://www.airport.wroclaw.pl/en/index.php,https://en.wikipedia.org/wiki/Copernicus_Airport_Wroc%C5%82aw
LCJ,EPLL,Łódź Władysław Reymont Airport,large,51.721901,19.3981,PL,PL-LD,Łódź Voivodeship,Łódź,https://www.lodz-airport.pl/en,https://en.wikipedia.org/wiki/%C5%81%C3%B3d%C5%BA_W%C5%82adys%C5%82aw_Reymont_Airport
FSP,LFVP,Saint-Pierre Pointe-Blanche Airport,medium,46.762651,-56.17499,PM,PM-SP,Saint-Pierre,Saint-Pierre,,https://en.wikipedia.org/wiki/Saint-Pierre_Airport
BQN,TJBQ,Rafael Hernández International Airport,medium,18.4949,-67.129402,PR,PR-U-A,(unassigned),Aguadilla,,https://en.wikipedia.org/wiki/Rafael_Hern%C3%A1ndez_Airport
NRR,TJRV,José Aponte de la Torre Airport,medium,18.247262,-65.63979,PR,PR-U-A,(unassigned),Ceiba,,https://en.wikipedia.org/wiki/Jos%C3%A9_Aponte_de_la_Torre_Airport
CPX,TJCP,Benjamin Rivera Noriega Airport,medium,18.312954,-65.303893,PR,PR-U-A,(unassigned),Culebra,,https://en.wikipedia.org/wiki/Benjam%C3%ADn_Rivera_Noriega_Airport
MAZ,TJMZ,Eugenio Maria De Hostos Airport,medium,18.255699,-67.148499,PR,PR-U-A,(unassigned),Mayaguez,,https://en.wikipedia.org/wiki/Eugenio_Mar%C3%ADa_de_Hostos_Airport
PSE,TJPS,Mercedita International Airport,medium,18.008301,-66.563004,PR,PR-U-A,(unassigned),Ponce,,https://en.wikipedia.org/wiki/Mercedita_Airport
SIG,TJIG,Fernando Luis Ribas Dominicci Airport,medium,18.4568,-66.098099,PR,PR-U-A,(unassigned),San Juan,,https://en.wikipedia.org/wiki/Fernando_Luis_Ribas_Dominicci_Airport
SJU,TJSJ,Luis Munoz Marin International Airport,large,18.4394,-66.001801,PR,PR-U-A,(unassigned),San Juan,https://aeropuertosju.com/,https://en.wikipedia.org/wiki/Luis_Mu%C3%B1oz_Mar%C3%ADn_International_Airport
VQS,TJVQ,Antonio Rivera Rodriguez Airport,medium,18.1348,-65.493599,PR,PR-U-A,(unassigned),Vieques,https://vieques.com/airport-vieques/,https://en.wikipedia.org/wiki/Antonio_Rivera_Rodr%C3%ADguez_Airport
BGC,LPBG,Bragança Airport,medium,41.8578,-6.70713,PT,PT-04,Bragança District,Bragança,,https://en.wikipedia.org/wiki/Bragan%C3%A7a_Airport
CAT,LPCS,Cascais Airport,medium,38.724998,-9.35523,PT,PT-11,Lisbon District,Cascais,http://aerodromo-cascais.pt/?lang=en,https://en.wikipedia.org/wiki/Cascais_Aerodrome
FAO,LPFR,Faro - Gago Coutinho International Airport,large,37.015909,-7.970939,PT,PT-08,Faro District,Faro,http://faroairport.pt,https://en.wikipedia.org/wiki/Faro_Airport_(Portugal)
FNC,LPMA,Cristiano Ronaldo International Airport,large,32.697812,-16.774613,PT,PT-30,Autonomous Region of Madeira,Funchal,http://www.aeroportomadeira.pt,https://en.wikipedia.org/wiki/Madeira_Airport
HOR,LPHR,Horta Airport,medium,38.519901,-28.7159,PT,PT-20,Autonomous Region of Azores,Horta,,https://en.wikipedia.org/wiki/Horta_Airport
LIS,LPPT,Lisbon Humberto Delgado Airport,large,38.7813,-9.13592,PT,PT-11,Lisbon District,Lisbon,https://lisbonairport.pt,https://en.wikipedia.org/wiki/Lisbon_Airport
PIX,LPPI,Pico Airport,medium,38.554298,-28.441299,PT,PT-20,Autonomous Region of Azores,Pico Island,,https://en.wikipedia.org/wiki/Pico_Airport
PDL,LPPD,João Paulo II Airport,large,37.741199,-25.697901,PT,PT-20,Autonomous Region of Azores,Ponta Delgada,http://www.ana.pt/en-US/Aeroportos/acores/PontaDelgada/Pages/Homepage-PontaDelgada.aspx,https://en.wikipedia.org/wiki/Jo%C3%A3o_Paulo_II_Airport
PRM,LPPM,Portimão Airport,medium,37.1493,-8.58396,PT,PT-08,Faro District,Portimão,,https://en.wikipedia.org/wiki/Portim%C3%A3o_Airport
OPO,LPPR,Francisco de Sá Carneiro Airport,large,41.2481,-8.68139,PT,PT-13,Oporto District,Porto,http://www.ana.pt/en-US/Aeroportos/porto/Porto/Pages/Homepage-Porto.aspx,https://en.wikipedia.org/wiki/Francisco_S%C3%A1_Carneiro_Airport
TER,LPLA,Lajes Airport,medium,38.761799,-27.090799,PT,PT-20,Autonomous Region of Azores,Praia da Vitória,http://aerogarelajes.azores.gov.pt,https://en.wikipedia.org/wiki/Lajes_Field
GRW,LPGR,Graciosa Airport,medium,39.092201,-28.0298,PT,PT-20,Autonomous Region of Azores,Santa Cruz da Graciosa,,https://en.wikipedia.org/wiki/Graciosa_Airport
FLW,LPFL,Flores Airport,medium,39.455299,-31.131399,PT,PT-20,Autonomous Region of Azores,Santa Cruz das Flores,,https://en.wikipedia.org/wiki/Flores_Airport
SJZ,LPSJ,São Jorge Airport,medium,38.665501,-28.1758,PT,PT-20,Autonomous Region of Azores,Velas,,https://en.wikipedia.org/wiki/S%C3%A3o_Jorge_Airport
PXO,LPPS,Porto Santo Airport,medium,33.073399,-16.35,PT,PT-30,Autonomous Region of Madeira,Vila Baleira,http://www.anam.pt/Porto-Santo-411.aspx,https://en.wikipedia.org/wiki/Porto_Santo_Airport
VRL,LPVR,Vila Real Airport,medium,41.2743,-7.72047,PT,PT-17,Vila Real District,Vila Real,,https://en.wikipedia.org/wiki/Vila_Real_Airport
SMA,LPAZ,Santa Maria Airport,medium,36.971401,-25.170601,PT,PT-20,Autonomous Region of Azores,Vila do Porto,,https://en.wikipedia.org/wiki/Santa_Maria_Airport
VSE,LPVZ,Aerodromo Goncalves Lobato (Viseu Airport),medium,40.725498,-7.88899,PT,PT-18,Viseu District,Viseu,,https://en.wikipedia.org/wiki/Viseu_Airport
ROR,PTRO,Roman Tmetuchl International Airport,large,7.366965,134.544085,PW,PW-004,Airai,Babelthuap Island,https://palau-airport.com,https://en.wikipedia.org/wiki/Palau_International_Airport
ASU,SGAS,Silvio Pettirossi International Airport,large,-25.240156,-57.519227,PY,PY-11,Central Department,Asunción,,https://en.wikipedia.org/wiki/Silvio_Pettirossi_International_Airport
AGT,SGES,Guaraní International Airport,large,-25.457186,-54.839544,PY,PY-10,Alto Paraná Department,Ciudad del Este,,https://en.wikipedia.org/wiki/Guarani_International_Airport
ENO,SGEN,Teniente Ramon A. Ayub Gonzalez International Airport,large,-27.227537,-55.837584,PY,PY-7,Itapúa Department,Encarnación,,https://en.wikipedia.org/wiki/Teniente_Amin_Ayub_Gonzalez_Airport
DIA,OTBD,Doha International Airport,large,25.259431,51.565528,QA,QA-DA,Ad-Dawhah Municipality,Doha,,https://en.wikipedia.org/wiki/Doha_International_Airport
DOH,OTHH,Hamad International Airport,large,25.273056,51.608056,QA,QA-DA,Ad-Dawhah Municipality,Doha,http://dohahamadairport.com/,https://en.wikipedia.org/wiki/Hamad_International_Airport
ZSE,FMEP,Saint-Pierre Pierrefonds Airport,large,-21.319362,55.422506,RE,RE-SR,Saint-Pierre Arrondissement,Saint-Pierre,https://www.grandsudreunion.org/FR2004/aeroport.php,https://en.wikipedia.org/wiki/Pierrefonds_Airport
RUN,FMEE,Roland Garros Airport,large,-20.890087,55.518894,RE,RE-SD,Saint-Denis Arrondissement,Sainte-Marie,http://www.reunion.aeroport.fr/index.htm,https://en.wikipedia.org/wiki/Roland_Garros_Airport
ARW,LRAR,Arad International Airport,medium,46.176136,21.264322,RO,RO-AR,Arad County,Arad,http://www.aeroportularad.ro/,https://en.wikipedia.org/wiki/Arad_International_Airport
BCM,LRBC,Bacău George Enescu International  Airport,large,46.5219,26.910299,RO,RO-BC,Bacău County,Bacău,http://www.bacauairport.ro/,https://en.wikipedia.org/wiki/Bac%C4%83u_International_Airport
GHV,LRBV,Brașov-Ghimbav International Airport,large,45.70558,25.522871,RO,RO-BV,Braşov County,Brașov (Ghimbav),https://brasovairport.ro/,https://en.wikipedia.org/wiki/Brașov-Ghimbav_International_Airport
BBU,LRBS,Bucharest Băneasa Aurel Vlaicu International Airport,large,44.503133,26.102944,RO,RO-B,Bucharest (municipality),Bucharest,http://www.baneasa-airport.ro/,https://en.wikipedia.org/wiki/Aurel_Vlaicu_International_Airport
CLJ,LRCL,Avram Iancu Cluj International Airport,large,46.786042,23.685733,RO,RO-CJ,Cluj County,Cluj-Napoca,http://www.airportcluj.ro/,https://en.wikipedia.org/wiki/Cluj_International_Airport
CND,LRCK,Mihail Kogălniceanu International Airport,large,44.362202,28.4883,RO,RO-CT,Constanţa County,Constanța,http://www.mk-airport.ro/,https://en.wikipedia.org/wiki/Mihail_Kog%C4%83lniceanu_International_Airport
CRA,LRCV,Craiova International Airport,large,44.3181,23.888599,RO,RO-DJ,Dolj County,Craiova,http://www.aeroportcraiova.ro/,https://en.wikipedia.org/wiki/Craiova_International_Airport
IAS,LRIA,Iaşi International Airport,large,47.179633,27.621431,RO,RO-IS,Iaşi County,Iaşi,https://www.aeroport-iasi.ro/,https://en.wikipedia.org/wiki/Ia%C5%9Fi_International_Airport
OMR,LROD,Oradea International Airport,large,47.025299,21.9025,RO,RO-BH,Bihor County,Oradea,https://www.aeroportoradea.ro/,https://en.wikipedia.org/wiki/Oradea_International_Airport
OTP,LROP,Bucharest Henri Coandă International Airport,large,44.571792,26.103285,RO,RO-IF,Ilfov County,Otopeni,http://www.bucharestairports.ro/en/,https://en.wikipedia.org/wiki/Henri_Coand%C4%83_International_Airport
TGM,LRTM,Târgu Mureş Transilvania International Airport,medium,46.467701,24.4125,RO,RO-MS,Mureş County,Recea,https://www.aeroportultransilvania.ro/en/,https://en.wikipedia.org/wiki/T%C3%A2rgu_Mure%C5%9F_International_Airport
SUJ,LRSM,Satu Mare International Airport,medium,47.7033,22.8857,RO,RO-SM,Satu Mare County,Satu Mare,,https://en.wikipedia.org/wiki/Satu_Mare_International_Airport
SBZ,LRSB,Sibiu International Airport,large,45.785841,24.086666,RO,RO-SB,Sibiu County,Sibiu,http://www.sibiuairport.ro/,https://en.wikipedia.org/wiki/Sibiu_International_Airport
SCV,LRSV,Suceava Ștefan cel Mare International Airport,large,47.6875,26.354099,RO,RO-SV,Suceava County,Suceava,http://www.aeroportsuceava.ro/index_en.html,https://en.wikipedia.org/wiki/Suceava_Airport
TSR,LRTR,Timișoara Traian Vuia International Airport,large,45.809898,21.3379,RO,RO-TM,Timiş County,Timişoara,http://www.aerotim.ro/,https://en.wikipedia.org/wiki/Traian_Vuia_International_Airport
BAY,LRBM,Maramureș International Airport,medium,47.658444,23.464445,RO,RO-MM,Maramureş County,Tăuții-Măgherăuș,https://aimm.eu/,https://en.wikipedia.org/wiki/Maramureș_Airport
BEG,LYBE,Belgrade Nikola Tesla Airport,large,44.818401,20.309099,RS,RS-00,Beograd (city),Belgrade,http://www.beg.aero/,https://en.wikipedia.org/wiki/Belgrade_Nikola_Tesla_Airport
KVO,LYKV,Morava Airport,medium,43.817519,20.586662,RS,RS-18,Raška District,Kraljevo,,https://en.wikipedia.org/wiki/Morava_Airport
INI,LYNI,Niš Constantine the Great Airport,large,43.336538,21.856242,RS,RS-20,Nišava District,Niš,https://ini.aerodromisrbije.rs/en/,https://en.wikipedia.org/wiki/Ni%C5%A1_Constantine_the_Great_Airport
EYK,USHQ,Beloyarskiy Airport,medium,63.686901,66.698601,RU,RU-KHM,Khanty-Mansi Autonomous Okrug,,,https://en.wikipedia.org/wiki/Beloyarsk_Airport
ABA,UNAA,Abakan International Airport,large,53.740002,91.385002,RU,RU-KK,Republic of Khakassia,Abakan,,https://en.wikipedia.org/wiki/Abakan_International_Airport
AMV,ULDD,Amderma Airport,medium,69.763712,61.556711,RU,RU-NEN,Nenets Autonomous Okrug,Amderma,,https://en.wikipedia.org/wiki/Amderma_Airport
DYR,UHMA,Ugolny Yuri Ryktheu Airport,medium,64.734902,177.740997,RU,RU-CHU,Chukotka Autonomous Okrug,Anadyr,,https://en.wikipedia.org/wiki/Ugolny_Airport
PWE,UHMP,Pevek Airport,medium,69.783302,170.597,RU,RU-CHU,Chukotka Autonomous Okrug,Apapelgino,,https://en.wikipedia.org/wiki/Pevek_Airport
ARH,ULAA,Talagi Airport,medium,64.600304,40.716702,RU,RU-ARK,Arkhangelsk Oblast,Archangelsk,,https://en.wikipedia.org/wiki/Talagi_Airport
VVO,UHWW,Vladivostok International Airport,large,43.396256,132.148155,RU,RU-PRI,Primorsky Krai,Artyom,http://www.vladivostokavia.ru/en/airport/,https://en.wikipedia.org/wiki/Vladivostok_International_Airport
ASF,URWA,Astrakhan Narimanovo Boris M. Kustodiev International Airport,large,46.282843,48.010511,RU,RU-AST,Astrakhan Oblast,Astrakhan,http://xn--80aaaa9dcahhdbllc1cxhc.xn--p1ai/,https://en.wikipedia.org/wiki/Narimanovo_Airport
BWO,UWSB,Balakovo Airport,medium,51.858299,47.745602,RU,RU-SAR,Saratov Oblast,Balakovo,,https://en.wikipedia.org/wiki/Balakovo_Airport
BAX,UNBB,Barnaul Gherman Titov International Airport,large,53.361285,83.539701,RU,RU-ALT,Altai Krai,Barnaul,http://airaltay.ru/,https://en.wikipedia.org/wiki/Barnaul_Airport
OGZ,URMO,Vladikavkaz Beslan International Airport,medium,43.205101,44.606602,RU,RU-SE,Republic of North Ossetia-Alania,Beslan,,https://en.wikipedia.org/wiki/Beslan_Airport
BQS,UHBB,Ignatyevo Airport,medium,50.426723,127.415502,RU,RU-AMU,Amur Oblast,Blagoveschensk,,https://en.wikipedia.org/wiki/Ignatyevo_Airport
BVJ,USDB,Bovanenkovo Airport,medium,70.315278,68.333611,RU,RU-YAN,Yamalo-Nenets Autonomous Okrug,Bovanenkovo,https://avia.gazprom.com/about/airports/bovanenkovo/,https://en.wikipedia.org/wiki/Bovanenkovo_Airport
BTK,UIBB,Bratsk Airport,medium,56.3696,101.701822,RU,RU-IRK,Irkutsk Oblast,Bratsk,,https://en.wikipedia.org/wiki/Bratsk_Airport
UUA,UWKB,Bugulma Airport,medium,54.641184,52.800229,RU,RU-TA,Republic of Tatarstan,Bugulma,,https://en.wikipedia.org/wiki/Bugulma_Airport
CSY,UWKS,Cheboksary Airport,medium,56.090302,47.347301,RU,RU-CU,Chuvash Republic,Cheboksary,,https://en.wikipedia.org/wiki/Cheboksary_Airport
CEK,USCC,Kurchatov Chelyabinsk International Airport,large,55.303141,61.504927,RU,RU-CHE,Chelyabinsk Oblast,Chelyabinsk,http://cekport.ru/,https://en.wikipedia.org/wiki/Chelyabinsk_Airport
ULY,UWLW,Ulyanovsk Vostochny Airport,medium,54.401001,48.8027,RU,RU-ULY,Ulyanovsk Oblast,Cherdakly,,https://en.wikipedia.org/wiki/Ulyanovsk_Vostochny_Airport
CEE,ULWC,Cherepovets Airport,medium,59.273602,38.0158,RU,RU-VLG,Vologda Oblast,Cherepovets,,https://en.wikipedia.org/wiki/Cherepovets_Airport
CYX,UESS,Cherskiy Airport,medium,68.740601,161.337997,RU,RU-SA,Sakha (Yakutia) Republic,Cherskiy,,https://en.wikipedia.org/wiki/Chersky_Airport
HTA,UIAA,Chita-Kadala International Airport,large,52.024841,113.305839,RU,RU-ZAB,Zabaykalsky Krai,Chita,http://aerochita.ru/,https://en.wikipedia.org/wiki/Kadala_Airport
CKH,UESO,Chokurdakh Airport,medium,70.6231,147.901993,RU,RU-SA,Sakha (Yakutia) Republic,Chokurdah,,https://en.wikipedia.org/wiki/Chokurdakh_Airport
ESL,URWI,Elista Airport,medium,46.373901,44.330898,RU,RU-KL,Republic of Kalmykia,Elista,https://aero-elista.ru/,https://en.wikipedia.org/wiki/Elista_Airport
GDZ,URKG,Gelendzhik Airport,medium,44.582093,38.012481,RU,RU-KDA,Krasnodar Krai,Gelendzhik,http://basel.aero/en/gelendjik/,https://en.wikipedia.org/wiki/Gelendzhik_Airport
GRV,URMG,Akhmat Kadyrov Grozny International Airport,large,43.388106,45.699772,RU,RU-CE,Chechen Republic,Grozny,,https://en.wikipedia.org/wiki/Grozny_Airport
IAA,UOII,Igarka Airport,medium,67.437202,86.621902,RU,RU-KYA,Krasnoyarsk Krai,Igarka,,https://en.wikipedia.org/wiki/Igarka_Airport
IKT,UIII,Irkutsk International Airport,large,52.266707,104.395563,RU,RU-IRK,Irkutsk Oblast,Irkutsk,http://www.iktport.ru/,https://en.wikipedia.org/wiki/Irkutsk_Airport
IWA,UUBI,Ivanovo South Airport,medium,56.9394,40.9408,RU,RU-IVA,Ivanovo Oblast,Ivanovo,,https://en.wikipedia.org/wiki/Ivanovo_Yuzhny_Airport
IJK,USII,Izhevsk Airport,medium,56.834524,53.462172,RU,RU-UD,Udmurt Republic,Izhevsk,,https://en.wikipedia.org/wiki/Izhevsk_Airport
KGD,UMKK,Khrabrovo Airport,large,54.89161,20.598559,RU,RU-KGD,Kaliningrad Oblast,Kaliningrad,https://kgdavia.ru/,https://en.wikipedia.org/wiki/Khrabrovo_Airport
KZN,UWKD,Kazan International Airport,large,55.606201,49.278702,RU,RU-TA,Republic of Tatarstan,Kazan,http://www.kazan.aero/en/,https://en.wikipedia.org/wiki/Kazan_International_Airport
KEJ,UNEE,Alexei Leonov Kemerovo International Airport,large,55.2701,86.107201,RU,RU-KEM,Kemerovo Oblast,Kemerovo,,https://en.wikipedia.org/wiki/Kemerovo_Airport
KPW,UHMK,Keperveem Airport,medium,67.845001,166.139999,RU,RU-CHU,Chukotka Autonomous Okrug,Keperveem,,https://en.wikipedia.org/wiki/Keperveyem_Airport
KHV,UHHH,Khabarovsk Novy Airport,medium,48.528338,135.188588,RU,RU-KHA,Khabarovsk Krai,Khabarovsk,http://airkhv.ru/,https://en.wikipedia.org/wiki/Khabarovsk_Novy_Airport
HMA,USHH,Khanty Mansiysk Airport,medium,61.0285,69.086098,RU,RU-KHM,Khanty-Mansi Autonomous Okrug,Khanty-Mansiysk,,https://en.wikipedia.org/wiki/Khanty-Mansiysk_Airport
HTG,UOHH,Khatanga Airport,medium,71.978104,102.490997,RU,RU-KYA,Krasnoyarsk Krai,Khatanga,,https://en.wikipedia.org/wiki/Khatanga_Airport
MQJ,UEMA,Moma Airport,medium,66.450861,143.261551,RU,RU-SA,Sakha (Yakutia) Republic,Khonuu,,https://en.wikipedia.org/wiki/Moma_Airport
KVX,USKK,Pobedilovo Airport,medium,58.503883,49.347831,RU,RU-KIR,Kirov Oblast,Kirov,http://www.pobedilovo.com/,https://en.wikipedia.org/wiki/Pobedilovo_Airport
KGP,USRK,Kogalym International Airport,medium,62.190399,74.533798,RU,RU-KHM,Khanty-Mansi Autonomous Okrug,Kogalym,,https://en.wikipedia.org/wiki/Kogalym_International_Airport
KXK,UHKK,Komsomolsk-on-Amur Airport,medium,50.409,136.934006,RU,RU-KHA,Khabarovsk Krai,Komsomolsk-on-Amur,,https://en.wikipedia.org/wiki/Komsomolsk-on-Amur_Airport
KMW,UUBA,Kostroma Sokerkino Airport,medium,57.796902,41.019402,RU,RU-KOS,Kostroma Oblast,Kostroma,http://www.kmtn.ru/~koao/,https://en.wikipedia.org/wiki/Kostroma_Airport
KSZ,ULKK,Kotlas Airport,medium,61.235802,46.697498,RU,RU-ARK,Arkhangelsk Oblast,Kotlas,,https://en.wikipedia.org/wiki/Kotlas_Airport
KRR,URKK,Krasnodar Pashkovsky International Airport,large,45.034465,39.174215,RU,RU-KDA,Krasnodar Krai,Krasnodar,https://krr.aero/en/,https://en.wikipedia.org/wiki/Pashkovsky_Airport
KCY,UNKM,Krasnoyarsk Cheremshanka Airport,medium,56.177584,92.545881,RU,RU-KYA,Krasnoyarsk Krai,Krasnoyarsk,http://www.cheremshanka.ru/,https://en.wikipedia.org/wiki/Krasnoyarsk_Cheremshanka_Airport
KJA,UNKL,Krasnoyarsk International Airport,large,56.175743,92.485788,RU,RU-KYA,Krasnoyarsk Krai,Krasnoyarsk,http://www.kja.aero,https://en.wikipedia.org/wiki/Krasnoyarsk_International_Airport
KRO,USUU,Kurgan Airport,medium,55.4753,65.415604,RU,RU-KGN,Kurgan Oblast,Kurgan,,https://en.wikipedia.org/wiki/Kurgan_Airport
KYZ,UNKY,Kyzyl Airport,medium,51.669399,94.400597,RU,RU-TY,Tuva Republic,Kyzyl,,https://en.wikipedia.org/wiki/Kyzyl_Airport
ULK,UERL,Lensk Airport,medium,60.723594,114.825319,RU,RU-SA,Sakha (Yakutia) Republic,Lensk,,https://en.wikipedia.org/wiki/Lensk_Airport
GDX,UHMM,Sokol Airport,medium,59.910999,150.720001,RU,RU-MAG,Magadan Oblast,Magadan,,https://en.wikipedia.org/wiki/Sokol_Airport
MQF,USCM,Magnitogorsk International Airport,large,53.391991,58.755235,RU,RU-BA,Republic of Bashkortostan,Magnitogorsk,,https://en.wikipedia.org/wiki/Magnitogorsk_International_Airport
MCX,URML,Makhachkala Uytash International Airport,large,42.816799,47.652302,RU,RU-DA,Republic of Dagestan,Makhachkala,,https://en.wikipedia.org/wiki/Uytash_airport
MRV,URMM,Mineralnye Vody Airport,large,44.225101,43.081902,RU,RU-STA,Stavropol Krai,Mineralnyye Vody,,https://en.wikipedia.org/wiki/Mineralnye_Vody_Airport
MJZ,UERR,Mirny Airport,medium,62.534698,114.039001,RU,RU-SA,Sakha (Yakutia) Republic,Mirny,,https://en.wikipedia.org/wiki/Mirny_Airport
DME,UUDD,Domodedovo International Airport,large,55.408798,37.9063,RU,RU-MOS,Moscow Oblast,Moscow,http://www.domodedovo.ru/en/,https://en.wikipedia.org/wiki/Domodedovo_International_Airport
SVO,UUEE,Sheremetyevo International Airport,large,55.976858,37.41121,RU,RU-MOS,Moscow Oblast,Moscow,http://svo.aero/,https://en.wikipedia.org/wiki/Sheremetyevo_International_Airport
VKO,UUWW,Vnukovo International Airport,large,55.591499,37.261501,RU,RU-MOW,Moscow (city),Moscow,https://vnukovo.ru/en/,https://en.wikipedia.org/wiki/Vnukovo_International_Airport
ZIA,UUBW,Zhukovsky International Airport,large,55.553299,38.150002,RU,RU-MOS,Moscow Oblast,Moscow,http://zia.aero/,https://en.wikipedia.org/wiki/Zhukovsky_International_Airport
MMK,ULMM,Emperor Nicholas II Murmansk Airport,large,68.7817,32.750801,RU,RU-MUR,Murmansk Oblast,Murmansk,http://www.airport-murmansk.ru/,https://en.wikipedia.org/wiki/Murmansk_Airport
NYM,USMM,Nadym Airport,medium,65.480904,72.698898,RU,RU-YAN,Yamalo-Nenets Autonomous Okrug,Nadym,,https://en.wikipedia.org/wiki/Nadym_Airport
NAL,URMN,Nalchik Airport,medium,43.512901,43.6366,RU,RU-KB,Kabardino-Balkar Republic,Nalchik,,https://en.wikipedia.org/wiki/Nalchik_Airport
NNM,ULAM,Naryan Mar Airport,medium,67.639999,53.121899,RU,RU-NEN,Nenets Autonomous Okrug,Naryan Mar,,https://en.wikipedia.org/wiki/Naryan-Mar_Airport
NER,UELL,Chulman Airport,medium,56.913898,124.914001,RU,RU-SA,Sakha (Yakutia) Republic,Neryungri,,https://en.wikipedia.org/wiki/Chulman_Airport
NLI,UHNN,Nikolayevsk-na-Amure Airport,medium,53.154999,140.649994,RU,RU-KHA,Khabarovsk Krai,Nikolayevsk-na-Amure Airport,,https://en.wikipedia.org/wiki/Nikolayevsk-on-Amur_Airport
NBC,UWKE,Begishevo Airport,medium,55.564701,52.092499,RU,RU-TA,Republic of Tatarstan,Nizhnekamsk,,https://en.wikipedia.org/wiki/Begishevo_Airport
NJC,USNN,Nizhnevartovsk Airport,large,60.949299,76.483597,RU,RU-KHM,Khanty-Mansi Autonomous Okrug,Nizhnevartovsk,,https://en.wikipedia.org/wiki/Nizhnevartovsk_Airport
GOJ,UWGG,Nizhny Novgorod / Strigino International Airport,large,56.227351,43.785152,RU,RU-NIZ,Nizhny Novgorod Oblast,Nizhny Novgorod,http://www.airportnn.ru/en/,https://en.wikipedia.org/wiki/Nizhny_Novgorod_International_Airport
NSK,UOOO,Alykel International Airport,large,69.307951,87.325906,RU,RU-KYA,Krasnoyarsk Krai,Norilsk,https://www.airport-norilsk.ru/,https://en.wikipedia.org/wiki/Norilsk_Alykel_Airport
NOZ,UNWW,Spichenkovo Airport,medium,53.811401,86.877197,RU,RU-KEM,Kemerovo Oblast,Novokuznetsk,https://aerokuz.ru,https://en.wikipedia.org/wiki/Spichenkovo_Airport
OVB,UNNT,Novosibirsk Tolmachevo Airport,large,55.019756,82.618675,RU,RU-NVS,Novosibirsk Oblast,Novosibirsk,http://eng.tolmachevo.ru/,https://en.wikipedia.org/wiki/Tolmachevo_Airport
NUX,USMU,Novy Urengoy Airport,medium,66.069397,76.520302,RU,RU-YAN,Yamalo-Nenets Autonomous Okrug,Novy Urengoy,,https://en.wikipedia.org/wiki/Novy_Urengoy_Airport
NOJ,USRO,Noyabrsk Airport,medium,63.1833,75.269997,RU,RU-YAN,Yamalo-Nenets Autonomous Okrug,Noyabrsk,,https://en.wikipedia.org/wiki/Noyabrsk_Airport
NYA,USHN,Nyagan Airport,medium,62.110001,65.614998,RU,RU-KHM,Khanty-Mansi Autonomous Okrug,Nyagan,,https://en.wikipedia.org/wiki/Nyagan_Airport
OHO,UHOO,Okhotsk Airport,medium,59.410065,143.056503,RU,RU-KHA,Khabarovsk Krai,Okhotsk,,https://en.wikipedia.org/wiki/Okhotsk_Airport
OLZ,UEMO,Olyokminsk Airport,medium,60.401833,120.476094,RU,RU-SA,Sakha (Yakutia) Republic,Olyokminsk,,https://en.wikipedia.org/wiki/Olyokminsk_Airport
OMS,UNOO,Omsk Central Airport,large,54.963124,73.312418,RU,RU-OMS,Omsk Oblast,Omsk,,https://en.wikipedia.org/wiki/Tsentralny_Airport
REN,UWOO,Orenburg Central Airport,medium,51.792668,55.457229,RU,RU-ORE,Orenburg Oblast,Orenburg,http://www.airoport.orenair.ru/,https://en.wikipedia.org/wiki/Orenburg_Tsentralny_Airport
OSW,UWOR,Orsk Airport,medium,51.072498,58.5956,RU,RU-ORE,Orenburg Oblast,Orsk,,https://en.wikipedia.org/wiki/Orsk_Airport
PEX,UUYP,Pechora Airport,medium,65.121101,57.130798,RU,RU-KO,Komi Republic,Pechora,,https://en.wikipedia.org/wiki/Pechora_Airport
PEZ,UWPP,Penza Airport,medium,53.1106,45.021099,RU,RU-PNZ,Penza Oblast,Penza,,https://en.wikipedia.org/wiki/Penza_Airport
PEE,USPP,Perm International Airport,large,57.914501,56.021198,RU,RU-PER,Perm Krai,Perm,http://www.aviaperm.ru/,https://en.wikipedia.org/wiki/Perm_International_Airport
PKC,UHPP,Yelizovo Airport,large,53.168716,158.451068,RU,RU-KAM,Kamchatka Krai,Petropavlovsk-Kamchatsky,,https://en.wikipedia.org/wiki/Elizovo_Airport
PES,ULPB,Petrozavodsk Airport,medium,61.885201,34.154701,RU,RU-KR,Republic of Karelia,Petrozavodsk,https://karelavia.ru,https://en.wikipedia.org/wiki/Petrozavodsk_Airport
PKV,ULOO,Princess Olga Pskov International Airport,medium,57.781316,28.39384,RU,RU-PSK,Pskov Oblast,Pskov,,https://en.wikipedia.org/wiki/Pskov_Airport
SBT,USDA,Sabetta International Airport,medium,71.219167,72.052222,RU,RU-YAN,Yamalo-Nenets Autonomous Okrug,Sabetta,,https://en.wikipedia.org/wiki/Sabetta_International_Airport
SLY,USDD,Salekhard Airport,medium,66.590797,66.611,RU,RU-YAN,Yamalo-Nenets Autonomous Okrug,Salekhard,,https://en.wikipedia.org/wiki/Salekhard_Airport
KUF,UWWW,Kurumoch International Airport,large,53.504902,50.164299,RU,RU-SAM,Samara Oblast,Samara,https://kuf.aero/en/,https://en.wikipedia.org/wiki/Kurumoch_International_Airport
SKX,UWPS,Saransk International Airport,large,54.12513,45.212257,RU,RU-MO,Republic of Mordovia,Saransk,,https://en.wikipedia.org/wiki/Saransk_Airport
GSV,UWSG,Gagarin International Airport,large,51.712778,46.171111,RU,RU-SAR,Saratov Oblast,Saratov,http://gsv.aero/en/,https://en.wikipedia.org/wiki/Saratov_Gagarin_Airport
SYS,UERS,Saskylakh Airport,medium,71.927902,114.080002,RU,RU-SA,Sakha (Yakutia) Republic,Saskylakh,,https://en.wikipedia.org/wiki/Saskylakh_Airport
VEO,UNIS,Severo-Yeniseysk Airport,medium,60.373299,93.011703,RU,RU-KYA,Krasnoyarsk Krai,Severo-Yeniseysk,,https://en.wikipedia.org/wiki/Severo-Eniseysk_Airport
AER,URSS,Sochi International Airport,large,43.449902,39.9566,RU,RU-KDA,Krasnodar Krai,Sochi,https://aer.aero/en,https://en.wikipedia.org/wiki/Sochi_International_Airport
OVS,USHS,Sovetskiy Airport,medium,61.326622,63.601913,RU,RU-KHM,Khanty-Mansi Autonomous Okrug,Sovetskiy,,https://en.wikipedia.org/wiki/Sovetsky_Tyumenskaya
SEK,UESK,Srednekolymsk Airport,medium,67.4805,153.7364,RU,RU-SA,Sakha (Yakutia) Republic,Srednekolymsk,,https://en.wikipedia.org/wiki/Srednekolymsk_Airport
LED,ULLI,Pulkovo Airport,large,59.800301,30.262501,RU,RU-SPE,Saint Petersburg (city),St. Petersburg,https://pulkovoairport.ru/,https://en.wikipedia.org/wiki/Pulkovo_Airport
STW,URMT,Stavropol Shpakovskoye Airport,medium,45.1092,42.112801,RU,RU-STA,Stavropol Krai,Stavropol,,https://en.wikipedia.org/wiki/Stavropol_Shpakovskoye_Airport
IGT,URMS,Magas Airport,medium,43.323268,45.012568,RU,RU-IN,Republic of Ingushetia,Sunzha,,https://en.wikipedia.org/wiki/Magas_Airport
SGC,USRR,Surgut International Airport,large,61.340501,73.405782,RU,RU-KHM,Khanty-Mansi Autonomous Okrug,Surgut,,https://en.wikipedia.org/wiki/Surgut_Airport
SCW,UUYY,Syktyvkar Airport,medium,61.646999,50.8451,RU,RU-KO,Komi Republic,Syktyvkar,,https://en.wikipedia.org/wiki/Syktyvkar_Airport
IKS,UEST,Tiksi Airport,medium,71.697701,128.903,RU,RU-SA,Sakha (Yakutia) Republic,Tiksi,,https://en.wikipedia.org/wiki/Tiksi_Airport
RMZ,USTJ,Tobolsk Remezov Airport,medium,58.059712,68.347997,RU,RU-TYU,Tyumen Oblast,Tobolsk,https://rmz.aero/,https://en.wikipedia.org/wiki/Tobolsk_Remezov_Airport
TOF,UNTT,Tomsk Kamov Airport,large,56.380299,85.208298,RU,RU-TOM,Tomsk Oblast,Tomsk,http://www.tomskairport.ru,https://en.wikipedia.org/wiki/Bogashevo_Airport
IAR,UUDL,Golden Ring Yaroslavl International Airport,large,57.560699,40.157398,RU,RU-YAR,Yaroslavl Oblast,Tunoshna,,https://en.wikipedia.org/wiki/Tunoshna
TJM,USTR,Roshchino International Airport,large,57.178984,65.327696,RU,RU-TYU,Tyumen Oblast,Tyumen,,https://en.wikipedia.org/wiki/Roschino_International_Airport
UFA,UWUU,Ufa International Airport,large,54.557499,55.874401,RU,RU-BA,Republic of Bashkortostan,Ufa,http://www.airportufa.ru/en/,https://en.wikipedia.org/wiki/Ufa_International_Airport
UCT,UUYH,Ukhta Airport,medium,63.566898,53.804699,RU,RU-KO,Komi Republic,Ukhta,,https://en.wikipedia.org/wiki/Ukhta_Airport
UUD,UIUU,Baikal International Airport,large,51.808614,107.439652,RU,RU-BU,Republic of Buryat,Ulan Ude,,https://en.wikipedia.org/wiki/Ulan-Ude_Airport
ULV,UWLL,Ulyanovsk Baratayevka Airport,medium,54.27016,48.225569,RU,RU-ULY,Ulyanovsk Oblast,Ulyanovsk,http://ulk.aero/,https://en.wikipedia.org/wiki/Ulyanovsk_Baratayevka_Airport
URJ,USHU,Uray Airport,medium,60.103298,64.826698,RU,RU-KHM,Khanty-Mansi Autonomous Okrug,Uray,,https://en.wikipedia.org/wiki/Uray_Airport
USK,UUYS,Usinsk Airport,medium,66.0047,57.367199,RU,RU-KO,Komi Republic,Usinsk,,https://en.wikipedia.org/wiki/Usinsk_Airport
UKX,UITT,Ust-Kut Airport,medium,56.856701,105.730003,RU,RU-IRK,Irkutsk Oblast,Ust-Kut,,https://en.wikipedia.org/wiki/Ust-Kut_Airport
USR,UEMT,Ust-Nera Airport,medium,64.550003,143.115005,RU,RU-SA,Sakha (Yakutia) Republic,Ust-Nera,,https://en.wikipedia.org/wiki/Ust-Nera_Airport
VAQ,UNIW,Vanavara Airport,medium,60.356229,102.309641,RU,RU-KYA,Krasnoyarsk Krai,Vanavara,,https://en.wikipedia.org/wiki/Vanavara_Airport
VUS,ULWU,Velikiy Ustyug Airport,medium,60.7883,46.259998,RU,RU-VLG,Vologda Oblast,Velikiy Ustyug,,https://en.wikipedia.org/wiki/Velikiy_Ustyug_Airport
VYI,UENW,Vilyuisk Airport,medium,63.756668,121.693336,RU,RU-SA,Sakha (Yakutia) Republic,Vilyuisk,,https://en.wikipedia.org/wiki/Vilyuisk_Airport
VOG,URWW,Volgograd International Airport,large,48.78134,44.339194,RU,RU-VGG,Volgograd Oblast,Volgograd,,https://en.wikipedia.org/wiki/Volgograd_International_Airport
VKT,UUYW,Vorkuta Airport,medium,67.488602,63.993099,RU,RU-KO,Komi Republic,Vorkuta,,https://en.wikipedia.org/wiki/Vorkuta_Airport
VOZ,UUOO,Voronezh International Airport,medium,51.814324,39.230948,RU,RU-VOR,Voronezh Oblast,Voronezh,,https://en.wikipedia.org/wiki/Voronezh_International_Airport
PYJ,UERP,Polyarny Airport,medium,66.400398,112.029999,RU,RU-SA,Sakha (Yakutia) Republic,Yakutia,,https://en.wikipedia.org/wiki/Polyarny_Airport
YKS,UEEE,Platon Oyunsky Yakutsk International Airport,large,62.0933,129.770996,RU,RU-SA,Sakha (Yakutia) Republic,Yakutsk,,https://en.wikipedia.org/wiki/Yakutsk_Airport
SVX,USSS,Koltsovo Airport,large,56.743099,60.8027,RU,RU-SVE,Sverdlovsk Oblast,Yekaterinburg,http://www.koltsovo.ru/en/,https://en.wikipedia.org/wiki/Koltsovo_Airport
EIE,UNII,Yeniseysk Airport,medium,58.474201,92.112503,RU,RU-KYA,Krasnoyarsk Krai,Yeniseysk,,https://en.wikipedia.org/wiki/Yeniseysk_Airport
UUS,UHSS,Yuzhno-Sakhalinsk International Airport,large,46.885461,142.717466,RU,RU-SAK,Sakhalin Oblast,Yuzhno-Sakhalinsk,https://uusaero.ru/,https://en.wikipedia.org/wiki/Yuzhno-Sakhalinsk_Airport
ZIX,UEVV,Zhigansk Airport,medium,66.796501,123.361,RU,RU-SA,Sakha (Yakutia) Republic,Zhigansk,,https://en.wikipedia.org/wiki/Zhigansk_Airport
ZKP,UESU,Zyryanka Airport,medium,65.7485,150.8889,RU,RU-SA,Sakha (Yakutia) Republic,Zyryanka,,https://en.wikipedia.org/wiki/Zyryanka_Airport
KME,HRZA,Kamembe Airport,medium,-2.46224,28.9079,RW,RW-04,Western Province,Kamembe,,https://en.wikipedia.org/wiki/Kamembe_Airport
KGL,HRYR,Kigali International Airport,large,-1.96863,30.1395,RW,RW-01,City of Kigali,Kigali,https://www.rac.co.rw/?utm_source=chatgpt.com,https://en.wikipedia.org/wiki/Kigali_International_Airport
AHB,OEAB,Abha International Airport,large,18.2404,42.656601,SA,SA-14,Asir Region,Abha,https://abha-airport.com,https://en.wikipedia.org/wiki/Abha_International_Airport
DMM,OEDF,King Fahd International Airport,large,26.4691,49.798209,SA,SA-04,Ash Sharqiyah Region,Ad Dammam,https://kfia.gov.sa/,https://en.wikipedia.org/wiki/King_Fahd_International_Airport
EJH,OEWJ,Al Wajh Domestic Airport,medium,26.198601,36.476398,SA,SA-07,Tabuk Region,Al Wajh,,https://en.wikipedia.org/wiki/Al_Wajh_Domestic_Airport
ABT,OEBA,King Saud Bin Abdulaziz (Al Baha) Airport,medium,20.298506,41.636153,SA,SA-11,Al Batah Region,Al-Baha,,https://en.wikipedia.org/wiki/Al-Baha_Domestic_Airport
AJF,OESK,Al-Jawf International Airport,large,29.783301,40.100905,SA,SA-12,Al Jawf Region,Al-Jawf,,https://en.wikipedia.org/wiki/Al-Jouf_International_Airport
ULH,OEAO,Al-Ula International Airport,large,26.483634,38.117048,SA,SA-03,Al Madinah Region,Al-Ula,,https://en.wikipedia.org/wiki/Al-Ula_International_Airport
RAE,OERR,Arar Domestic Airport,medium,30.906601,41.138199,SA,SA-08,The Northern Border Region,Arar,,https://en.wikipedia.org/wiki/Arar_Domestic_Airport
BHH,OEBH,Bisha Airport,medium,19.9844,42.620899,SA,SA-14,Asir Region,Bisha,,https://en.wikipedia.org/wiki/Bisha_Domestic_Airport
DWD,OEDM,Dawadmi Domestic Airport,medium,24.4499,44.121201,SA,SA-01,Riyadh Region,Dawadmi,,https://en.wikipedia.org/wiki/Dawadmi_Domestic_Airport
URY,OEGT,Gurayat Domestic Airport,medium,31.412413,37.278898,SA,SA-12,Al Jawf Region,Gurayat,,https://en.wikipedia.org/wiki/Gurayat_Domestic_Airport
HAS,OEHL,Hail International Airport,large,27.437901,41.686298,SA,SA-06,Ha'il Region,Hail,,https://en.wikipedia.org/wiki/Hail_International_Airport
RSI,OERS,Red Sea International Airport,large,25.627975,37.088914,SA,SA-07,Tabuk Region,Hanak,https://www.redseaglobal.com/our-destinations/the-red-sea/red-sea-international-airport,https://en.wikipedia.org/wiki/Red_Sea_International_Airport
HOF,OEAH,Al-Ahsa International Airport,large,25.285299,49.485199,SA,SA-04,Ash Sharqiyah Region,Hofuf,,https://en.wikipedia.org/wiki/Al-Ahsa_International_Airport
JED,OEJN,King Abdulaziz International Airport,large,21.680241,39.157436,SA,SA-02,Makkah Region,Jeddah,https://www.kaia.sa/,https://en.wikipedia.org/wiki/King_Abdulaziz_International_Airport
GIZ,OEGN,Jizan Regional Airport / King Abdullah bin Abdulaziz Airport,medium,16.9011,42.5858,SA,SA-09,Jlzan Region,Jizan,,https://en.wikipedia.org/wiki/Jizan_Regional_Airport
KMC,OEKK,King Khaled Military City Airport,medium,27.9009,45.528198,SA,SA-04,Ash Sharqiyah Region,King Khaled Military City,,https://en.wikipedia.org/wiki/King_Khaled_Military_City_Airport
MED,OEMA,Prince Mohammad Bin Abdulaziz Airport,large,24.5534,39.705101,SA,SA-03,Al Madinah Region,Medina,http://www.tibahairports.com/en-EN/Pages/Main.aspx,https://en.wikipedia.org/wiki/Prince_Mohammad_Bin_Abdulaziz_Airport
EAM,OENG,Najran Domestic Airport,medium,17.611401,44.419201,SA,SA-10,Najran Region,Najran,,https://en.wikipedia.org/wiki/Najran_Domestic_Airport
AQI,OEPA,Qaisumah–Hafar Al-Batin International Airport,large,28.335726,46.127108,SA,SA-04,Ash Sharqiyah Region,Qaisumah,,https://en.wikipedia.org/wiki/Qaisumah%E2%80%93Hafar_Al-Batin_International_Airport
ELQ,OEGS,Prince Naif bin Abdulaziz International Airport,large,26.302799,43.774399,SA,SA-05,Al Qasim Region,Qassim,https://www.matarat.com.sa/,https://en.wikipedia.org/wiki/Prince_Naif_bin_Abdulaziz_International_Airport
RAH,OERF,Rafha Domestic Airport,medium,29.6264,43.490601,SA,SA-08,The Northern Border Region,Rafha,,https://en.wikipedia.org/wiki/Rafha_Domestic_Airport
RUH,OERK,King Khalid International Airport,large,24.9576,46.698799,SA,SA-01,Riyadh Region,Riyadh,https://www.kkia.sa/en/Pages/default.aspx,https://en.wikipedia.org/wiki/King_Khalid_International_Airport
NUM,OENN,Neom Bay Airport,large,27.924261,35.29358,SA,SA-07,Tabuk Region,Sharma,https://www.neom.com/en-us/our-business/neom-airport,https://en.wikipedia.org/wiki/Neom_Bay_Airport
SHW,OESH,Sharurah Domestic Airport,medium,17.4669,47.121399,SA,SA-10,Najran Region,Sharurah,,https://en.wikipedia.org/wiki/Sharurah_Domestic_Airport
TUU,OETB,Prince Sultan bin Abdulaziz International Airport,large,28.3711,36.624865,SA,SA-07,Tabuk Region,Tabuk,,https://en.wikipedia.org/wiki/Prince_Sultan_bin_Abdulaziz_Airport
TIF,OETF,Taif International Airport,large,21.484739,40.544074,SA,SA-02,Makkah Region,Taif,,https://en.wikipedia.org/wiki/Ta%E2%80%99if_Regional_Airport
TUI,OETR,Turaif Domestic Airport,medium,31.692188,38.731544,SA,SA-08,The Northern Border Region,Turaif,,https://en.wikipedia.org/wiki/Turaif_Domestic_Airport
WAE,OEWD,Wadi Al Dawasir Domestic Airport,medium,20.504299,45.1996,SA,SA-01,Riyadh Region,Wadi Al Dawasir,,https://en.wikipedia.org/wiki/Wadi_al-Dawasir_Domestic_Airport
YNB,OEYN,Prince Abdulmohsen Bin Abdulaziz International Airport,large,24.144199,38.0634,SA,SA-03,Al Madinah Region,Yanbu,https://gaca.gov.sa/web/en-gb/airport/prince-abdulmohsin-bin-abdulaziz-airport,https://en.wikipedia.org/wiki/Prince_Abdulmohsen_Bin_Abdulaziz_International_Airport
HIR,AGGH,Honiara International Airport,large,-9.428,160.054993,SB,SB-GU,Guadalcanal Province,Honiara,,https://en.wikipedia.org/wiki/Honiara_International_Airport
MUA,AGGM,Munda Airport,medium,-8.32797,157.263,SB,SB-WE,Western Province,Munda,,https://en.wikipedia.org/wiki/Munda_Airport
PRI,FSPP,Praslin Island Airport,medium,-4.319256,55.691561,SC,SC-14,Grand' Anse (Praslin),Praslin Island,,https://en.wikipedia.org/wiki/Praslin_Island_Airport
SEZ,FSIA,Seychelles International Airport,large,-4.67434,55.521801,SC,SC-20,Pointe La Rue,Victoria,https://seychellesairports.sc/,https://en.wikipedia.org/wiki/Seychelles_International_Airport
DOG,HSDN,Dongola Airport,medium,19.153666,30.430069,SD,SD-01,Northern State,Dongola,,https://en.wikipedia.org/wiki/Dongola_Airport
ELF,HSFS,El Fasher Airport,medium,13.6149,25.3246,SD,SD-02,North Darfur State,El Fasher,,https://en.wikipedia.org/wiki/El_Fasher_Airport
EBD,HSOB,El-Obeid Airport,medium,13.1532,30.2327,SD,SD-09,North Kurdufan State,El-Obeid,,https://en.wikipedia.org/wiki/El_Obeid_Airport
KSL,HSKA,Kassala Airport,medium,15.3875,36.3288,SD,SD-05,Kassala State,Kassala,,https://en.wikipedia.org/wiki/Kassala_Airport
KRT,HSSK,Khartoum International Airport,large,15.5895,32.5532,SD,SD-03,Khartoum State,Khartoum,,https://en.wikipedia.org/wiki/Khartoum_International_Airport
UYL,HSNN,Nyala Airport,medium,12.0535,24.9562,SD,SD-11,South Darfur State,Nyala,,https://en.wikipedia.org/wiki/Nyala_Airport
PZU,HSPN,Port Sudan New International Airport,large,19.434558,37.234125,SD,SD-26,Red Sea State,Port Sudan,,https://en.wikipedia.org/wiki/Port_Sudan_New_International_Airport
AJR,ESNX,Arvidsjaur Airport,medium,65.590302,19.2819,SE,SE-BD,Norrbottena län,Arvidsjaur,,https://en.wikipedia.org/wiki/Arvidsjaur_Airport
BLE,ESSD,Dala Airport,medium,60.422001,15.5152,SE,SE-W,Dalarnas län,Borlange,https://www.dalaflyget.se/,https://en.wikipedia.org/wiki/Borl%C3%A4nge_Airport
GEV,ESNG,Gällivare Airport,medium,67.132401,20.8146,SE,SE-BD,Norrbottena län,Gällivare,,https://en.wikipedia.org/wiki/G%C3%A4llivare_Airport
GOT,ESGG,Göteborg Landvetter Airport,large,57.6628,12.2798,SE,SE-Q,Västra Götalands län,Göteborg,https://www.swedavia.com/landvetter/,https://en.wikipedia.org/wiki/G%C3%B6teborg_Landvetter_Airport
HAD,ESMT,Halmstad Airport,medium,56.691101,12.8202,SE,SE-N,Hallands län,Halmstad,,https://en.wikipedia.org/wiki/Halmstad_Airport
JKG,ESGJ,Jönköping Airport,medium,57.757599,14.0687,SE,SE-F,Jönköpings län,Jönköping,http://www.lfv.se/templates/LFV_AirportStartPage____1672.aspx,https://en.wikipedia.org/wiki/J%C3%B6nk%C3%B6ping_Airport
KLR,ESMQ,Kalmar Airport,medium,56.685501,16.2876,SE,SE-H,Kalmar län,Kalmar,,https://en.wikipedia.org/wiki/Kalmar_Airport
KSD,ESOK,Karlstad Airport,medium,59.444698,13.3374,SE,SE-S,Värmlanda län,Karlstad,https://www.ksdarprt.se/,https://en.wikipedia.org/wiki/Karlstad_Airport
KRN,ESNQ,Kiruna Airport,large,67.821999,20.3368,SE,SE-BD,Norrbottena län,Kiruna,https://www.swedavia.com/kiruna/,https://en.wikipedia.org/wiki/Kiruna_Airport
LPI,ESSL,Linköping City Airport,large,58.404909,15.684499,SE,SE-E,Östergötlands län,Linköping,http://www.linkopingsflygplats.se/,https://en.wikipedia.org/wiki/Link%C3%B6ping_SAAB_Airport
LLA,ESPA,Luleå Airport,large,65.5438,22.122,SE,SE-BD,Norrbottena län,Luleå,https://www.swedavia.com/lulea/,https://en.wikipedia.org/wiki/Lule%C3%A5_Airport
LYC,ESNL,Lycksele Airport,medium,64.548302,18.7162,SE,SE-AC,Västerbottens län,Lycksele,https://www.lyckseleairport.se,https://en.wikipedia.org/wiki/Lycksele_Airport
MMX,ESMS,Malmö Sturup Airport,large,55.535564,13.376327,SE,SE-M,Skåne län,Malmö,http://www.swedavia.com/malmo/,https://en.wikipedia.org/wiki/Malm%C3%B6_Airport
SCR,ESKS,Scandinavian Mountains Airport,large,61.16508,12.83352,SE,SE-W,Dalarnas län,Malung-Sälen,https://scandinavianmountains.se/en/home/,https://en.wikipedia.org/wiki/Scandinavian_Mountains_Airport
MXX,ESKM,Mora Airport,medium,60.957901,14.5114,SE,SE-W,Dalarnas län,Mora,,https://en.wikipedia.org/wiki/Mora-Siljan_Airport
NRK,ESSP,Norrköping Airport,medium,58.5863,16.250601,SE,SE-E,Östergötlands län,Norrköping,,https://en.wikipedia.org/wiki/Norrk%C3%B6ping_Airport
NYO,ESKN,Stockholm Skavsta Airport,large,58.789656,16.911479,SE,SE-D,Södermanlands län,Nyköping,,https://en.wikipedia.org/wiki/Stockholm-Skavsta_Airport
KRF,ESNK,Kramfors-Sollefteå Höga Kusten Airport,medium,63.048599,17.7689,SE,SE-Y,Västernorrlands län,Nyland,,https://en.wikipedia.org/wiki/Kramfors_Airport
RNB,ESDF,Ronneby Airport,medium,56.266701,15.265,SE,SE-K,Blekinge län,Ronneby,https://www.swedavia.com/ronneby/,https://en.wikipedia.org/wiki/Ronneby_Airport
SFT,ESNS,Skellefteå Airport,medium,64.624802,21.0769,SE,SE-AC,Västerbottens län,Skellefteå,,https://en.wikipedia.org/wiki/Skellefte%C3%A5_Airport
ARN,ESSA,Stockholm-Arlanda Airport,large,59.64849,17.928829,SE,SE-AB,Stockholms län,Stockholm,http://www.swedavia.se/arlanda/,https://en.wikipedia.org/wiki/Stockholm-Arlanda_Airport
BMA,ESSB,Stockholm-Bromma Airport,medium,59.354401,17.9417,SE,SE-AB,Stockholms län,Stockholm,,https://en.wikipedia.org/wiki/Stockholm-Bromma_Airport
VST,ESOW,Stockholm Västerås Airport,large,59.589401,16.6336,SE,SE-U,Västmanlanda län,Stockholm / Västerås,,https://en.wikipedia.org/wiki/Stockholm-V%C3%A4ster%C3%A5s_Airport
SDL,ESNN,Sundsvall-Härnösand Airport,medium,62.528099,17.443899,SE,SE-Y,Västernorrlands län,Sundsvall/ Härnösand,,https://en.wikipedia.org/wiki/Sundsvall-H%C3%A4rn%C3%B6sand_Airport
TYF,ESST,Torsby Airport,medium,60.1576,12.9913,SE,SE-S,Värmlanda län,Torsby,http://www.torsbyflygplats.se,https://en.wikipedia.org/wiki/Torsby_Airport
THN,ESGT,Trollhättan-Vänersborg Airport,medium,58.3181,12.345,SE,SE-Q,Västra Götalands län,Trollhättan,,https://en.wikipedia.org/wiki/Trollh%C3%A4ttan-V%C3%A4nersborg_Airport
UME,ESNU,Umeå Airport,large,63.791801,20.282801,SE,SE-AC,Västerbottens län,Umeå,https://www.swedavia.com/umea/,https://en.wikipedia.org/wiki/Ume%C3%A5_Airport
VHM,ESNV,Vilhelmina South Lapland Airport,medium,64.579102,16.833599,SE,SE-AC,Västerbottens län,Vilhelmina,,https://en.wikipedia.org/wiki/Vilhelmina_Airport
VBY,ESSV,Visby Airport,large,57.6628,18.346201,SE,SE-I,Gotlands län,Visby,https://www.swedavia.com/visby/,https://en.wikipedia.org/wiki/Visby_Airport
VXO,ESMX,Växjö Kronoberg Airport,medium,56.9291,14.728,SE,SE-G,Kronoberge län,Växjö,,https://en.wikipedia.org/wiki/V%C3%A4xj%C3%B6_Airport
AGH,ESTA,Ängelholm-Helsingborg Airport,medium,56.296101,12.8471,SE,SE-M,Skåne län,Ängelholm,http://www.lfv.se/templates/LFV_AirportStartPage____4777.aspx,https://en.wikipedia.org/wiki/%C3%84ngelholm-Helsingborg_Airport
ORB,ESOE,Örebro Airport,medium,59.223701,15.038,SE,SE-T,Örebro län,Örebro,,https://en.wikipedia.org/wiki/%C3%96rebro_Airport
OER,ESNO,Örnsköldsvik Airport,medium,63.408298,18.99,SE,SE-Y,Västernorrlands län,Örnsköldsvik,,https://en.wikipedia.org/wiki/%C3%96rnsk%C3%B6ldsvik_Airport
OSD,ESNZ,Åre Östersund Airport,medium,63.193546,14.504168,SE,SE-Z,Jämtlande län,Östersund,https://www.swedavia.com/ostersund/,https://en.wikipedia.org/wiki/%C3%85re_%C3%96stersund_Airport
XSP,WSSL,Seletar Airport,medium,1.41555,103.86673,SG,SG-02,North East,Seletar,,https://en.wikipedia.org/wiki/Seletar_Airport
SIN,WSSS,Singapore Changi Airport,large,1.35019,103.994003,SG,SG-04,South East,Singapore,http://www.changiairport.com/,https://en.wikipedia.org/wiki/Singapore_Changi_Airport
ASI,FHAW,RAF Ascension Island,medium,-7.970179,-14.392744,SH,SH-AC,Ascension,Cat Hill,https://www.raf.mod.uk/our-organisation/stations/ascension-island-base/,https://en.wikipedia.org/wiki/RAF_Ascension_Island
HLE,FHSH,Saint Helena International Airport,medium,-15.958898,-5.646066,SH,SH-SH,Saint Helena,Jamestown,http://sthelenaairport.com/,https://en.m.wikipedia.org/wiki/Saint_Helena_Airport#
MBX,LJMB,Maribor Edvard Rusjan Airport,medium,46.4799,15.6861,SI,SI-160,Hoče-Slivnica Municipality,Maribor,https://www.mbx-airport.si/en/airport,https://en.wikipedia.org/wiki/Maribor_Airport
LJU,LJLJ,Ljubljana Jože Pučnik Airport,large,46.223701,14.4576,SI,SI-012,Cerklje na Gorenjskem Municipality,Zgornji Brnik,http://www.lju-airport.si/,https://en.wikipedia.org/wiki/Ljubljana_Jo%C5%BEe_Pu%C4%8Dnik_Airport
BTS,LZIB,M. R. Štefánik Airport,large,48.1702,17.2127,SK,SK-BL,Bratislava Region,Bratislava,,https://en.wikipedia.org/wiki/M._R._%C5%A0tef%C3%A1nik_Airport
KSC,LZKZ,Košice International Airport,medium,48.663101,21.2411,SK,SK-KI,Košice Region,Košice,,https://en.wikipedia.org/wiki/Ko%C5%A1ice_International_Airport
TAT,LZTT,Poprad-Tatry Airport,medium,49.070994,20.241394,SK,SK-PV,Prešov Region,Poprad,https://www.popradtatry.aero/,https://en.wikipedia.org/wiki/Poprad-Tatry_Airport
SLD,LZSL,Sliač Airport,medium,48.637798,19.1341,SK,SK-BC,Banská Bystrica Region,Sliač,http://www.airportsliac.sk/home-engle.html,https://en.wikipedia.org/wiki/Slia%C4%8D_Airport
FNA,GFLL,Lungi International Airport,large,8.61644,-13.1955,SL,SL-N,Northern Province,Freetown (Lungi-Town),http://www.freetownairport.com/,https://en.wikipedia.org/wiki/Lungi_International_Airport
CSK,GOGS,Cap Skirring Airport,medium,12.39533,-16.748,SN,SN-ZG,Ziguinchor Region,Cap Skirring,,https://en.wikipedia.org/wiki/Cap_Skirring_Airport
DSS,GOBD,Blaise Diagne International Airport,large,14.670878,-17.072829,SN,SN-DK,Dakar Region,Dakar,http://www.dakaraeroport.com/,https://en.wikipedia.org/wiki/Blaise_Diagne_International_Airport
ZIG,GOGG,Ziguinchor Airport,medium,12.55559,-16.283298,SN,SN-ZG,Ziguinchor Region,Ziguinchor,,https://en.wikipedia.org/wiki/Ziguinchor_Airport
BBO,HCMI,Berbera Airport,medium,10.385035,44.936723,SO,SO-WO,Maroodi Jeex,Berbera,,https://en.wikipedia.org/wiki/Berbera_Airport
BSA,HCMF,Bender Qassim International Airport,large,11.275235,49.139231,SO,SO-BR,Bari,Bosaso,,https://en.wikipedia.org/wiki/Bosaso_Airport
HGA,HCMH,Egal International Airport,large,9.514082,44.083469,SO,SO-WO,Maroodi Jeex,Hargeisa,,https://en.wikipedia.org/wiki/Hargeisa_International_Airport
MGQ,HCMM,Aden Adde International Airport,large,2.01444,45.304699,SO,SO-BN,Banaadir,Mogadishu,,https://en.wikipedia.org/wiki/Aden_Adde_International_Airport
PBM,SMJP,Johan Adolf Pengel International Airport,large,5.45283,-55.187801,SR,SR-PR,Para,Paramaribo,http://www.japi-airport.com,https://en.wikipedia.org/wiki/Johan_Adolf_Pengel_International_Airport
JUB,HJJJ,Juba International Airport,large,4.87201,31.601101,SS,SS-EC,Central Equatoria State,Juba,,https://en.wikipedia.org/wiki/Juba_Airport
MAK,HSSM,Malakal International Airport,medium,9.558739,31.651937,SS,SS-NU,Upper Nile State,Malakal,,https://en.wikipedia.org/wiki/Malakal_Airport
WUU,HSWW,Wau Airport,medium,7.72583,27.975,SS,SS-BW,Western Bahr el Ghazal State,Wau,,https://en.wikipedia.org/wiki/Wau_Airport
TMS,FPST,São Tomé International Airport,large,0.378175,6.71215,ST,ST-01,Água Grande District,São Tomé,,https://en.wikipedia.org/wiki/S%C3%A3o_Tom%C3%A9_International_Airport
PCP,FPPR,Principe Airport,medium,1.661155,7.411081,ST,ST-P,Autonomous Region of Principe,São Tomé & Príncipe,,https://en.wikipedia.org/wiki/Pr%C3%ADncipe_Airport
ILS,MSSS,Ilopango International Airport,medium,13.6995,-89.119904,SV,SV-SS,San Salvador Department,San Salvador,,https://en.wikipedia.org/wiki/Ilopango_International_Airport
SAL,MSLP,El Salvador International Airport Saint Óscar Arnulfo Romero y Galdámez,large,13.44447,-89.055784,SV,SV-PA,La Paz Department,San Salvador (San Luis Talpa),https://elsalvadorairport.com,https://en.wikipedia.org/wiki/El_Salvador_International_Airport
SXM,TNCM,Princess Juliana International Airport,large,18.041,-63.108898,SX,SX-U-A,(unassigned),Sint Maarten,https://www.sxmairport.com/,https://en.wikipedia.org/wiki/Princess_Juliana_International_Airport
ALP,OSAP,Aleppo International Airport,large,36.181262,37.226869,SY,SY-HL,Aleppo Governorate,Aleppo,http://www.aleppo-airport.com/en/,https://en.wikipedia.org/wiki/Aleppo_International_Airport
DAM,OSDI,Damascus International Airport,large,33.411499,36.515598,SY,SY-DI,Damascus Governorate,Damascus,,https://en.wikipedia.org/wiki/Damascus_International_Airport
LTK,OSLK,Latakia International Airport,medium,35.4011,35.9487,SY,SY-LA,Latakia Governorate,Latakia,https://aerotur.aero/en/airport/ltk,https://en.wikipedia.org/wiki/Bassel_Al-Assad_International_Airport
KAC,OSKL,Qamishli International Airport,medium,37.020599,41.191399,SY,SY-HA,Al-Hasakah Governorate,Qamishli,,https://en.wikipedia.org/wiki/Qamishli_International_Airport
SHO,FDSK,King Mswati III International Airport,large,-26.358611,31.716944,SZ,SZ-LU,Lubombo Region,Mpaka,https://www.eswacaa.co.sz/kmiii-airport/,https://en.wikipedia.org/wiki/King_Mswati_III_International_Airport
GDT,MBGT,JAGS McCartney International Airport,medium,21.4445,-71.142303,TC,TC-GT,Grand Turk,Cockburn Town,,https://en.wikipedia.org/wiki/JAGS_McCartney_International_Airport
NCA,MBNC,North Caicos Airport,medium,21.916094,-71.942954,TC,TC-NC,North Caicos,North Caicos,,https://en.wikipedia.org/wiki/North_Caicos_Airport
PLS,MBPV,Providenciales International Airport,large,21.773697,-72.268321,TC,TC-PR,Providenciales,Providenciales,,https://en.wikipedia.org/wiki/Providenciales_International_Airport
XSC,MBSC,South Caicos Airport,medium,21.515699,-71.528503,TC,TC-SC,South Caicos,South Caicos,,https://en.wikipedia.org/wiki/South_Caicos_Airport
NDJ,FTTJ,N'Djamena International Airport,large,12.1337,15.034,TD,TD-ND,N'Djamena (city),N'Djamena,,https://en.wikipedia.org/wiki/N'Djamena_International_Airport
LFW,DXXX,Lomé–Tokoin International Airport,large,6.16561,1.25451,TG,TG-M,Maritime Region,Lomé,,https://en.wikipedia.org/wiki/Lom%C3%A9%E2%80%93Tokoin_International_Airport
LPT,VTCL,Lampang Airport,medium,18.270901,99.504204,TH,TH-52,Lampang Province,,,https://en.wikipedia.org/wiki/Lampang_Airport
LOE,VTUL,Loei Airport,medium,17.4391,101.722,TH,TH-42,Loei Province,,,https://en.wikipedia.org/wiki/Loei_Airport
MAQ,VTPM,Mae Sot Airport,medium,16.6999,98.545097,TH,TH-63,Tak Province,,,https://en.wikipedia.org/wiki/Mae_Sot_Airport
NNT,VTCN,Nan Airport,medium,18.807899,100.782997,TH,TH-55,Nan Province,,,https://en.wikipedia.org/wiki/Nan_Airport
NAW,VTSC,Narathiwat Airport,medium,6.51992,101.742996,TH,TH-96,Narathiwat Province,,,https://en.wikipedia.org/wiki/Narathiwat_Airport
PHY,VTPB,Phetchabun Airport,medium,16.676001,101.195,TH,TH-67,Phetchabun Province,,,https://en.wikipedia.org/wiki/Phetchabun_Airport
SNO,VTUI,Sakon Nakhon Airport,medium,17.195101,104.119003,TH,TH-47,Sakon Nakhon Province,,,https://en.wikipedia.org/wiki/Sakon_Nakhon_Airport
THS,VTPO,Sukhothai Airport,medium,17.238001,99.818199,TH,TH-64,Sukhothai Province,,,https://en.wikipedia.org/wiki/Sukhothai_Airport
DMK,VTBD,Don Mueang International Airport,large,13.9126,100.607002,TH,TH-10,Bangkok (special administrative area),Bangkok,http://www.airportthai.co.th/airportnew/bangkok/index.asp?lang=en,https://en.wikipedia.org/wiki/Don_Mueang_International_Airport
BKK,VTBS,Suvarnabhumi Airport,large,13.6811,100.747002,TH,TH-10,Bangkok (special administrative area),Bangkok,https://suvarnabhumi.airportthai.co.th/,https://en.wikipedia.org/wiki/Suvarnabhumi_Airport
BFV,VTUO,Buri Ram Airport,medium,15.2295,103.252998,TH,TH-31,Buriram Province,Buriram,,https://en.wikipedia.org/wiki/Buriram_Airport
CNX,VTCC,Chiang Mai International Airport,large,18.7668,98.962601,TH,TH-50,Chiang Mai Province,Chiang Mai,,https://en.wikipedia.org/wiki/Chiang_Mai_International_Airport
CEI,VTCT,Mae Fah Luang - Chiang Rai International Airport,large,19.952299,99.882896,TH,TH-57,Chiang Rai Province,Chiang Rai,https://chiangrai.airportthai.co.th/,https://en.wikipedia.org/wiki/Chiang_Rai_International_Airport
CJM,VTSE,Chumphon Airport,medium,10.7112,99.361702,TH,TH-86,Chumphon Province,Chumphon,,https://en.wikipedia.org/wiki/Chumphon_Airport
HDY,VTSS,Hat Yai International Airport,large,6.93321,100.392998,TH,TH-90,Songkhla Province,Hat Yai,,https://en.wikipedia.org/wiki/Hat_Yai_International_Airport
HHQ,VTPH,Hua Hin Airport,medium,12.6362,99.9515,TH,TH-76,Phetchaburi Province,Hua Hin,,https://en.wikipedia.org/wiki/Hua_Hin_Airport
KKC,VTUK,Khon Kaen Airport,medium,16.4666,102.783997,TH,TH-40,Khon Kaen Province,Khon Kaen,,https://en.wikipedia.org/wiki/Khon_Kaen_Airport
KBV,VTSG,Krabi International Airport,large,8.095591,98.988955,TH,TH-81,Krabi Province,Krabi,,https://en.wikipedia.org/wiki/Krabi_International_Airport
TDX,VTBO,Trat Airport,medium,12.2746,102.319,TH,TH-23,Trat Province,Laem Ngop,,https://en.wikipedia.org/wiki/Trat_Airport
HGN,VTCH,Mae Hong Son Airport,medium,19.3013,97.9758,TH,TH-58,Mae Hong Son Province,Mae Hong Son,,https://en.wikipedia.org/wiki/Mae_Hong_Son_Airport
USM,VTSM,Samui International Airport,large,9.54779,100.061996,TH,TH-84,Surat Thani Province,Na Thon (Ko Samui Island),http://www.samuiairportonline.com,https://en.wikipedia.org/wiki/Samui_Airport
KOP,VTUW,Nakhon Phanom Airport,medium,17.383801,104.642998,TH,TH-48,Nakhon Phanom Province,Nakhon Phanom,,https://en.wikipedia.org/wiki/Nakhon_Phanom_Airport
NST,VTSF,Nakhon Si Thammarat Airport,medium,8.53962,99.944702,TH,TH-80,Nakhon Si Thammarat Province,Nakhon Si Thammarat,,https://en.wikipedia.org/wiki/Nakhon_Si_Thammarat_Airport
PHS,VTPP,Phitsanulok Airport,medium,16.7829,100.278999,TH,TH-65,Phitsanulok Province,Phitsanulok,,https://en.wikipedia.org/wiki/Phitsanulok_Airport
HKT,VTSP,Phuket International Airport,large,8.113257,98.3174,TH,TH-83,Phuket Province,Phuket,https://phuket.airportthai.co.th/,https://en.wikipedia.org/wiki/Phuket_International_Airport
UNN,VTSR,Ranong Airport,medium,9.77762,98.585503,TH,TH-85,Ranong Province,Ranong,,https://en.wikipedia.org/wiki/Ranong_Airport
UTP,VTBU,U-Tapao–Rayong–Pattaya International Airport,large,12.6799,101.004997,TH,TH-21,Rayong Province,Rayong,http://www.utapao.com/,https://en.wikipedia.org/wiki/U-Tapao_International_Airport
ROI,VTUV,Roi Et Airport,medium,16.1168,103.774002,TH,TH-45,Roi Et Province,Roi Et,,https://en.wikipedia.org/wiki/Roi_Et_Airport
URT,VTSB,Surat Thani Airport,medium,9.1326,99.135597,TH,TH-84,Surat Thani Province,Surat Thani,,https://en.wikipedia.org/wiki/Surat_Thani_Airport
PXR,VTUJ,Surin Airport,medium,14.8683,103.498001,TH,TH-32,Surin Province,Surin,,https://en.wikipedia.org/wiki/Surin_Airport
TST,VTST,Trang Airport,medium,7.50874,99.6166,TH,TH-92,Trang Province,Trang,,https://en.wikipedia.org/wiki/Trang_Airport
UBP,VTUU,Ubon Ratchathani Airport,medium,15.2513,104.870003,TH,TH-34,Ubon Ratchathani Province,Ubon Ratchathani,,https://en.wikipedia.org/wiki/Ubon_Ratchathani_Airport
UTH,VTUD,Udon Thani International Airport,large,17.386186,102.788577,TH,TH-41,Udon Thani Province,Udon Thani,http://www.udonthaniairport.com/,https://en.wikipedia.org/wiki/Udon_Thani_International_Airport
KQT,UTDT,Bokhtar International Airport,large,37.866315,68.864475,TJ,TJ-KT,Khatlon Region,Bokhtar,,https://en.wikipedia.org/wiki/Bokhtar_International_Airport
DYU,UTDD,Dushanbe International Airport,large,38.543746,68.822977,TJ,TJ-DU,Dushanbe,Dushanbe,https://airport.tj/index.php/en,https://en.wikipedia.org/wiki/Dushanbe_International_Airport
LBD,UTDL,Khujand International Airport,large,40.215401,69.694702,TJ,TJ-SU,Sughd Region,Khujand,,https://en.wikipedia.org/wiki/Khudzhand_Airport
TJU,UTDK,Kulob International Airport,large,37.988098,69.805,TJ,TJ-KT,Khatlon Region,Kulob,https://airport-kulob.tj/en,https://en.wikipedia.org/wiki/Kulob_International_Airport
BCH,WPEC,Baucau Airport,medium,-8.486479,126.399981,TL,TL-BA,Baucau,Baucau,,https://en.wikipedia.org/wiki/Cakung_Airport
DIL,WPDL,Presidente Nicolau Lobato International Airport,large,-8.546562,125.524507,TL,TL-DI,Dili,Dili,,https://en.wikipedia.org/wiki/Presidente_Nicolau_Lobato_International_Airport
OEC,WPOC,Oecusse Route of the Sandalwood International Airport,large,-9.198419,124.337873,TL,TL-OE,Oecussi,Oecussi-Ambeno,,https://en.wikipedia.org/wiki/Oecussi_Airport
UAI,WPDB,"Commander in Chief of FALINTIL, Kay Rala Xanana Gusmão, International Airport",medium,-9.301856,125.286302,TL,TL-CO,Cova Lima,Suai,,https://en.wikipedia.org/wiki/Suai_Airport
ASB,UTAA,Ashgabat International Airport,large,37.986801,58.361,TM,TM-S,Ashgabat (city),Ashgabat,,https://en.wikipedia.org/wiki/Ashgabat_International_Airport
BKN,UTAN,Balkanabat International Airport,medium,39.681052,54.206008,TM,TM-B,Balkan Region,Balkanabat,https://jebairport.gov.tm/,https://en.wikipedia.org/wiki/Balkanabat_International_Airport
TAZ,UTAT,Dashoguz International Airport,large,41.759853,59.836149,TM,TM-D,Daşoguz Region,Daşoguz,https://dashoguzairport.gov.tm/,https://en.wikipedia.org/wiki/Da%C5%9Foguz_Airport
MYP,UTAM,Mary International Airport,medium,37.62353,61.895668,TM,TM-M,Mary Region,Mary,https://www.maryairport.gov.tm/,https://en.wikipedia.org/wiki/Mary_International_Airport
KRW,UTAK,Turkmenbaşy International Airport,medium,40.062833,53.005085,TM,TM-B,Balkan Region,Turkmenbaşy,https://turkmenbashiairport.gov.tm/,https://en.wikipedia.org/wiki/Turkmenbashi_International_Airport
CRZ,UTAV,Türkmenabat International Airport,large,38.930662,63.563982,TM,TM-L,Lebap Region,Türkmenabat,,https://en.wikipedia.org/wiki/Turkmenabat_International_Airport
NBE,DTNH,Enfidha - Hammamet International Airport,medium,36.075833,10.438611,TN,TN-51,Sousse Governorate,Enfidha,http://www.enfidhahammametairport.com/,https://en.wikipedia.org/wiki/Enfidha%E2%80%93Hammamet_International_Airport
DJE,DTTJ,Djerba Zarzis International Airport,large,33.873719,10.7773,TN,TN-82,Medenine Governorate,Mellita,http://www.aeroport-de-djerba-zarzis.com/,https://en.wikipedia.org/wiki/Djerba-Zarzis_Airport
MIR,DTMB,Monastir Habib Bourguiba International Airport,medium,35.758099,10.7547,TN,TN-52,Monastir Governorate,Monastir,,https://en.wikipedia.org/wiki/Habib_Bourguiba_International_Airport
SFA,DTTX,Sfax Thyna International Airport,medium,34.717999,10.691,TN,TN-61,Sfax Governorate,Sfax,,https://en.wikipedia.org/wiki/Thyna_Airport
TBJ,DTKA,Tabarka-Aïn Draham International Airport,medium,36.98,8.87694,TN,TN-32,Jendouba Governorate,Tabarka,,https://en.wikipedia.org/wiki/Tabarka%E2%80%93A%C3%AFn_Draham_International_Airport
TOE,DTTZ,Tozeur Nefta International Airport,medium,33.939701,8.11056,TN,TN-72,Tozeur Governorate,Tozeur,,https://en.wikipedia.org/wiki/Nefta_Airport
TUN,DTTA,Tunis Carthage International Airport,large,36.851002,10.2272,TN,TN-11,Tunis Governorate,Tunis,http://www.oaca.nat.tn/english/div_horizontal_tunis_airport_eng.htm,https://en.wikipedia.org/wiki/Tunis-Carthage_International_Airport
HPA,NFTL,Lifuka Island Airport,medium,-19.777,-174.341003,TO,TO-02,Ha'apai,Lifuka,,https://en.wikipedia.org/wiki/Lifuka_Island_Airport
TBU,NFTF,Fua'amotu International Airport,large,-21.241438,-175.149164,TO,TO-04,Tongatapu,Nuku'alofa,,https://en.wikipedia.org/wiki/Fua'amotu_International_Airport
VAV,NFTV,Vava'u International Airport,large,-18.5853,-173.962006,TO,TO-05,Vava'u,Vava'u Island,,https://en.wikipedia.org/wiki/Vava'u_International_Airport
ADF,LTCP,Adıyaman Airport,medium,37.7314,38.468899,TR,TR-02,Adıyaman Province,Adıyaman,,https://en.wikipedia.org/wiki/Ad%C4%B1yaman_Airport
KZR,LTBZ,Zafer Airport,medium,39.111107,30.130405,TR,TR-43,Kütahya Province,Altıntaş,,https://en.wikipedia.org/wiki/Zafer_Airport
MZH,LTAP,Amasya Merzifon Airport,medium,40.829399,35.521999,TR,TR-05,Amasya Province,Amasya,http://www.merzifon.dhmi.gov.tr/havaalanlari/default.aspx?hv=15,https://en.wikipedia.org/wiki/Merzifon_Airport
ESB,LTAC,Esenboğa International Airport,large,40.128101,32.995098,TR,TR-06,Ankara Province,Ankara,https://esenbogaairport.com/,https://en.wikipedia.org/wiki/Esenbo%C4%9Fa_International_Airport
HTY,LTDA,Hatay Airport,medium,36.36079,36.285589,TR,TR-31,Hatay Province,Antakya,,https://en.wikipedia.org/wiki/Hatay_Airport
AYT,LTAI,Antalya International Airport,large,36.898701,30.800501,TR,TR-07,Antalya Province,Antalya,http://www.antalya.dhmi.gov.tr/havaalanlari/default.aspx?hv=4,https://en.wikipedia.org/wiki/Antalya_Airport
AJI,LTCO,Ağrı Airport,medium,39.655642,43.025742,TR,TR-04,Ağrı Province,Ağrı,,https://en.wikipedia.org/wiki/A%C4%9Fr%C4%B1_Airport
BZI,LTBF,Balıkesir Airport,medium,39.619301,27.926001,TR,TR-10,Balıkesir Province,Balıkesir,,https://en.wikipedia.org/wiki/Bal%C4%B1kesir_Airport
BAL,LTCJ,Batman Airport,medium,37.929001,41.1166,TR,TR-72,Batman Province,Batman,https://www.dhmi.gov.tr/Sayfalar/Havalimani/Batman/AnaSayfa.aspx,https://en.wikipedia.org/wiki/Batman_Airport
BGG,LTCU,Bingöl Airport,medium,38.860131,40.594489,TR,TR-12,Bingöl Province,Bingöl,,https://en.wikipedia.org/wiki/Bing%C3%B6l_Airport
BJV,LTFE,Milas Bodrum International Airport,large,37.249314,27.66401,TR,TR-48,Muğla Province,Bodrum,,https://en.wikipedia.org/wiki/Milas-Bodrum_Airport
DLM,LTBS,Dalaman International Airport,large,36.7131,28.7925,TR,TR-48,Muğla Province,Dalaman,https://www.dalamanairport.aero/,https://en.wikipedia.org/wiki/Dalaman_Airport
DNZ,LTAY,Çardak Airport,medium,37.785599,29.7013,TR,TR-20,Denizli Province,Denizli,,https://en.wikipedia.org/wiki/%C3%87ardak_Airport
DIY,LTCC,Diyarbakır Airport,medium,37.893902,40.201,TR,TR-21,Diyarbakır Province,Diyarbakır,,https://en.wikipedia.org/wiki/Diyarbak%C4%B1r_Airport
EDO,LTFD,Balıkesir Koca Seyit Airport,large,39.552533,27.010192,TR,TR-10,Balıkesir Province,Edremit,,https://en.wikipedia.org/wiki/Bal%C4%B1kesir_Koca_Seyit_Airport
EZS,LTCA,Elazığ Airport,medium,38.597974,39.28348,TR,TR-23,Elazığ Province,Elazığ,,https://en.wikipedia.org/wiki/Elaz%C4%B1%C4%9F_Airport
ERC,LTCD,Erzincan Airport,medium,39.710201,39.527,TR,TR-24,Erzincan Province,Erzincan,,https://en.wikipedia.org/wiki/Erzincan_Airport
ERZ,LTCE,Erzurum International Airport,medium,39.956501,41.1702,TR,TR-25,Erzurum Province,Erzurum,,https://en.wikipedia.org/wiki/Erzurum_Airport
AOE,LTBY,Hasan Polatkan Airport,large,39.811644,30.519268,TR,TR-26,Eskişehir Province,Eskişehir,https://hph.eskisehir.edu.tr/tr/,https://en.wikipedia.org/wiki/Anadolu_Airport
GZT,LTAJ,Gaziantep Oğuzeli International Airport,large,36.947201,37.478699,TR,TR-27,Gaziantep Province,Gaziantep,,https://en.wikipedia.org/wiki/O%C4%9Fuzeli_Airport
ADB,LTBJ,Adnan Menderes International Airport,large,38.2924,27.157,TR,TR-35,İzmir Province,Gaziemir,http://www.adnanmenderesairport.com,https://en.wikipedia.org/wiki/Adnan_Menderes_Airport
GZP,LTFG,Gazipaşa-Alanya Airport,medium,36.298832,32.297017,TR,TR-07,Antalya Province,Gazipaşa,http://www.gzpairport.com/,https://en.wikipedia.org/wiki/Gazipa%C5%9Fa_Airport
YKO,LTCW,Hakkari Yüksekova Airport,medium,37.5497,44.2381,TR,TR-30,Hakkâri Province,Hakkari,,https://en.wikipedia.org/wiki/Hakkari_Y%C3%BCksekova_Airport
ISE,LTFC,Süleyman Demirel International Airport,medium,37.8554,30.368401,TR,TR-32,Isparta Province,Isparta,http://www.dhmi.gov.tr/dosyalar/limanvemeydanlar/sdemirel/sdemirel.asp,https://en.wikipedia.org/wiki/S%C3%BCleyman_Demirel_Airport
IST,LTFM,İstanbul Airport,large,41.274874,28.732136,TR,TR-34,İstanbul Province,Istanbul,https://www.istairport.com/,https://en.wikipedia.org/wiki/Istanbul_Airport
IGD,LTCT,Iğdır Airport,medium,39.976627,43.876648,TR,TR-76,Iğdır Province,Iğdır,http://igdır.dhmi.gov.tr/,https://en.wikipedia.org/wiki/Iğdır_Airport
KCM,LTCN,Kahramanmaraş Airport,medium,37.538826,36.953522,TR,TR-46,Kahramanmaraş Province,Kahramanmaraş,,https://en.wikipedia.org/wiki/Kahramanmara%C5%9F_Airport
KSY,LTCF,Kars Airport,medium,40.562199,43.115002,TR,TR-36,Kars Province,Kars,,https://en.wikipedia.org/wiki/Kars_Airport
KFS,LTAL,Kastamonu Airport,medium,41.314201,33.795799,TR,TR-37,Kastamonu Province,Kastamonu,https://www.dhmi.gov.tr/Sayfalar/Havalimani/Kastamonu/AnaSayfa.aspx,https://en.wikipedia.org/wiki/Kastamonu_Airport
ASR,LTAU,Kayseri Erkilet International Airport,large,38.770401,35.495399,TR,TR-38,Kayseri Province,Kayseri,http://www.dhmi.gov.tr/Sayfalar/Havalimani/Kayseri/AnaSayfa.aspx,https://en.wikipedia.org/wiki/Erkilet_Airport
KYA,LTAN,Konya Airport,large,37.979,32.561901,TR,TR-42,Konya Province,Konya,http://www.konya.dhmi.gov.tr/havaalanlari/default.aspx?hv=28,https://en.wikipedia.org/wiki/Konya_Airport
MLX,LTAT,Malatya Erhaç Airport,medium,38.435299,38.091,TR,TR-44,Malatya Province,Malatya,,https://en.wikipedia.org/wiki/Erha%C3%A7_Airport
MQM,LTCR,Mardin Airport,medium,37.223301,40.631699,TR,TR-47,Mardin Province,Mardin,,https://en.wikipedia.org/wiki/Mardin_Airport
MSR,LTCK,Muş Airport,medium,38.747799,41.661201,TR,TR-49,Muş Province,Muş,,https://en.wikipedia.org/wiki/Mu%C5%9F_Airport
NAV,LTAZ,Nevşehir Kapadokya Airport,large,38.7719,34.5345,TR,TR-50,Nevşehir Province,Nevşehir,https://www.dhmi.gov.tr/Sayfalar/Havalimani/Kapadokya/AnaSayfa.aspx,https://en.wikipedia.org/wiki/Nev%C5%9Fehir_Kapadokya_Airport
OGU,LTCB,Ordu–Giresun Airport,medium,40.966872,38.085995,TR,TR-52,Ordu Province,Ordu,http://www.dhmi.gov.tr/havaalanlari.aspx?hv=54,https://en.wikipedia.org/wiki/Ordu%E2%80%93Giresun_Airport
SAW,LTFJ,Istanbul Sabiha Gökçen International Airport,large,40.898602,29.3092,TR,TR-34,İstanbul Province,"Pendik, Istanbul",http://www.sgairport.com/,https://en.wikipedia.org/wiki/Istanbul_Sabiha_G%C3%B6k%C3%A7en_International_Airport
RZV,LTFO,Rize–Artvin Airport,medium,41.179766,40.848802,TR,TR-53,Rize Province,Rize,,https://en.wikipedia.org/wiki/Rize–Artvin_Airport
SZF,LTFH,Samsun-Çarşamba Airport,medium,41.253988,36.567546,TR,TR-55,Samsun Province,Samsun,http://www.carsamba.dhmi.gov.tr/havaalanlari/default.aspx?hv=32,https://en.wikipedia.org/wiki/%C3%87ar%C5%9Famba_Airport
NOP,LTCM,Sinop Airport,medium,42.018313,35.071774,TR,TR-57,Sinop Province,Sinop,,https://en.wikipedia.org/wiki/Sinop_Airport
VAS,LTAR,Sivas Nuri Demirağ Airport,medium,39.813801,36.9035,TR,TR-58,Sivas Province,Sivas,http://www.sivas.dhmi.gov.tr/havaalanlari/default.aspx?hv=35,https://en.wikipedia.org/wiki/Sivas_Airport
COV,LTDB,Çukurova International Airport,large,36.891478,35.071235,TR,TR-33,Mersin Province,Tarsus,https://cukurovaairport.aero/,https://en.wikipedia.org/wiki/%C3%87ukurova_International_Airport
TJK,LTAW,Tokat Airport,medium,40.32472,36.39056,TR,TR-60,Tokat Province,Tokat,,https://en.wikipedia.org/wiki/Tokat_Airport
TZX,LTCG,Trabzon International Airport,medium,40.995098,39.7897,TR,TR-61,Trabzon Province,Trabzon,,https://en.wikipedia.org/wiki/Trabzon_Airport
VAN,LTCI,Van Ferit Melen Airport,medium,38.468201,43.332298,TR,TR-65,Van Province,Van,,https://en.wikipedia.org/wiki/Ferit_Melen_Airport
YEI,LTBR,Bursa Yenişehir Airport,medium,40.255199,29.562599,TR,TR-16,Bursa Province,Yenişehir,,https://en.wikipedia.org/wiki/Yeni%C5%9Fehir_Airport
ONQ,LTAS,Zonguldak Çaycuma Airport,medium,41.506401,32.0886,TR,TR-67,Zonguldak Province,Zonguldak,,https://en.wikipedia.org/wiki/Zonguldak_Airport
CKZ,LTBH,Çanakkale Airport,medium,40.137699,26.4268,TR,TR-17,Çanakkale Province,Çanakkale,,https://en.wikipedia.org/wiki/%C3%87anakkale_Airport
TEQ,LTBU,Tekirdağ Çorlu Airport,medium,41.138199,27.9191,TR,TR-59,Tekirdağ Province,Çorlu,,https://en.wikipedia.org/wiki/Tekirda%C4%9F_%C3%87orlu_Airport
GNY,LTCS,Şanlıurfa GAP Airport,large,37.445663,38.895592,TR,TR-63,Şanlıurfa Province,Şanlıurfa,http://gap.dhmi.gov.tr/havaalanlari/home.aspx?hv=36,https://en.wikipedia.org/wiki/Şanlıurfa_GAP_Airport
NKT,LTCV,Şırnak Şerafettin Elçi Airport,medium,37.3647,42.0582,TR,TR-73,Şırnak Province,Şırnak,,https://en.wikipedia.org/wiki/%C5%9E%C4%B1rnak_Airport
POS,TTPP,Piarco International Airport,large,10.59535,-61.337568,TT,TT-TUP,Tunapuna-Piarco,Port of Spain,https://tntairports.com/piarco-international-airport/,https://en.wikipedia.org/wiki/Piarco_International_Airport
TAB,TTCP,A.N.R. Robinson International Airport,large,11.149571,-60.831298,TT,TT-TOB,Tobago,Scarborough,https://tntairports.com/anr-robinson-international-airport/#,https://en.wikipedia.org/wiki/A.N.R._Robinson_International_Airport
FUN,NGFU,Funafuti International Airport,medium,-8.523885,179.196976,TV,TV-FUN,Funafuti,Funafuti,,https://en.wikipedia.org/wiki/Funafuti_International_Airport
HUN,RCYU,Hualien Chiashan Airport,large,24.023163,121.617991,TW,TW-HUA,Hualien County,Hualien City,http://www.hulairport.gov.tw/,https://en.wikipedia.org/wiki/Hualien_Airport
MZG,RCQC,Penghu Magong Airport,large,23.568701,119.627998,TW,TW-PEN,Penghu County,Huxi,http://www.mkport.gov.tw/english/,https://en.wikipedia.org/wiki/Penghu_Airport
KHH,RCKH,Kaohsiung International Airport,large,22.577101,120.349998,TW,TW-KHH,Kaohsiung City,Kaohsiung (Xiaogang),http://www.kia.gov.tw/english/e_index.asp,https://en.wikipedia.org/wiki/Kaohsiung_International_Airport
MFK,RCMT,Matsu Beigan Airport,medium,26.22414,120.002679,TW,TW-LIE,Lienchiang County,Matsu (Beigan),http://www.tsa.gov.tw/tsaMFK/en/page.aspx?id=1174,https://en.wikipedia.org/wiki/Matsu_Beigan_Airport
LZN,RCFG,Matsu Nangan Airport,medium,26.159656,119.958376,TW,TW-LIE,Lienchiang County,Matsu (Nangan),http://www.tsa.gov.tw/tsaLZN/zh/home.aspx,https://en.wikipedia.org/wiki/Matsu_Nangan_Airport
KYD,RCLY,Lanyu Airport,medium,22.027,121.535004,TW,TW-TTT,Taitung County,Orchid Island,,https://en.wikipedia.org/wiki/Lanyu_Airport
KNH,RCBS,Kinmen Airport,medium,24.4279,118.359001,TW,TW-X-KM,Kinmen County,Shang-I,http://www.kma.gov.tw/,https://en.wikipedia.org/wiki/Kinmen_Airport
CYI,RCKU,Chiayi Airport,medium,23.462577,120.390544,TW,TW-CYQ,Chiayi County,Shuishang,http://www.cya.gov.tw/web/english/index.asp,https://en.wikipedia.org/wiki/Chiayi_Airport
RMQ,RCMQ,Taichung International Airport / Ching Chuang Kang Air Base,large,24.2647,120.621002,TW,TW-TXG,Taichung City,Taichung (Qingshui),http://www.tca.gov.tw/English/Introduction.htm,https://en.wikipedia.org/wiki/Taichung_Airport
TNN,RCNN,Tainan International Airport / Tainan Air Base,large,22.950399,120.206001,TW,TW-TNN,Tainan City,Tainan (Rende),http://www.tna.gov.tw/,https://en.wikipedia.org/wiki/Tainan_Airport
TSA,RCSS,Taipei Songshan International Airport,large,25.067244,121.552822,TW,TW-TPE,Taipei City,Taipei (Songshan),http://www.tsa.gov.tw/,https://en.wikipedia.org/wiki/Taipei_Songshan_Airport
TTT,RCFN,Taitung Airport,medium,22.754856,121.101794,TW,TW-TTT,Taitung County,Taitung City,,https://en.wikipedia.org/wiki/Taitung_Airport
TPE,RCTP,Taiwan Taoyuan International Airport,large,25.0777,121.233002,TW,TW-TAO,Taoyuan City,Taoyuan,http://www.taoyuan-airport.com/,https://zh.wikipedia.org/wiki/%E8%87%BA%E7%81%A3%E6%A1%83%E5%9C%92%E5%9C%8B%E9%9A%9B%E6%A9%9F%E5%A0%B4
ARK,HTAR,Arusha Airport,medium,-3.36779,36.633301,TZ,TZ-01,Arusha Region,Arusha,,https://en.wikipedia.org/wiki/Arusha_Airport
JRO,HTKJ,Kilimanjaro International Airport,large,-3.427049,37.07353,TZ,TZ-01,Arusha Region,Arusha,http://www.kilimanjaroairport.co.tz/,https://en.wikipedia.org/wiki/Kilimanjaro_International_Airport
DAR,HTDA,Julius Nyerere International Airport,large,-6.873499,39.207288,TZ,TZ-02,Dar-es-Salaam Region,Dar es Salaam,https://www.taa.go.tz/services/jnia,https://en.wikipedia.org/wiki/Julius_Nyerere_International_Airport
DOD,HTDO,Dodoma Airport,medium,-6.170559,35.756036,TZ,TZ-03,Dodoma Region,Dodoma,,https://en.wikipedia.org/wiki/Dodoma_Airport
MBI,HTGW,Songwe Airport,medium,-8.919942,33.273981,TZ,TZ-14,Mbeya Region,Mbeya,,https://en.wikipedia.org/wiki/Songwe_Airport
MYW,HTMT,Mtwara Airport,medium,-10.336204,40.181997,TZ,TZ-17,Mtwara Region,Mtwara,,https://en.wikipedia.org/wiki/Mtwara_Airport
MWZ,HTMW,Mwanza International Airport,large,-2.446563,32.936049,TZ,TZ-18,Mwanza Region,Mwanza,,https://en.wikipedia.org/wiki/Mwanza_Airport
TGT,HTTG,Tanga Airport,medium,-5.09236,39.071201,TZ,TZ-25,Tanga Region,Tanga,,https://en.wikipedia.org/wiki/Tanga_Airport
ZNZ,HTZA,Abeid Amani Karume International Airport,large,-6.22202,39.224899,TZ,TZ-07,Kaskazini Unguja Region,Zanzibar,,https://en.wikipedia.org/wiki/Abeid_Amani_Karume_International_Airport
RUA,HUAR,Arua Airport,medium,3.049152,30.911714,UG,UG-N,Northern Region,Arua,,https://en.wikipedia.org/wiki/Arua_Airport
EBB,HUEN,Entebbe International Airport,large,0.042386,32.443501,UG,UG-C,Central Region,Entebbe,https://caa.go.ug/entebbe-international-airport/,https://en.wikipedia.org/wiki/Entebbe_International_Airport
ULU,HUGU,Gulu Airport,medium,2.80556,32.271801,UG,UG-N,Northern Region,Gulu,,https://en.wikipedia.org/wiki/Gulu_Airport
KHX,,Savannah Airstrip,medium,-0.7165,29.6997,UG,UG-W,Western Region,Kihihi,,https://en.wikipedia.org/wiki/Savannah_Airstrip
SRT,HUSO,Soroti Airport,medium,1.72769,33.622799,UG,UG-E,Eastern Region,Soroti,,https://en.wikipedia.org/wiki/Soroti_Airport
AWK,PWAK,Wake Island Airfield,medium,19.282437,166.636637,UM,UM-79,Wake Island,Wake Island,,https://en.wikipedia.org/wiki/Wake_Island_Airfield
ABR,KABR,Aberdeen Regional Airport,medium,45.4491,-98.421799,US,US-SD,South Dakota,Aberdeen,,https://en.wikipedia.org/wiki/Aberdeen_Regional_Airport
ABI,KABI,Abilene Regional Airport,medium,32.411301,-99.6819,US,US-TX,Texas,Abilene,,https://en.wikipedia.org/wiki/Abilene_Regional_Airport
ADK,PADK,Adak Airport,medium,51.883564,-176.642783,US,US-AK,Alaska,Adak,,https://en.wikipedia.org/wiki/Adak_Airport
CAK,KCAK,Akron Canton Regional Airport,medium,40.9161,-81.4422,US,US-OH,Ohio,Akron,,https://en.wikipedia.org/wiki/Akron-Canton_Regional_Airport
ALS,KALS,San Luis Valley Regional Airport/Bergman Field,medium,37.434898,-105.866997,US,US-CO,Colorado,Alamosa,https://www.sanluisvalleyairport.org/,https://en.wikipedia.org/wiki/San_Luis_Valley_Regional_Airport
ALB,KALB,Albany International Airport,large,42.748299,-73.801697,US,US-NY,New York,Albany,http://www.albanyairport.com/,https://en.wikipedia.org/wiki/Albany_International_Airport
ABY,KABY,Southwest Georgia Regional Airport,medium,31.532946,-84.196215,US,US-GA,Georgia,Albany,,https://en.wikipedia.org/wiki/Southwest_Georgia_Regional_Airport
ABQ,KABQ,Albuquerque International Sunport,large,35.039976,-106.608925,US,US-NM,New Mexico,Albuquerque,http://www.abqsunport.com/,https://en.wikipedia.org/wiki/Albuquerque_International_Sunport
WKK,,Aleknagik / New Airport,medium,59.2826,-158.617996,US,US-AK,Alaska,Aleknagik,,https://en.wikipedia.org/wiki/Aleknagik_Airport
AEX,KAEX,Alexandria International Airport,medium,31.325828,-92.546702,US,US-LA,Louisiana,Alexandria,https://www.alexandria-louisiana.com/alexandria-international-airport.htm,https://en.wikipedia.org/wiki/Alexandria_International_Airport_(Louisiana)
ABE,KABE,Lehigh Valley International Airport,medium,40.651773,-75.442797,US,US-PA,Pennsylvania,Allentown/Bethlehem,https://flyabe.com,https://en.wikipedia.org/wiki/Lehigh_Valley_International_Airport
AIA,KAIA,Alliance Municipal Airport,medium,42.052543,-102.803965,US,US-NE,Nebraska,Alliance,,https://en.wikipedia.org/wiki/Alliance_Municipal_Airport
APN,KAPN,Alpena County Regional Airport,medium,45.078098,-83.560303,US,US-MI,Michigan,Alpena,,https://en.wikipedia.org/wiki/Alpena_County_Regional_Airport
AOO,KAOO,Altoona Blair County Airport,medium,40.296398,-78.32,US,US-PA,Pennsylvania,Altoona,,https://en.wikipedia.org/wiki/Altoona-Blair_County_Airport
AMA,KAMA,Rick Husband Amarillo International Airport,medium,35.217857,-101.706444,US,US-TX,Texas,Amarillo,http://airport.amarillo.gov/,https://en.wikipedia.org/wiki/Rick_Husband_Amarillo_International_Airport
ABL,PAFM,Ambler Airport,medium,67.105529,-157.855339,US,US-AK,Alaska,Ambler,,https://en.wikipedia.org/wiki/Ambler_Airport
AKP,PAKP,Anaktuvuk Pass Airport,medium,68.133598,-151.742996,US,US-AK,Alaska,Anaktuvuk Pass,,https://en.wikipedia.org/wiki/Anaktuvuk_Pass_Airport
MRI,PAMR,Merrill Field,medium,61.212792,-149.843988,US,US-AK,Alaska,Anchorage,,https://en.wikipedia.org/wiki/Merrill_Field
ANC,PANC,Ted Stevens Anchorage International Airport,large,61.179004,-149.992561,US,US-AK,Alaska,Anchorage,https://dot.alaska.gov/anc/,https://en.wikipedia.org/wiki/Ted_Stevens_Anchorage_International_Airport
ANI,PANI,Aniak Airport,medium,61.5816,-159.542999,US,US-AK,Alaska,Aniak,,https://en.wikipedia.org/wiki/Aniak_Airport
ANV,PANV,Anvik Airport,medium,62.646702,-160.190994,US,US-AK,Alaska,Anvik,,https://en.wikipedia.org/wiki/Anvik_Airport
ATW,KATW,Appleton International Airport,medium,44.258515,-88.519,US,US-WI,Wisconsin,Appleton,http://atwairport.com/,https://en.wikipedia.org/wiki/Outagamie_County_Regional_Airport
ACV,KACV,California Redwood Coast-Humboldt County Airport,medium,40.978101,-124.109,US,US-CA,California,Arcata/Eureka,https://flyacv.com,https://en.wikipedia.org/wiki/Arcata-Eureka_Airport
ARC,PARC,Arctic Village Airport,medium,68.1147,-145.578995,US,US-AK,Alaska,Arctic Village,,https://en.wikipedia.org/wiki/Arctic_Village_Airport
AVL,KAVL,Asheville Regional Airport,medium,35.435488,-82.541853,US,US-NC,North Carolina,Asheville,https://flyavl.com,https://en.wikipedia.org/wiki/Asheville_Regional_Airport
ASE,KASE,Aspen-Pitkin County Airport (Sardy Field),medium,39.223202,-106.869003,US,US-CO,Colorado,Aspen,http://aspenairport.com/,https://en.wikipedia.org/wiki/Aspen%E2%80%93Pitkin_County_Airport
PDK,KPDK,DeKalb Peachtree Airport,medium,33.87633,-84.30213,US,US-GA,Georgia,Atlanta,https://dekalbcountyga.gov/departments/airport,https://en.wikipedia.org/wiki/DeKalb-Peachtree_Airport
ATL,KATL,Hartsfield Jackson Atlanta International Airport,large,33.6367,-84.428101,US,US-GA,Georgia,Atlanta,https://www.atl.com,https://en.wikipedia.org/wiki/Hartsfield–Jackson_Atlanta_International_Airport
ACY,KACY,Atlantic City International Airport,medium,39.456201,-74.577511,US,US-NJ,New Jersey,Atlantic City,https://acairport.com,https://en.wikipedia.org/wiki/Atlantic_City_International_Airport
ATK,PATQ,Atqasuk Edward Burnell Sr Memorial Airport,medium,70.46704,-157.436013,US,US-AK,Alaska,Atqasuk,,https://en.wikipedia.org/wiki/Atqasuk_Edward_Burnell_Sr._Memorial_Airport
AGS,KAGS,Augusta Regional At Bush Field,medium,33.3699,-81.9645,US,US-GA,Georgia,Augusta,,https://en.wikipedia.org/wiki/Augusta_Regional_Airport
AUG,KAUG,Augusta State Airport,medium,44.320599,-69.797302,US,US-ME,Maine,Augusta,,https://en.wikipedia.org/wiki/Augusta_State_Airport
AUS,KAUS,Austin Bergstrom International Airport,large,30.197535,-97.662015,US,US-TX,Texas,Austin,http://www.ci.austin.tx.us/austinairport/,https://en.wikipedia.org/wiki/Austin-Bergstrom_International_Airport
BFL,KBFL,Meadows Field,medium,35.433601,-119.056999,US,US-CA,California,Bakersfield,,https://en.wikipedia.org/wiki/Meadows_Field_Airport
BWI,KBWI,Baltimore/Washington International Thurgood Marshall Airport,large,39.1754,-76.668297,US,US-MD,Maryland,Baltimore,https://www.bwiairport.com/,https://en.wikipedia.org/wiki/Baltimore/Washington_International_Airport
BGR,KBGR,Bangor International Airport,medium,44.806364,-68.826668,US,US-ME,Maine,Bangor,https://flybangor.com,https://en.wikipedia.org/wiki/Bangor_International_Airport
BHB,KBHB,Hancock County-Bar Harbor Airport,medium,44.450001,-68.361504,US,US-ME,Maine,Bar Harbor,,https://en.wikipedia.org/wiki/Hancock_County-Bar_Harbor_Airport
BTI,PABA,Barter Island Long Range Radar Station Airport,medium,70.134003,-143.582001,US,US-AK,Alaska,Barter Island,,https://en.wikipedia.org/wiki/Barter_Island_LRRS_Airport
BTR,KBTR,Baton Rouge Metropolitan Airport,medium,30.533199,-91.149597,US,US-LA,Louisiana,Baton Rouge,,https://en.wikipedia.org/wiki/Baton_Rouge_Metropolitan_Airport
BPT,KBPT,Jack Brooks Regional Airport,medium,29.9508,-94.020699,US,US-TX,Texas,Beaumont/Port Arthur,https://flysetx.com/,https://en.wikipedia.org/wiki/Jack_Brooks_Regional_Airport
BKW,KBKW,Raleigh County Memorial Airport,medium,37.7873,-81.124199,US,US-WV,West Virginia,Beaver,,https://en.wikipedia.org/wiki/Beckley_Raleigh_County_Memorial_Airport
BED,KBED,Laurence G Hanscom Field,medium,42.470001,-71.289001,US,US-MA,Massachusetts,Bedford,http://www.massport.com/hansc/,https://en.wikipedia.org/wiki/Hanscom_Field
BLV,KBLV,Scott AFB/Midamerica Airport,medium,38.5452,-89.835197,US,US-IL,Illinois,Belleville,,https://en.wikipedia.org/wiki/Scott_Air_Force_Base
BLI,KBLI,Bellingham International Airport,medium,48.792801,-122.538002,US,US-WA,Washington,Bellingham,,https://en.wikipedia.org/wiki/Bellingham_International_Airport
BET,PABE,Bethel Airport,medium,60.7798,-161.837997,US,US-AK,Alaska,Bethel,,https://en.wikipedia.org/wiki/Bethel_Airport
BIL,KBIL,Billings Logan International Airport,medium,45.808932,-108.541242,US,US-MT,Montana,Billings,,https://en.wikipedia.org/wiki/Billings_Logan_International_Airport
BGM,KBGM,Greater Binghamton/Edwin A Link field,medium,42.208698,-75.979797,US,US-NY,New York,Binghamton,http://binghamtonairport.com/,https://en.wikipedia.org/wiki/Greater_Binghamton_Airport
BHM,KBHM,Birmingham-Shuttlesworth International Airport,large,33.562877,-86.750712,US,US-AL,Alabama,Birmingham,http://www.flybirmingham.com/,https://en.wikipedia.org/wiki/Birmingham_International_Airport_(US)
BIH,KBIH,Eastern Sierra Regional Airport,medium,37.3731,-118.363998,US,US-CA,California,Bishop,http://www.inyocounty.us/Airport/index.html,https://en.wikipedia.org/wiki/Eastern_Sierra_Regional_Airport
BIS,KBIS,Bismarck Municipal Airport,medium,46.772734,-100.746874,US,US-ND,North Dakota,Bismarck,https://bismarckairport.com/,https://en.wikipedia.org/wiki/Bismarck_Municipal_Airport
BMI,KBMI,Central Illinois Regional Airport at Bloomington-Normal,medium,40.4771,-88.915901,US,US-IL,Illinois,Bloomington/Normal,,https://en.wikipedia.org/wiki/Central_Illinois_Regional_Airport
TRI,KTRI,Tri-Cities Regional TN/VA Airport,medium,36.475201,-82.407401,US,US-TN,Tennessee,Blountville,,https://en.wikipedia.org/wiki/Tri-Cities_Regional_Airport
BOI,KBOI,Boise Air Terminal/Gowen Field,large,43.5644,-116.223,US,US-ID,Idaho,Boise,http://www.cityofboise.org/departments/airport/,https://en.wikipedia.org/wiki/Boise_Airport
BOS,KBOS,Boston Logan International Airport,large,42.36197,-71.0079,US,US-MA,Massachusetts,Boston,http://www.massport.com/logan/,https://en.wikipedia.org/wiki/Logan_International_Airport
BLD,KBVU,Boulder City Municipal Airport,medium,35.947161,-114.858799,US,US-NV,Nevada,Boulder City,,https://en.wikipedia.org/wiki/Boulder_City_Municipal_Airport
BZN,KBZN,Bozeman Yellowstone International Airport,medium,45.778853,-111.153711,US,US-MT,Montana,Bozeman,https://bozemanairport.com,https://en.wikipedia.org/wiki/Bozeman_Yellowstone_International_Airport
BFD,KBFD,Bradford Regional Airport,medium,41.803101,-78.640099,US,US-PA,Pennsylvania,Bradford,,https://en.wikipedia.org/wiki/Bradford_Regional_Airport
BRD,KBRD,Brainerd Lakes Regional Airport,medium,46.402861,-94.129727,US,US-MN,Minnesota,Brainerd,http://brainerdairport.com/,https://en.wikipedia.org/wiki/Brainerd_Lakes_Regional_Airport
BKG,KBBG,Branson Airport,medium,36.532082,-93.200544,US,US-MO,Missouri,Branson,http://flybranson.com/,https://en.wikipedia.org/wiki/Branson_Airport
CKB,KCKB,North Central West Virginia Airport,medium,39.2966,-80.228104,US,US-WV,West Virginia,Bridgeport,,https://en.wikipedia.org/wiki/Harrison/Marion_Regional_Airport
BRO,KBRO,Brownsville South Padre Island International Airport,medium,25.907238,-97.425235,US,US-TX,Texas,Brownsville,https://flybrownsville.com,https://en.wikipedia.org/wiki/Brownsville/South_Padre_Island_International_Airport
BQK,KBQK,Brunswick Golden Isles Airport,medium,31.258801,-81.466499,US,US-GA,Georgia,Brunswick,,https://en.wikipedia.org/wiki/Brunswick_Golden_Isles_Airport
BUF,KBUF,Buffalo Niagara International Airport,large,42.940498,-78.732201,US,US-NY,New York,Buffalo,https://www.buffaloairport.com/,https://en.wikipedia.org/wiki/Buffalo_Niagara_International_Airport
BUR,KBUR,Hollywood Burbank/Bob Hope Airport,large,34.202834,-118.35805,US,US-CA,California,Burbank,https://www.hollywoodburbankairport.com/,https://en.wikipedia.org/wiki/Hollywood_Burbank_Airport
BTV,KBTV,Patrick Leahy Burlington International Airport,medium,44.471901,-73.153297,US,US-VT,Vermont,Burlington,http://www.vermontairports.com/btv.html,https://en.wikipedia.org/wiki/Burlington_International_Airport
BRL,KBRL,Southeast Iowa Regional Airport,medium,40.783199,-91.125504,US,US-IA,Iowa,Burlington,,https://en.wikipedia.org/wiki/Southeast_Iowa_Regional_Airport
BTM,KBTM,Bert Mooney Airport,medium,45.9548,-112.497002,US,US-MT,Montana,Butte,,https://en.wikipedia.org/wiki/Bert_Mooney_Airport
CGI,KCGI,Cape Girardeau Regional Airport,medium,37.2253,-89.570801,US,US-MO,Missouri,Cape Girardeau,,https://en.wikipedia.org/wiki/Cape_Girardeau_Regional_Airport
LUR,PALU,Cape Lisburne LRRS Airport,medium,68.875099,-166.110001,US,US-AK,Alaska,Cape Lisburne,,https://en.wikipedia.org/wiki/Cape_Lisburne_LRRS_Airport
CNM,KCNM,Cavern City Air Terminal,medium,32.337502,-104.263,US,US-NM,New Mexico,Carlsbad,,https://en.wikipedia.org/wiki/Cavern_City_Air_Terminal
CLD,KCRQ,McClellan-Palomar Airport,medium,33.1283,-117.279999,US,US-CA,California,Carlsbad,,https://en.wikipedia.org/wiki/McClellan-Palomar_Airport
CPR,KCPR,Casper-Natrona County International Airport,medium,42.907381,-106.461609,US,US-WY,Wyoming,Casper,,https://en.wikipedia.org/wiki/Natrona_County_International_Airport
CDC,KCDC,Cedar City Regional Airport,medium,37.701,-113.098999,US,US-UT,Utah,Cedar City,,https://en.wikipedia.org/wiki/Cedar_City_Regional_Airport
CID,KCID,The Eastern Iowa Airport,medium,41.884701,-91.7108,US,US-IA,Iowa,Cedar Rapids,,https://en.wikipedia.org/wiki/The_Eastern_Iowa_Airport
CDR,KCDR,Chadron Municipal Airport,medium,42.837601,-103.095001,US,US-NE,Nebraska,Chadron,,https://en.wikipedia.org/wiki/Chadron_Municipal_Airport
CHS,KCHS,Charleston International Airport,large,32.896159,-80.038151,US,US-SC,South Carolina,Charleston,https://www.iflychs.com/,https://en.wikipedia.org/wiki/Charleston_International_Airport
CRW,KCRW,Yeager Airport,medium,38.3731,-81.593201,US,US-WV,West Virginia,Charleston,,https://en.wikipedia.org/wiki/Yeager_Airport
CLT,KCLT,Charlotte Douglas International Airport,large,35.214001,-80.9431,US,US-NC,North Carolina,Charlotte,http://www.charlotteairport.com/,https://en.wikipedia.org/wiki/Charlotte/Douglas_International_Airport
CHO,KCHO,Charlottesville Albemarle Airport,medium,38.138599,-78.452904,US,US-VA,Virginia,Charlottesville,,https://en.wikipedia.org/wiki/Charlottesville-Albemarle_Airport
CHA,KCHA,Chattanooga Metropolitan Airport (Lovell Field),medium,35.035301,-85.203796,US,US-TN,Tennessee,Chattanooga,https://www.flycha.com/,https://en.wikipedia.org/wiki/Chattanooga_Metropolitan_Airport
CYS,KCYS,Cheyenne Regional Jerry Olson Field,medium,41.155701,-104.811997,US,US-WY,Wyoming,Cheyenne,,https://en.wikipedia.org/wiki/Cheyenne_Regional_Airport
MDW,KMDW,Chicago Midway International Airport,large,41.785999,-87.752403,US,US-IL,Illinois,Chicago,https://www.flychicago.com/midway/home/pages/default.aspx,https://en.wikipedia.org/wiki/Midway_International_Airport
ORD,KORD,Chicago O'Hare International Airport,large,41.9786,-87.9048,US,US-IL,Illinois,Chicago,https://www.flychicago.com/ohare/home/pages/default.aspx,https://en.wikipedia.org/wiki/O'Hare_International_Airport
RFD,KRFD,Chicago Rockford International Airport,medium,42.1954,-89.097198,US,US-IL,Illinois,Chicago/Rockford,,https://en.wikipedia.org/wiki/Chicago/Rockford_International_Airport
LUK,KLUK,Cincinnati Municipal Airport Lunken Field,medium,39.102357,-84.418945,US,US-OH,Ohio,Cincinnati,,https://en.wikipedia.org/wiki/Cincinnati_Municipal_Airport
CVG,KCVG,Cincinnati Northern Kentucky International Airport,large,39.048801,-84.667801,US,US-KY,Kentucky,Cincinnati / Covington,https://www.cvgairport.com/,https://en.wikipedia.org/wiki/Cincinnati/Northern_Kentucky_International_Airport
CLE,KCLE,Cleveland Hopkins International Airport,large,41.411701,-81.8498,US,US-OH,Ohio,Cleveland,http://www.clevelandairport.com/,https://en.wikipedia.org/wiki/Cleveland_Hopkins_International_Airport
CVN,KCVN,Clovis Municipal Airport,medium,34.426594,-103.078794,US,US-NM,New Mexico,Clovis,,https://en.wikipedia.org/wiki/Clovis_Municipal_Airport
COD,KCOD,Yellowstone Regional Airport,medium,44.520199,-109.024002,US,US-WY,Wyoming,Cody,http://www.flyyra.com/,https://en.wikipedia.org/wiki/Yellowstone_Regional_Airport
CDB,PACD,Cold Bay Airport,medium,55.207871,-162.725029,US,US-AK,Alaska,Cold Bay,,https://en.wikipedia.org/wiki/Cold_Bay_Airport
CLL,KCLL,Easterwood Field,medium,30.5886,-96.3638,US,US-TX,Texas,College Station,https://flyeasterwood.com/,https://en.wikipedia.org/wiki/Easterwood_Airport
COS,KCOS,City of Colorado Springs Municipal Airport,large,38.805801,-104.700996,US,US-CO,Colorado,Colorado Springs,https://flycos.coloradosprings.gov/,https://en.wikipedia.org/wiki/Colorado_Springs_Airport
CAE,KCAE,Columbia Metropolitan Airport,medium,33.938172,-81.123022,US,US-SC,South Carolina,Columbia,https://flycae.com,https://en.wikipedia.org/wiki/Columbia_Metropolitan_Airport
COU,KCOU,Columbia Regional Airport,medium,38.8181,-92.219597,US,US-MO,Missouri,Columbia,,https://en.wikipedia.org/wiki/Columbia_Regional_Airport
CSG,KCSG,Columbus Airport,medium,32.516415,-84.939602,US,US-GA,Georgia,Columbus,https://flycolumbusga.com,https://en.wikipedia.org/wiki/Columbus_Metropolitan_Airport
CMH,KCMH,John Glenn Columbus International Airport,large,39.998001,-82.891899,US,US-OH,Ohio,Columbus,https://flycolumbus.com/,https://en.wikipedia.org/wiki/John_Glenn_Columbus_International_Airport
LCK,KLCK,Rickenbacker International Airport,medium,39.813801,-82.927803,US,US-OH,Ohio,Columbus,https://flycolumbus.com/general-aviation/lck/,https://en.wikipedia.org/wiki/Rickenbacker_International_Airport
GTR,KGTR,Golden Triangle Regional Airport,medium,33.450298,-88.5914,US,US-MS,Mississippi,Columbus/W Point/Starkville,,https://en.wikipedia.org/wiki/Golden_Triangle_Regional_Airport
CCR,KCCR,Buchanan Field,medium,37.9897,-122.056999,US,US-CA,California,Concord,,https://en.wikipedia.org/wiki/Buchanan_Field_Airport
USA,KJQF,Concord-Padgett Regional Airport,medium,35.387798,-80.709099,US,US-NC,North Carolina,Concord,http://www.concordnc.gov/Departments/Concord-Regional-Airport,https://en.wikipedia.org/wiki/Concord_Regional_Airport
CDV,PACV,Merle K (Mudhole) Smith Airport,medium,60.491798,-145.477997,US,US-AK,Alaska,Cordova,,https://en.wikipedia.org/wiki/Merle_K._(Mudhole)_Smith_Airport
CRP,KCRP,Corpus Christi International Airport,medium,27.770399,-97.501198,US,US-TX,Texas,Corpus Christi,,https://en.wikipedia.org/wiki/Corpus_Christi_International_Airport
CEZ,KCEZ,Cortez Municipal Airport,medium,37.303001,-108.627998,US,US-CO,Colorado,Cortez,http://www.cityofcortez.com/index.aspx?NID=113,https://en.wikipedia.org/wiki/Cortez_Municipal_Airport
CEC,KCEC,Jack Mc Namara Field Airport,medium,41.778929,-124.236403,US,US-CA,California,Crescent City,,https://en.wikipedia.org/wiki/Del_Norte_County_Airport
DAL,KDAL,Dallas Love Field,large,32.844776,-96.847653,US,US-TX,Texas,Dallas,http://www.dallas-lovefield.com/,https://en.wikipedia.org/wiki/Dallas_Love_Field
DFW,KDFW,Dallas Fort Worth International Airport,large,32.896801,-97.038002,US,US-TX,Texas,Dallas-Fort Worth,https://www.dfwairport.com/,https://en.wikipedia.org/wiki/Dallas/Fort_Worth_International_Airport
DAY,KDAY,James M. Cox Dayton International Airport,medium,39.902401,-84.219398,US,US-OH,Ohio,Dayton,https://flydayton.com,https://en.wikipedia.org/wiki/Dayton_International_Airport
DAB,KDAB,Daytona Beach International Airport,medium,29.18255,-81.059464,US,US-FL,Florida,Daytona Beach,,https://en.wikipedia.org/wiki/Daytona_Beach_International_Airport
SCC,PASC,Deadhorse Airport,medium,70.194702,-148.464996,US,US-AK,Alaska,Deadhorse,,https://en.wikipedia.org/wiki/Deadhorse_Airport
DEC,KDEC,Decatur Airport,medium,39.834599,-88.8657,US,US-IL,Illinois,Decatur,,https://en.wikipedia.org/wiki/Decatur_Airport
DRG,PADE,Deering Airport,medium,66.068901,-162.766914,US,US-AK,Alaska,Deering,,https://en.wikipedia.org/wiki/Deering_Airport
DEN,KDEN,Denver International Airport,large,39.860027,-104.673792,US,US-CO,Colorado,Denver,http://www.flydenver.com/,https://en.wikipedia.org/wiki/Denver_International_Airport
BJC,KBJC,Rocky Mountain Metropolitan Airport,medium,39.908798,-105.116997,US,US-CO,Colorado,Denver,,https://en.wikipedia.org/wiki/Rocky_Mountain_Metropolitan_Airport
DSM,KDSM,Des Moines International Airport,large,41.534027,-93.656719,US,US-IA,Iowa,Des Moines,,https://en.wikipedia.org/wiki/Des_Moines_International_Airport
DSI,KDTS,Destin Executive Airport,medium,30.400101,-86.471497,US,US-FL,Florida,Destin,http://www.flydts.com/,https://en.wikipedia.org/wiki/Destin-Fort_Walton_Beach_Airport
DTW,KDTW,Detroit Metropolitan Wayne County Airport,large,42.21377,-83.353786,US,US-MI,Michigan,Detroit,http://www.metroairport.com/,https://en.wikipedia.org/wiki/Detroit_Metropolitan_Airport
DVL,KDVL,Devils Lake Regional Airport,medium,48.115454,-98.908796,US,US-ND,North Dakota,Devils Lake,http://www.devilslakeairport.com/,https://en.wikipedia.org/wiki/Devils_Lake_Regional_Airport
DIK,KDIK,Dickinson Theodore Roosevelt Regional Airport,medium,46.797533,-102.801905,US,US-ND,North Dakota,Dickinson,http://dickinsonairport.com/,https://en.wikipedia.org/wiki/Dickinson_Theodore_Roosevelt_Regional_Airport
DLG,PADL,Dillingham Airport,medium,59.044701,-158.505005,US,US-AK,Alaska,Dillingham,,https://en.wikipedia.org/wiki/Dillingham_Airport
DDC,KDDC,Dodge City Regional Airport,medium,37.763401,-99.965599,US,US-KS,Kansas,Dodge City,,https://en.wikipedia.org/wiki/Dodge_City_Regional_Airport
DHN,KDHN,Dothan Regional Airport,medium,31.321301,-85.4496,US,US-AL,Alabama,Dothan,,https://en.wikipedia.org/wiki/Dothan_Regional_Airport
DOV,KDOV,Dover Civil Air Terminal/Dover Air Force Base,medium,39.129501,-75.466003,US,US-DE,Delaware,Dover,http://catatdover.com,https://en.wikipedia.org/wiki/Dover_Air_Force_Base
DUJ,KDUJ,DuBois Regional Airport,medium,41.178299,-78.898697,US,US-PA,Pennsylvania,Dubois,,https://en.wikipedia.org/wiki/DuBois_Regional_Airport
DBQ,KDBQ,Dubuque Regional Airport,medium,42.402,-90.709503,US,US-IA,Iowa,Dubuque,,https://en.wikipedia.org/wiki/Dubuque_Regional_Airport
IAD,KIAD,Washington Dulles International Airport,large,38.9445,-77.455803,US,US-VA,Virginia,Dulles,http://www.mwaa.com/dulles/,https://en.wikipedia.org/wiki/Washington_Dulles_International_Airport
DLH,KDLH,Duluth International Airport,medium,46.841873,-92.198746,US,US-MN,Minnesota,Duluth,http://www.duluthairport.com/,https://en.wikipedia.org/wiki/Duluth_International_Airport
DRO,KDRO,Durango La Plata County Airport,medium,37.151501,-107.753998,US,US-CO,Colorado,Durango,http://www.durangogov.org/airport/index.cfm,https://en.wikipedia.org/wiki/Durango-La_Plata_County_Airport
EGE,KEGE,Eagle County Regional Airport,medium,39.642601,-106.917999,US,US-CO,Colorado,Eagle,http://www.eaglecounty.us/airport/,https://en.wikipedia.org/wiki/Eagle_County_Regional_Airport
ESD,KORS,Orcas Island Airport,medium,48.708199,-122.910004,US,US-WA,Washington,Eastsound,http://www.portoforcas.com/,https://en.wikipedia.org/wiki/Orcas_Island_Airport
EAU,KEAU,Chippewa Valley Regional Airport,medium,44.865799,-91.484299,US,US-WI,Wisconsin,Eau Claire,,https://en.wikipedia.org/wiki/Chippewa_Valley_Regional_Airport
EGX,PAII,Egegik Airport,medium,58.184386,-157.374873,US,US-AK,Alaska,Egegik,,https://en.wikipedia.org/wiki/Egegik_Airport
ELD,KELD,South Arkansas Regional Airport at Goodwin Field,medium,33.221001,-92.813301,US,US-AR,Arkansas,El Dorado,,https://en.wikipedia.org/wiki/South_Arkansas_Regional_Airport_at_Goodwin_Field
ELP,KELP,El Paso International Airport,large,31.809908,-106.375607,US,US-TX,Texas,El Paso,https://elpasointernationalairport.com/,https://en.wikipedia.org/wiki/El_Paso_International_Airport
EKO,KEKO,Elko Regional Airport,medium,40.824902,-115.792,US,US-NV,Nevada,Elko,,https://en.wikipedia.org/wiki/Elko_Regional_Airport
ELM,KELM,Elmira Corning Regional Airport,medium,42.159901,-76.891602,US,US-NY,New York,Elmira/Corning,,https://en.wikipedia.org/wiki/Elmira-Corning_Regional_Airport
EMK,PAEM,Emmonak Airport,medium,62.786098,-164.490997,US,US-AK,Alaska,Emmonak,,https://en.wikipedia.org/wiki/Emmonak_Airport
ERI,KERI,Erie International Tom Ridge Field,medium,42.083127,-80.173867,US,US-PA,Pennsylvania,Erie,,https://en.wikipedia.org/wiki/Erie_International_Airport
ESC,KESC,Delta County Airport,medium,45.723199,-87.088623,US,US-MI,Michigan,Escanaba,,https://en.wikipedia.org/wiki/Delta_County_Airport
EUG,KEUG,Eugene Airport,medium,44.124599,-123.211998,US,US-OR,Oregon,Eugene,https://flyeug.com,https://en.wikipedia.org/wiki/Eugene_Airport
EVV,KEVV,Evansville Regional Airport,medium,38.036999,-87.532402,US,US-IN,Indiana,Evansville,,https://en.wikipedia.org/wiki/Evansville_Regional_Airport
PAE,KPAE,Seattle Paine Field International Airport,medium,47.9063,-122.281998,US,US-WA,Washington,Everett,https://painefield.com,https://en.wikipedia.org/wiki/Paine_Field
TTN,KTTN,Trenton Mercer Airport,medium,40.276699,-74.813499,US,US-NJ,New Jersey,Ewing Township,,https://en.wikipedia.org/wiki/Trenton-Mercer_Airport
FAI,PAFA,Fairbanks International Airport,medium,64.815102,-147.856003,US,US-AK,Alaska,Fairbanks,,https://en.wikipedia.org/wiki/Fairbanks_International_Airport
FAR,KFAR,Hector International Airport,medium,46.9207,-96.815804,US,US-ND,North Dakota,Fargo,http://www.fargoairport.com/,https://en.wikipedia.org/wiki/Hector_International_Airport
FAY,KFAY,Fayetteville Regional Airport - Grannis Field,medium,34.991199,-78.880302,US,US-NC,North Carolina,Fayetteville,,https://en.wikipedia.org/wiki/Fayetteville_Regional_Airport
XNA,KXNA,Northwest Arkansas National Airport,medium,36.281898,-94.306801,US,US-AR,Arkansas,Fayetteville/Springdale/Rogers,http://www.flyxna.com/,https://en.wikipedia.org/wiki/Northwest_Arkansas_Regional_Airport
FLG,KFLG,Flagstaff Pulliam Airport,medium,35.139757,-111.669826,US,US-AZ,Arizona,Flagstaff,,https://en.wikipedia.org/wiki/Flagstaff_Pulliam_Airport
FNT,KFNT,Bishop International Airport,medium,42.969294,-83.743355,US,US-MI,Michigan,Flint,https://bishopairport.org,https://en.wikipedia.org/wiki/Bishop_International_Airport
FLO,KFLO,Florence Regional Airport,medium,34.185398,-79.7239,US,US-SC,South Carolina,Florence,,https://en.wikipedia.org/wiki/Florence_Regional_Airport
GRK,KGRK,Killeen Regional Airport / Robert Gray Army Airfield,medium,31.0672,-97.828903,US,US-TX,Texas,Fort Cavazos,,https://en.wikipedia.org/wiki/Killeen_Regional_Airport
FOD,KFOD,Fort Dodge Regional Airport,medium,42.552624,-94.191237,US,US-IA,Iowa,Fort Dodge,,https://en.wikipedia.org/wiki/Fort_Dodge_Regional_Airport
FLL,KFLL,Fort Lauderdale Hollywood International Airport,large,26.072599,-80.152702,US,US-FL,Florida,Fort Lauderdale,http://www.broward.org/airport,https://en.wikipedia.org/wiki/Fort_Lauderdale–Hollywood_International_Airport
TBN,KTBN,Waynesville-St. Robert Regional Airport-Forney Field,medium,37.7416,-92.140701,US,US-MO,Missouri,Fort Leonard Wood,,https://en.wikipedia.org/wiki/Waynesville_Regional_Airport_at_Forney_Field
RSW,KRSW,Southwest Florida International Airport,large,26.534685,-81.752816,US,US-FL,Florida,Fort Myers,http://www.flylcpa.com/,https://en.wikipedia.org/wiki/Southwest_Florida_International_Airport
FSM,KFSM,Fort Smith Regional Airport,medium,35.336601,-94.367401,US,US-AR,Arkansas,Fort Smith,,https://en.wikipedia.org/wiki/Fort_Smith_Regional_Airport
FWA,KFWA,Fort Wayne International Airport,medium,40.978896,-85.194465,US,US-IN,Indiana,Fort Wayne,https://fwairport.com/,https://en.wikipedia.org/wiki/Fort_Wayne_International_Airport
FTW,KFTW,Fort Worth Meacham International Airport,medium,32.819919,-97.360818,US,US-TX,Texas,Fort Worth,http://meacham.com/,https://en.wikipedia.org/wiki/Fort_Worth_Meacham_International_Airport
FYU,PFYU,Fort Yukon Airport,medium,66.571651,-145.249987,US,US-AK,Alaska,Fort Yukon,,https://en.wikipedia.org/wiki/Fort_Yukon_Airport
MBS,KMBS,MBS International Airport,medium,43.533181,-84.083104,US,US-MI,Michigan,Freeland,http://www.mbsairport.org/,https://en.wikipedia.org/wiki/MBS_International_Airport
FAT,KFAT,Fresno Yosemite International Airport,large,36.775767,-119.718018,US,US-CA,California,Fresno,https://flyfresno.com/,https://en.wikipedia.org/wiki/Fresno_Yosemite_International_Airport
FRD,KFHR,Friday Harbor Airport,medium,48.523654,-123.024645,US,US-WA,Washington,Friday Harbor,http://www.portfridayharbor.org/?page_id=49,https://en.wikipedia.org/wiki/Friday_Harbor_Airport
GNV,KGNV,Gainesville Regional Airport,medium,29.6901,-82.271797,US,US-FL,Florida,Gainesville,,https://en.wikipedia.org/wiki/Gainesville_Regional_Airport
GAL,PAGA,Edward G. Pitka Sr Airport,medium,64.736198,-156.936997,US,US-AK,Alaska,Galena,,https://en.wikipedia.org/wiki/Edward_G._Pitka_Sr._Airport
GUP,KGUP,Gallup Municipal Airport,medium,35.511653,-108.788166,US,US-NM,New Mexico,Gallup,,https://en.wikipedia.org/wiki/Gallup_Municipal_Airport
GAM,PAGM,Gambell Airport,medium,63.767694,-171.733303,US,US-AK,Alaska,Gambell,,https://en.wikipedia.org/wiki/Gambell_Airport
GCK,KGCK,Garden City Regional Airport,medium,37.927502,-100.723999,US,US-KS,Kansas,Garden City,,https://en.wikipedia.org/wiki/Garden_City_Regional_Airport
GYY,KGYY,Gary/Chicago International Airport,medium,41.617087,-87.413206,US,US-IN,Indiana,Gary,https://www.flygyy.com/,https://en.wikipedia.org/wiki/Gary/Chicago_International_Airport
GCC,KGCC,Northeast Wyoming Regional Airport,medium,44.3489,-105.539001,US,US-WY,Wyoming,Gillette,http://www.iflygillette.com/,https://en.wikipedia.org/wiki/Gillette%E2%80%93Campbell_County_Airport
GGW,KGGW,Glasgow Valley County Airport Wokal Field,medium,48.212502,-106.614998,US,US-MT,Montana,Glasgow,http://www.glasgowmtairport.com/,https://en.wikipedia.org/wiki/Glasgow_Airport_(US)
GDV,KGDV,Dawson Community Airport,medium,47.137658,-104.80691,US,US-MT,Montana,Glendive,,https://en.wikipedia.org/wiki/Dawson_Community_Airport
GCN,KGCN,Grand Canyon National Park Airport,medium,35.9524,-112.147003,US,US-AZ,Arizona,Grand Canyon - Tusayan,http://www.azdot.gov/aviation/airports/airports_list.asp?FAA=GCN,https://en.wikipedia.org/wiki/Grand_Canyon_National_Park_Airport
GFK,KGFK,Grand Forks International Airport,medium,47.949299,-97.176102,US,US-ND,North Dakota,Grand Forks,http://www.gfkairport.com/,https://en.wikipedia.org/wiki/Grand_Forks_International_Airport
GRI,KGRI,Central Nebraska Regional Airport,medium,40.967499,-98.309601,US,US-NE,Nebraska,Grand Island,,https://en.wikipedia.org/wiki/Central_Nebraska_Regional_Airport
GJT,KGJT,Grand Junction Regional Airport,medium,39.126663,-108.529387,US,US-CO,Colorado,Grand Junction,http://www.gjairport.com/,https://en.wikipedia.org/wiki/Grand_Junction_Regional_Airport
GRR,KGRR,Gerald R. Ford International Airport,large,42.880798,-85.522797,US,US-MI,Michigan,Grand Rapids,,https://en.wikipedia.org/wiki/Gerald_R._Ford_International_Airport
GTF,KGTF,Great Falls International Airport,medium,47.481998,-111.371002,US,US-MT,Montana,Great Falls,,https://en.wikipedia.org/wiki/Great_Falls_International_Airport
GRB,KGRB,Austin Straubel International Airport,medium,44.483459,-88.130805,US,US-WI,Wisconsin,Green Bay,,https://en.wikipedia.org/wiki/Austin_Straubel_International_Airport
GSO,KGSO,Piedmont Triad International Airport,large,36.09937,-79.937262,US,US-NC,North Carolina,Greensboro,https://flyfrompti.com,https://en.wikipedia.org/wiki/Piedmont_Triad_International_Airport
GLH,KGLH,Mid Delta Regional Airport,medium,33.482899,-90.985603,US,US-MS,Mississippi,Greenville,,https://en.wikipedia.org/wiki/Greenville_Mid-Delta_Airport
PGV,KPGV,Pitt-Greenville Airport,medium,35.635535,-77.384262,US,US-NC,North Carolina,Greenville,,https://en.wikipedia.org/wiki/Pitt-Greenville_Airport
GSP,KGSP,Greenville-Spartanburg International Airport,medium,34.895699,-82.218903,US,US-SC,South Carolina,Greenville/Greer/Spartanburg,https://gspairport.com,https://en.wikipedia.org/wiki/Greenville-Spartanburg_International_Airport
GPT,KGPT,Gulfport Biloxi International Airport,medium,30.405582,-89.069836,US,US-MS,Mississippi,Gulfport,,https://en.wikipedia.org/wiki/Gulfport-Biloxi_International_Airport
GKN,PAGK,Gulkana Airport,medium,62.155859,-145.454662,US,US-AK,Alaska,Gulkana,,https://en.wikipedia.org/wiki/Gulkana_Airport
GUC,KGUC,Gunnison Crested Butte Regional Airport,medium,38.534672,-106.934566,US,US-CO,Colorado,Gunnison,,https://en.wikipedia.org/wiki/Gunnison-Crested_Butte_Regional_Airport
GST,PAGS,Gustavus Airport,medium,58.425301,-135.707001,US,US-AK,Alaska,Gustavus,,https://en.wikipedia.org/wiki/Gustavus_Airport
MQT,KSAW,Marquette Sawyer Regional Airport,medium,46.351498,-87.395884,US,US-MI,Michigan,Gwinn,http://www.sawyerairport.com/,https://en.wikipedia.org/wiki/Sawyer_International_Airport
HGR,KHGR,Hagerstown Regional Richard A Henson Field,medium,39.708771,-77.728014,US,US-MD,Maryland,Hagerstown,,https://en.wikipedia.org/wiki/Hagerstown_Regional_Airport
SUN,KSUN,Friedman Memorial Airport,medium,43.504398,-114.295998,US,US-ID,Idaho,Hailey,,https://en.wikipedia.org/wiki/Friedman_Memorial_Airport
HNS,PAHN,Haines Airport,medium,59.243921,-135.523925,US,US-AK,Alaska,Haines,,https://en.wikipedia.org/wiki/Haines_Airport
HNM,PHHN,Hana Airport,medium,20.795601,-156.014008,US,US-HI,Hawaii,Hana,,https://en.wikipedia.org/wiki/Hana_Airport
CMX,KCMX,Houghton County Memorial Airport,medium,47.1684,-88.489098,US,US-MI,Michigan,Hancock,,https://en.wikipedia.org/wiki/Houghton_County_Memorial_Airport
HRL,KHRL,Valley International Airport,medium,26.2285,-97.654404,US,US-TX,Texas,Harlingen,,https://en.wikipedia.org/wiki/Valley_International_Airport
MDT,KMDT,Harrisburg International Airport,medium,40.192838,-76.762333,US,US-PA,Pennsylvania,Harrisburg,http://www.flyhia.com/,https://en.wikipedia.org/wiki/Harrisburg_International_Airport
HRO,KHRO,Boone County Airport,medium,36.261501,-93.154701,US,US-AR,Arkansas,Harrison,,https://en.wikipedia.org/wiki/Boone_County_Airport
BDL,KBDL,Bradley International Airport,large,41.938555,-72.688016,US,US-CT,Connecticut,Hartford,http://www.bradleyairport.com/,https://en.wikipedia.org/wiki/Bradley_International_Airport
HVR,KHVR,Havre City County Airport,medium,48.541387,-109.762859,US,US-MT,Montana,Havre,,https://en.wikipedia.org/wiki/Havre_City%E2%80%93County_Airport
HHR,KHHR,Jack Northrop Field Hawthorne Municipal Airport,medium,33.922798,-118.334999,US,US-CA,California,Hawthorne,,https://en.wikipedia.org/wiki/Hawthorne_Municipal_Airport_(California)
HDN,KHDN,Yampa Valley Airport,medium,40.481201,-107.218002,US,US-CO,Colorado,Hayden,,https://en.wikipedia.org/wiki/Yampa_Valley_Airport
HYS,KHYS,Hays Regional Airport,medium,38.844521,-99.273148,US,US-KS,Kansas,Hays,,https://en.wikipedia.org/wiki/Hays_Regional_Airport
HLN,KHLN,Helena Regional Airport,medium,46.6068,-111.983002,US,US-MT,Montana,Helena,,https://en.wikipedia.org/wiki/Helena_Regional_Airport
HIB,KHIB,Range Regional Airport,medium,47.384831,-92.836905,US,US-MN,Minnesota,Hibbing,,https://en.wikipedia.org/wiki/Range_Regional_Airport
ITO,PHTO,Hilo International Airport,medium,19.72135,-155.045428,US,US-HI,Hawaii,Hilo,,https://en.wikipedia.org/wiki/Hilo_International_Airport
HHH,KHXD,Hilton Head Airport,medium,32.2244,-80.697502,US,US-SC,South Carolina,Hilton Head Island,https://www.hiltonheadairport.com/,https://en.wikipedia.org/wiki/Hilton_Head_Airport
HOB,KHOB,Lea County Regional Airport,medium,32.6875,-103.217003,US,US-NM,New Mexico,Hobbs,,https://en.wikipedia.org/wiki/Lea_County_Regional_Airport
HCR,PAHC,Holy Cross Airport,medium,62.188301,-159.774994,US,US-AK,Alaska,Holy Cross,,https://en.wikipedia.org/wiki/Holy_Cross_Airport
HOM,PAHO,Homer Airport,medium,59.644456,-151.479235,US,US-AK,Alaska,Homer,,https://en.wikipedia.org/wiki/Homer_Airport
HNL,PHNL,Daniel K. Inouye International Airport,large,21.318387,-157.92567,US,US-HI,Hawaii,"Honolulu, Oahu",http://airports.hawaii.gov/hnl/,https://en.wikipedia.org/wiki/Daniel_K._Inouye_International_Airport
HOT,KHOT,Memorial Field Airport,medium,34.4788,-93.096262,US,US-AR,Arkansas,Hot Springs,,https://en.wikipedia.org/wiki/Hot_Springs_Memorial_Field_Airport
IAH,KIAH,George Bush Intercontinental Airport,large,29.9844,-95.3414,US,US-TX,Texas,Houston,http://www.fly2houston.com/iah,https://en.wikipedia.org/wiki/George_Bush_Intercontinental_Airport
HOU,KHOU,William P. Hobby Airport,large,29.645336,-95.276812,US,US-TX,Texas,Houston,http://www.fly2houston.com/hobbyHome,https://en.wikipedia.org/wiki/William_P._Hobby_Airport
HTS,KHTS,Tri-State Airport / Milton J. Ferguson Field,medium,38.366699,-82.557999,US,US-WV,West Virginia,Huntington,,https://en.wikipedia.org/wiki/Tri-State_Airport
HSV,KHSV,Huntsville International Airport,medium,34.636244,-86.774378,US,US-AL,Alabama,Huntsville,http://www.flyhuntsville.com,https://en.wikipedia.org/wiki/Huntsville_International_Airport
HSL,PAHL,Huslia Airport,medium,65.697899,-156.350998,US,US-AK,Alaska,Huslia,,https://en.wikipedia.org/wiki/Huslia_Airport
HYA,KHYA,Cape Cod Gateway Airport,medium,41.6693,-70.280403,US,US-MA,Massachusetts,Hyannis,,https://en.wikipedia.org/wiki/Barnstable_Municipal_Airport
IDA,KIDA,Idaho Falls Regional Airport,medium,43.514599,-112.070999,US,US-ID,Idaho,Idaho Falls,,https://en.wikipedia.org/wiki/Idaho_Falls_Regional_Airport
ILI,PAIL,Iliamna Airport,medium,59.754398,-154.910996,US,US-AK,Alaska,Iliamna,,https://en.wikipedia.org/wiki/Iliamna_Airport
IPL,KIPL,Imperial County Airport,medium,32.83539,-115.574026,US,US-CA,California,Imperial,,https://en.wikipedia.org/wiki/Imperial_County_Airport
IND,KIND,Indianapolis International Airport,large,39.7173,-86.294403,US,US-IN,Indiana,Indianapolis,http://www.indianapolisairport.com/,https://en.wikipedia.org/wiki/Indianapolis_International_Airport
INL,KINL,Falls International Airport,medium,48.5662,-93.403099,US,US-MN,Minnesota,International Falls,,https://en.wikipedia.org/wiki/Falls_International_Airport
ISP,KISP,Long Island MacArthur Airport,medium,40.796324,-73.101703,US,US-NY,New York,Islip,https://flymacarthur.com,https://en.wikipedia.org/wiki/Long_Island_MacArthur_Airport
ITH,KITH,Ithaca Tompkins Regional Airport,medium,42.491001,-76.458397,US,US-NY,New York,Ithaca,,https://en.wikipedia.org/wiki/Ithaca_Tompkins_Regional_Airport
JAC,KJAC,Jackson Hole Airport,medium,43.6073,-110.737999,US,US-WY,Wyoming,Jackson,http://jacksonholeairport.com/,https://en.wikipedia.org/wiki/Jackson_Hole_Airport
JAN,KJAN,Jackson-Medgar Wiley Evers International Airport,medium,32.311199,-90.075897,US,US-MS,Mississippi,Jackson,,https://en.wikipedia.org/wiki/Jackson-Evers_International_Airport
MKL,KMKL,McKellar-Sipes Regional Airport,medium,35.599899,-88.915604,US,US-TN,Tennessee,Jackson,http://mckellarsipes.com/,https://en.wikipedia.org/wiki/McKellar-Sipes_Regional_Airport
JAX,KJAX,Jacksonville International Airport,large,30.492469,-81.687813,US,US-FL,Florida,Jacksonville,https://www.flyjacksonville.com/,https://en.wikipedia.org/wiki/Jacksonville_International_Airport
JMS,KJMS,Jamestown Regional Airport,medium,46.929699,-98.6782,US,US-ND,North Dakota,Jamestown,,https://en.wikipedia.org/wiki/Jamestown_Regional_Airport
JST,KJST,John Murtha Johnstown Cambria County Airport,medium,40.316101,-78.8339,US,US-PA,Pennsylvania,Johnstown,,https://en.wikipedia.org/wiki/Johnstown-Cambria_County_Airport
JBR,KJBR,Jonesboro Municipal Airport,medium,35.831699,-90.6464,US,US-AR,Arkansas,Jonesboro,,https://en.wikipedia.org/wiki/Jonesboro_Municipal_Airport
JLN,KJLN,Joplin Regional Airport,medium,37.151798,-94.498299,US,US-MO,Missouri,Joplin,,https://en.wikipedia.org/wiki/Joplin_Regional_Airport
JNU,PAJN,Juneau International Airport,medium,58.354935,-134.574416,US,US-AK,Alaska,Juneau,https://juneau.org/airport,https://en.wikipedia.org/wiki/Juneau_International_Airport
OGG,PHOG,Kahului International Airport,large,20.896263,-156.431837,US,US-HI,Hawaii,Kahului,https://airports.hawaii.gov/ogg/,https://en.wikipedia.org/wiki/Kahului_Airport
KOA,PHKO,Ellison Onizuka Kona International Airport at Keāhole,large,19.738783,-156.045603,US,US-HI,Hawaii,Kailua-Kona,https://airports.hawaii.gov/koa/,https://en.wikipedia.org/wiki/Kona_International_Airport
AZO,KAZO,Kalamazoo/Battle Creek International Airport,medium,42.232105,-85.549637,US,US-MI,Michigan,Kalamazoo,https://flyazo.com,https://en.wikipedia.org/wiki/Kalamazoo-Battle_Creek_International_Airport
FCA,KGPI,Glacier Park International Airport,medium,48.310501,-114.255997,US,US-MT,Montana,Kalispell,http://www.iflyglacier.com/,https://en.wikipedia.org/wiki/Glacier_Park_International_Airport
MCI,KMCI,Kansas City International Airport,large,39.301699,-94.713893,US,US-MO,Missouri,Kansas City,http://www.flykci.com/,https://en.wikipedia.org/wiki/Kansas_City_International_Airport
MKK,PHMK,Molokai Airport,medium,21.152901,-157.095993,US,US-HI,Hawaii,Kaunakakai,,https://en.wikipedia.org/wiki/Molokai_Airport
EAR,KEAR,Kearney Regional Airport,medium,40.727001,-99.006798,US,US-NE,Nebraska,Kearney,,https://en.wikipedia.org/wiki/Kearney_Municipal_Airport
ENA,PAEN,Kenai Municipal Airport,medium,60.570946,-151.245174,US,US-AK,Alaska,Kenai,,https://en.wikipedia.org/wiki/Kenai_Municipal_Airport
KTN,PAKT,Ketchikan International Airport,medium,55.355598,-131.714004,US,US-AK,Alaska,Ketchikan,,https://en.wikipedia.org/wiki/Ketchikan_International_Airport
EYW,KEYW,Key West International Airport,medium,24.556119,-81.759579,US,US-FL,Florida,Key West,,https://en.wikipedia.org/wiki/Key_West_International_Airport
IAN,PAIK,Bob Baker Memorial Airport,medium,66.976128,-160.439014,US,US-AK,Alaska,Kiana,,https://en.wikipedia.org/wiki/Bob_Baker_Memorial_Airport
CIU,KCIU,Chippewa County International Airport,medium,46.242038,-84.462082,US,US-MI,Michigan,Kincheloe,,https://en.wikipedia.org/wiki/Chippewa_County_International_Airport
AKN,PAKN,King Salmon Airport,medium,58.677845,-156.651965,US,US-AK,Alaska,King Salmon,,https://en.wikipedia.org/wiki/King_Salmon_Airport
IMT,KIMT,Ford Airport,medium,45.81911,-88.114557,US,US-MI,Michigan,Kingsford,http://www.fordairport.org/,https://en.wikipedia.org/wiki/Ford_Airport_(Iron_Mountain)
IRK,KIRK,Kirksville Regional Airport,medium,40.093498,-92.544899,US,US-MO,Missouri,Kirksville,,https://en.wikipedia.org/wiki/Kirksville_Regional_Airport
KLW,PAKW,Klawock Airport,medium,55.579201,-133.076004,US,US-AK,Alaska,Klawock,,https://en.wikipedia.org/wiki/Klawock_Airport
TYS,KTYS,McGhee Tyson Airport,large,35.811001,-83.994003,US,US-TN,Tennessee,Knoxville/Maryville,https://flyknowxville.com,https://en.wikipedia.org/wiki/McGhee_Tyson_Airport
ADQ,PADQ,Kodiak Airport,medium,57.75,-152.494003,US,US-AK,Alaska,Kodiak,,https://en.wikipedia.org/wiki/Kodiak_Airport
OTZ,PAOT,Ralph Wien Memorial Airport,medium,66.884697,-162.598999,US,US-AK,Alaska,Kotzebue,,https://en.wikipedia.org/wiki/Ralph_Wien_Memorial_Airport
LSE,KLSE,La Crosse Regional Airport,medium,43.879002,-91.256699,US,US-WI,Wisconsin,La Crosse,http://www.lseairport.com/,https://en.wikipedia.org/wiki/La_Crosse_Municipal_Airport
LFT,KLFT,Lafayette Regional Airport,medium,30.205299,-91.987602,US,US-LA,Louisiana,Lafayette,http://www.lftairport.com/Home,https://en.wikipedia.org/wiki/Lafayette_Regional_Airport
JHM,PHJH,Kapalua Airport,medium,20.9629,-156.673004,US,US-HI,Hawaii,Lahaina,,https://en.wikipedia.org/wiki/Kapalua_Airport
LCH,KLCH,Lake Charles Regional Airport,medium,30.126101,-93.223297,US,US-LA,Louisiana,Lake Charles,,https://en.wikipedia.org/wiki/Lake_Charles_Regional_Airport
HII,KHII,Lake Havasu City Airport,medium,34.570506,-114.357745,US,US-AZ,Arizona,Lake Havasu City,https://www.lhcaz.gov/public-works/airport,https://en.wikipedia.org/wiki/Lake_Havasu_City_Airport
LAL,KLAL,Lakeland Linder International Airport,medium,27.989267,-82.020715,US,US-FL,Florida,Lakeland,https://flylakeland.com,https://en.wikipedia.org/wiki/Lakeland_Linder_International_Airport
LNY,PHNY,Lanai Airport,medium,20.785675,-156.951324,US,US-HI,Hawaii,Lanai City,,https://en.wikipedia.org/wiki/Lanai_Airport
LNS,KLNS,Lancaster Airport,medium,40.1217,-76.296097,US,US-PA,Pennsylvania,Lancaster,,https://en.wikipedia.org/wiki/Lancaster_Airport_(Pennsylvania)
LAN,KLAN,Capital Region International Airport,medium,42.777582,-84.585721,US,US-MI,Michigan,Lansing,https://flylansing.com,https://en.wikipedia.org/wiki/Lansing_Capital_City_Airport
LAR,KLAR,Laramie Regional Airport,medium,41.312099,-105.675003,US,US-WY,Wyoming,Laramie,,https://en.wikipedia.org/wiki/Laramie_Regional_Airport
LRD,KLRD,Laredo International Airport,medium,27.5438,-99.461601,US,US-TX,Texas,Laredo,,https://en.wikipedia.org/wiki/Laredo_International_Airport
LRU,KLRU,Las Cruces International Airport,medium,32.289398,-106.921997,US,US-NM,New Mexico,Las Cruces,,https://en.wikipedia.org/wiki/Las_Cruces_International_Airport
LAS,KLAS,Harry Reid International Airport,large,36.083361,-115.151817,US,US-NV,Nevada,Las Vegas,https://www.harryreidairport.com/,https://en.wikipedia.org/wiki/Harry_Reid_International_Airport
LBE,KLBE,Arnold Palmer Regional Airport,medium,40.275902,-79.4048,US,US-PA,Pennsylvania,Latrobe,,https://en.wikipedia.org/wiki/Arnold_Palmer_Regional_Airport
LAW,KLAW,Lawton Fort Sill Regional Airport,medium,34.567699,-98.416603,US,US-OK,Oklahoma,Lawton,,https://en.wikipedia.org/wiki/Lawton-Fort_Sill_Regional_Airport
LEB,KLEB,Lebanon Municipal Airport,medium,43.626099,-72.304199,US,US-NH,New Hampshire,Lebanon,http://flyleb.com/,https://en.wikipedia.org/wiki/Lebanon_Municipal_Airport_(New_Hampshire)
LWB,KLWB,Greenbrier Valley Airport,medium,37.857914,-80.400438,US,US-WV,West Virginia,Lewisburg,,https://en.wikipedia.org/wiki/Greenbrier_Valley_Airport
LWS,KLWS,Lewiston Nez Perce County Airport,medium,46.3745,-117.014999,US,US-ID,Idaho,Lewiston,,https://en.wikipedia.org/wiki/Lewiston-Nez_Perce_County_Airport
LEX,KLEX,Blue Grass Airport,medium,38.035066,-84.606738,US,US-KY,Kentucky,Lexington,http://www.bluegrassairport.com/,https://en.wikipedia.org/wiki/Blue_Grass_Airport
LBL,KLBL,Liberal Mid-America Regional Airport,medium,37.044201,-100.959999,US,US-KS,Kansas,Liberal,,https://en.wikipedia.org/wiki/Liberal_Municipal_Airport
LIH,PHLI,Lihue Airport,large,21.974393,-159.337146,US,US-HI,Hawaii,"Lihue, Kauai",https://airports.hawaii.gov/lih,https://en.wikipedia.org/wiki/Lihu'e_Airport
LNK,KLNK,Lincoln Airport,medium,40.844882,-96.76178,US,US-NE,Nebraska,Lincoln,http://www.lincolnairport.com/,https://en.wikipedia.org/wiki/Lincoln_Airport_%28Nebraska%29
LIT,KLIT,Bill & Hillary Clinton National Airport/Adams Field,medium,34.729222,-92.223591,US,US-AR,Arkansas,Little Rock,https://clintonairport.com,https://en.wikipedia.org/wiki/Little_Rock_National_Airport
LGB,KLGB,Long Beach International Airport,large,33.816523,-118.149891,US,US-CA,California,Long Beach,http://www.lgb.org/,https://en.wikipedia.org/wiki/Long_Beach_Airport
GGG,KGGG,East Texas Regional Airport,medium,32.383999,-94.711502,US,US-TX,Texas,Longview,,https://en.wikipedia.org/wiki/East_Texas_Regional_Airport
LAX,KLAX,Los Angeles International Airport,large,33.942501,-118.407997,US,US-CA,California,Los Angeles,https://www.flylax.com/,https://en.wikipedia.org/wiki/Los_Angeles_International_Airport
SDF,KSDF,Louisville Muhammad Ali International Airport,large,38.1706,-85.735076,US,US-KY,Kentucky,Louisville,http://www.flylouisville.com,https://en.wikipedia.org/wiki/Louisville_International_Airport
LBB,KLBB,Lubbock Preston Smith International Airport,medium,33.663601,-101.822998,US,US-TX,Texas,Lubbock,http://www.flylia.com/,https://en.wikipedia.org/wiki/Lubbock_Preston_Smith_International_Airport
LYH,KLYH,Lynchburg Regional Airport - Preston Glenn Field,medium,37.326698,-79.200401,US,US-VA,Virginia,Lynchburg,,https://en.wikipedia.org/wiki/Lynchburg_Regional_Airport
MCN,KMCN,Middle Georgia Regional Airport,medium,32.692799,-83.6492,US,US-GA,Georgia,Macon,,https://en.wikipedia.org/wiki/Middle_Georgia_Regional_Airport
MSN,KMSN,Dane County Regional Truax Field,medium,43.1399,-89.337502,US,US-WI,Wisconsin,Madison,,https://en.wikipedia.org/wiki/Dane_County_Regional_Airport
MMH,KMMH,Mammoth Yosemite Airport,medium,37.625381,-118.84306,US,US-CA,California,Mammoth Lakes,,https://en.wikipedia.org/wiki/Mammoth_Yosemite_Airport
MHT,KMHT,Manchester-Boston Regional Airport,medium,42.932598,-71.435699,US,US-NH,New Hampshire,Manchester,https://flymanchester.com,https://en.wikipedia.org/wiki/Manchester-Boston_Regional_Airport
MHK,KMHK,Manhattan Regional Airport,medium,39.140999,-96.670799,US,US-KS,Kansas,Manhattan,,https://en.wikipedia.org/wiki/Manhattan_Regional_Airport
MWA,KMWA,Veterans Airport of Southern Illinois,medium,37.751208,-89.016568,US,US-IL,Illinois,Marion,,https://en.wikipedia.org/wiki/Veterans_Airport_of_Southern_Illinois
MCW,KMCW,Mason City Municipal Airport,medium,43.159801,-93.329716,US,US-IA,Iowa,Mason City,http://flymcw.com/,https://en.wikipedia.org/wiki/Mason_City_Municipal_Airport
MSS,KMSS,Massena International Airport Richards Field,medium,44.936157,-74.844304,US,US-NY,New York,Massena,http://www.massenaworks.com/town/airport.asp,https://en.wikipedia.org/wiki/Massena_International_Airport
MFE,KMFE,McAllen Miller International Airport,medium,26.176141,-98.237965,US,US-TX,Texas,McAllen,,https://en.wikipedia.org/wiki/McAllen-Miller_International_Airport
MYL,KMYL,McCall Municipal Airport,medium,44.888837,-116.101112,US,US-ID,Idaho,McCall,http://www.mccall.id.us/services/airport.html,https://en.wikipedia.org/wiki/McCall_Municipal_Airport
MCK,KMCK,McCook Ben Nelson Regional Airport,medium,40.207787,-100.592794,US,US-NE,Nebraska,McCook,,https://en.wikipedia.org/wiki/McCook_Regional_Airport
MCG,PAMC,McGrath Airport,medium,62.9529,-155.606003,US,US-AK,Alaska,McGrath,,https://en.wikipedia.org/wiki/McGrath_Airport
MFR,KMFR,Rogue Valley International-Medford Airport,medium,42.374199,-122.873001,US,US-OR,Oregon,Medford,https://flymfr.com,https://en.wikipedia.org/wiki/Rogue_Valley_International-Medford_Airport
MYU,PAMY,Mekoryuk Airport,medium,60.372338,-166.269751,US,US-AK,Alaska,Mekoryuk,,https://en.wikipedia.org/wiki/Mekoryuk_Airport
MLB,KMLB,Melbourne Orlando International Airport,medium,28.102009,-80.641088,US,US-FL,Florida,Melbourne,https://www.mlbair.com/,https://en.wikipedia.org/wiki/Melbourne_International_Airport
MEM,KMEM,Frederick W. Smith International Airport,large,35.043845,-89.97634,US,US-TN,Tennessee,Memphis,https://flymemphis.com/,https://en.wikipedia.org/wiki/Memphis_International_Airport
MCE,KMCE,Merced Regional Macready Field,medium,37.284698,-120.514,US,US-CA,California,Merced,,https://en.wikipedia.org/wiki/Merced_Regional_Airport
MEI,KMEI,Key Field / Meridian Regional Airport,medium,32.3326,-88.7519,US,US-MS,Mississippi,Meridian,,https://en.wikipedia.org/wiki/Meridian_Regional_Airport
AZA,KIWA,Mesa Gateway Airport,medium,33.3078,-111.654999,US,US-AZ,Arizona,Mesa,https://www.gatewayairport.com/,https://en.wikipedia.org/wiki/Phoenix%E2%80%93Mesa_Gateway_Airport
MIA,KMIA,Miami International Airport,large,25.796011,-80.289751,US,US-FL,Florida,Miami,https://www.miami-airport.com/,https://en.wikipedia.org/wiki/Miami_International_Airport
OPF,KOPF,Miami-Opa Locka Executive Airport,medium,25.907,-80.278397,US,US-FL,Florida,Miami,http://www.miami-airport.com/html/opalocka.html,https://en.wikipedia.org/wiki/Miami-Opa_Locka_Executive_Airport
MGC,KMGC,Michigan City Municipal Airport,medium,41.7033,-86.821198,US,US-IN,Indiana,Michigan City,http://www.emichigancity.com/cityhall/departments/airport/index.htm,https://en.wikipedia.org/wiki/Michigan_City_Municipal_Airport
MAF,KMAF,Midland International Air and Space Port,medium,31.942499,-102.202003,US,US-TX,Texas,Midland,https://flymaf.com,https://en.wikipedia.org/wiki/Midland_International_Airport
MKE,KMKE,General Mitchell International Airport,large,42.947201,-87.896599,US,US-WI,Wisconsin,Milwaukee,https://www.mitchellairport.com/,https://en.wikipedia.org/wiki/General_Mitchell_International_Airport
MWL,KMWL,Mineral Wells Regional Airport,medium,32.781601,-98.060204,US,US-TX,Texas,Mineral Wells,http://www.mineralwellsairport.com/,https://en.wikipedia.org/wiki/Mineral_Wells_Airport
MSP,KMSP,Minneapolis–Saint Paul International Airport / Wold–Chamberlain Field,large,44.880081,-93.221741,US,US-MN,Minnesota,Minneapolis,https://www.mspairport.com/,https://en.wikipedia.org/wiki/Minneapolis–Saint_Paul_International_Airport
MOT,KMOT,Minot International Airport,medium,48.25801,-101.279123,US,US-ND,North Dakota,Minot,,https://en.wikipedia.org/wiki/Minot_International_Airport
MSO,KMSO,Missoula Montana Airport,medium,46.915816,-114.091107,US,US-MT,Montana,Missoula,https://flymissoula.com,https://en.wikipedia.org/wiki/Missoula_International_Airport
CNY,KCNY,Canyonlands Regional Airport,medium,38.755001,-109.754997,US,US-UT,Utah,Moab,https://www.grandcountyutah.net/263/Airport,https://en.wikipedia.org/wiki/Canyonlands_Field
MOB,KMOB,Mobile Regional Airport,medium,30.6912,-88.242798,US,US-AL,Alabama,Mobile,http://www.mobairport.com/,https://en.wikipedia.org/wiki/Mobile_Regional_Airport
MLI,KMLI,Quad City International Airport,medium,41.448502,-90.5075,US,US-IL,Illinois,Moline,,https://en.wikipedia.org/wiki/Quad_City_International_Airport
MLU,KMLU,Monroe Regional Airport,medium,32.510899,-92.037697,US,US-LA,Louisiana,Monroe,,https://en.wikipedia.org/wiki/Monroe_Regional_Airport
MRY,KMRY,Monterey Regional Airport,medium,36.586777,-121.844183,US,US-CA,California,Monterey,https://montereyairport.com,https://en.wikipedia.org/wiki/Monterey_Peninsula_Airport
MGM,KMGM,Montgomery Regional (Dannelly Field) Airport,medium,32.300598,-86.393997,US,US-AL,Alabama,Montgomery,http://www.flymgm.com/,https://en.wikipedia.org/wiki/Montgomery_Regional_Airport
MTJ,KMTJ,Montrose Regional Airport,medium,38.5098,-107.893997,US,US-CO,Colorado,Montrose,https://montroseairport.com/,https://en.wikipedia.org/wiki/Montrose_Regional_Airport
MGW,KMGW,Morgantown Municipal Airport Walter L. (Bill) Hart Field,medium,39.643305,-79.917598,US,US-WV,West Virginia,Morgantown,,https://en.wikipedia.org/wiki/Morgantown_Municipal_Airport
PIB,KPIB,Hattiesburg Laurel Regional Airport,medium,31.4671,-89.337097,US,US-MS,Mississippi,Moselle,,https://en.wikipedia.org/wiki/Hattiesburg-Laurel_Regional_Airport
CWA,KCWA,Central Wisconsin Airport,medium,44.777448,-89.670238,US,US-WI,Wisconsin,Mosinee,,https://en.wikipedia.org/wiki/Central_Wisconsin_Airport
MSL,KMSL,Northwest Alabama Regional Airport,medium,34.745123,-87.612981,US,US-AL,Alabama,Muscle Shoals,,https://en.wikipedia.org/wiki/Northwest_Alabama_Regional_Airport
MKG,KMKG,Muskegon County Airport,medium,43.169498,-86.238197,US,US-MI,Michigan,Muskegon,,https://en.wikipedia.org/wiki/Muskegon_County_Airport
MYR,KMYR,Myrtle Beach International Airport,large,33.679699,-78.928299,US,US-SC,South Carolina,Myrtle Beach,https://www.flymyrtlebeach.com,https://en.wikipedia.org/wiki/Myrtle_Beach_International_Airport
ACK,KACK,Nantucket Memorial Airport,medium,41.253101,-70.060204,US,US-MA,Massachusetts,Nantucket,,https://en.wikipedia.org/wiki/Nantucket_Memorial_Airport
BNA,KBNA,Nashville International Airport,large,36.1245,-86.6782,US,US-TN,Tennessee,Nashville,https://flynashville.com/,https://en.wikipedia.org/wiki/Nashville_International_Airport
EWB,KEWB,New Bedford Regional Airport,medium,41.676102,-70.956902,US,US-MA,Massachusetts,New Bedford,,https://en.wikipedia.org/wiki/New_Bedford_Regional_Airport
EWN,KEWN,Coastal Carolina Regional Airport,medium,35.073002,-77.0429,US,US-NC,North Carolina,New Bern,,https://en.wikipedia.org/wiki/Craven_County_Regional_Airport
HVN,KHVN,Tweed New Haven Airport,medium,41.262869,-72.887694,US,US-CT,Connecticut,New Haven,https://flytweed.com,https://en.wikipedia.org/wiki/Tweed_New_Haven_Regional_Airport
MSY,KMSY,Louis Armstrong New Orleans International Airport,large,29.993401,-90.264673,US,US-LA,Louisiana,New Orleans,https://flymsy.com/,https://en.wikipedia.org/wiki/Louis_Armstrong_New_Orleans_International_Airport
JFK,KJFK,John F. Kennedy International Airport,large,40.639447,-73.779317,US,US-NY,New York,New York,https://www.jfkairport.com/,https://en.wikipedia.org/wiki/John_F._Kennedy_International_Airport
LGA,KLGA,LaGuardia Airport,large,40.777199,-73.872597,US,US-NY,New York,New York,https://www.laguardiaairport.com/,https://en.wikipedia.org/wiki/LaGuardia_Airport
EWR,KEWR,Newark Liberty International Airport,large,40.6894,-74.170545,US,US-NJ,New Jersey,Newark,https://www.panynj.gov/CommutingTravel/airports/html/newarkliberty.html,https://en.wikipedia.org/wiki/Newark_Liberty_International_Airport
SWF,KSWF,New York Stewart International Airport,medium,41.50421,-74.108901,US,US-NY,New York,Newburgh,https://www.swfny.com/,https://en.wikipedia.org/wiki/Stewart_International_Airport
NPT,KUUU,Newport State Airport,medium,41.532207,-71.281039,US,US-RI,Rhode Island,Newport,,https://en.wikipedia.org/wiki/Newport_State_Airport_(Rhode_Island)
PHF,KPHF,Newport News Williamsburg International Airport,medium,37.131901,-76.492996,US,US-VA,Virginia,Newport News,,https://en.wikipedia.org/wiki/Newport_News/Williamsburg_International_Airport
IAG,KIAG,Niagara Falls International Airport,medium,43.1073,-78.946198,US,US-NY,New York,Niagara Falls,https://www.niagarafallsairport.com/,https://en.wikipedia.org/wiki/Niagara_Falls_International_Airport
OME,PAOM,Nome Airport,medium,64.512199,-165.445007,US,US-AK,Alaska,Nome,,https://en.wikipedia.org/wiki/Nome_Airport
ORF,KORF,Norfolk International Airport,large,36.895341,-76.201,US,US-VA,Virginia,Norfolk,https://www.norfolkairport.com/,https://en.wikipedia.org/wiki/Norfolk_International_Airport
OTH,KOTH,Southwest Oregon Regional Airport,medium,43.417099,-124.246002,US,US-OR,Oregon,North Bend,,https://en.wikipedia.org/wiki/Southwest_Oregon_Regional_Airport
LBF,KLBF,North Platte Regional Airport Lee Bird Field,medium,41.126202,-100.683998,US,US-NE,Nebraska,North Platte,,https://en.wikipedia.org/wiki/North_Platte_Regional_Airport
ORT,PAOR,Northway Airport,medium,62.9613,-141.929001,US,US-AK,Alaska,Northway,,https://en.wikipedia.org/wiki/Northway_Airport
NUI,PAQT,Nuiqsut Airport,medium,70.209999,-151.005998,US,US-AK,Alaska,Nuiqsut,,https://en.wikipedia.org/wiki/Nuiqsut_Airport
OAK,KOAK,Oakland San Francisco Bay Airport,large,37.720085,-122.221184,US,US-CA,California,Oakland,https://www.iflyoak.com/,https://en.wikipedia.org/wiki/Oakland_International_Airport
OCE,KOXB,Ocean City Municipal Airport,medium,38.310398,-75.124001,US,US-MD,Maryland,Ocean City,http://oceancitymd.gov/oc/departments/public-works/airport/,https://en.wikipedia.org/wiki/Ocean_City_Municipal_Airport_(Maryland)
OGD,KOGD,Ogden Hinckley Airport,medium,41.1959,-112.012001,US,US-UT,Utah,Ogden,http://flyogden.com/,https://en.wikipedia.org/wiki/Ogden-Hinckley_Airport
OGS,KOGS,Ogdensburg International Airport,medium,44.6819,-75.4655,US,US-NY,New York,Ogdensburg,https://ogsair.com/,https://en.wikipedia.org/wiki/Ogdensburg_International_Airport
OKC,KOKC,OKC Will Rogers World Airport,large,35.393388,-97.598248,US,US-OK,Oklahoma,Oklahoma City,https://flyokc.com/,https://en.wikipedia.org/wiki/Will_Rogers_World_Airport
OLM,KOLM,Olympia Regional Airport,medium,46.969399,-122.903,US,US-WA,Washington,Olympia,,https://en.wikipedia.org/wiki/Olympia_Airport
OMA,KOMA,Eppley Airfield,large,41.3032,-95.894096,US,US-NE,Nebraska,Omaha,https://www.flyoma.com,https://en.wikipedia.org/wiki/Eppley_Airfield
ONT,KONT,Ontario International Airport,large,34.056,-117.600998,US,US-CA,California,Ontario,https://www.flyontario.com/,https://en.wikipedia.org/wiki/LA/Ontario_International_Airport
MCO,KMCO,Orlando International Airport,large,28.429399,-81.308998,US,US-FL,Florida,Orlando,http://www.orlandoairports.net/,https://en.wikipedia.org/wiki/Orlando_International_Airport
SFB,KSFB,Orlando Sanford International Airport,large,28.774277,-81.234626,US,US-FL,Florida,Orlando,https://flysfb.com,https://en.wikipedia.org/wiki/Orlando_Sanford_International_Airport
OWB,KOWB,Owensboro Daviess County Airport,medium,37.740101,-87.166801,US,US-KY,Kentucky,Owensboro,,https://en.wikipedia.org/wiki/Owensboro-Daviess_County_Regional_Airport
PAH,KPAH,Barkley Regional Airport,medium,37.060799,-88.773804,US,US-KY,Kentucky,Paducah,,https://en.wikipedia.org/wiki/Barkley_Regional_Airport
PGA,KPGA,Page Municipal Airport,medium,36.924234,-111.447716,US,US-AZ,Arizona,Page,,https://en.wikipedia.org/wiki/Page_Municipal_Airport
PSP,KPSP,Palm Springs International Airport,large,33.8297,-116.507004,US,US-CA,California,Palm Springs,http://www.palmspringsca.gov/index.aspx?page=270,https://en.wikipedia.org/wiki/Palm_Springs_International_Airport
ECP,KECP,Northwest Florida Beaches International Airport,medium,30.357106,-85.795414,US,US-FL,Florida,Panama City Beach,http://iflybeaches.com,https://en.wikipedia.org/wiki/Northwest_Florida_Beaches_International_Airport
PKB,KPKB,Mid Ohio Valley Regional Airport,medium,39.3451,-81.439201,US,US-WV,West Virginia,Parkersburg (Williamstown),,https://en.wikipedia.org/wiki/Mid-Ohio_Valley_Regional_Airport
PSC,KPSC,Tri Cities Airport,medium,46.264702,-119.119003,US,US-WA,Washington,Pasco,,https://en.wikipedia.org/wiki/Tri-Cities_Airport_(Washington)
PLN,KPLN,Pellston Regional Airport of Emmet County Airport,medium,45.5709,-84.7967,US,US-MI,Michigan,Pellston,,https://en.wikipedia.org/wiki/Pellston_Regional_Airport
PDT,KPDT,Eastern Oregon Regional Airport at Pendleton,medium,45.695099,-118.841003,US,US-OR,Oregon,Pendleton,,https://en.wikipedia.org/wiki/Eastern_Oregon_Regional_Airport
PNS,KPNS,Pensacola International Airport,large,30.472718,-87.186639,US,US-FL,Florida,Pensacola,http://www.flypensacola.com/,https://en.wikipedia.org/wiki/Pensacola_Regional_Airport
PIA,KPIA,General Wayne A. Downing Peoria International Airport,medium,40.663841,-89.692631,US,US-IL,Illinois,Peoria,,https://en.wikipedia.org/wiki/General_Wayne_A._Downing_Peoria_International_Airport
PSG,PAPG,Petersburg James A Johnson Airport,medium,56.801701,-132.945007,US,US-AK,Alaska,Petersburg,,https://en.wikipedia.org/wiki/Petersburg_James_A._Johnson_Airport
PHL,KPHL,Philadelphia International Airport,large,39.871899,-75.241096,US,US-PA,Pennsylvania,Philadelphia,http://www.phl.org/,https://en.wikipedia.org/wiki/Philadelphia_International_Airport
PHX,KPHX,Phoenix Sky Harbor International Airport,large,33.435302,-112.005905,US,US-AZ,Arizona,Phoenix,http://phoenix.gov/skyharborairport/,https://en.wikipedia.org/wiki/Phoenix_Sky_Harbor_International_Airport
PIR,KPIR,Pierre Regional Airport,medium,44.382702,-100.286003,US,US-SD,South Dakota,Pierre,,https://en.wikipedia.org/wiki/Pierre_Regional_Airport
PIE,KPIE,St. Petersburg Clearwater International Airport,large,27.9102,-82.687401,US,US-FL,Florida,Pinellas Park,,https://en.wikipedia.org/wiki/St._Petersburg-Clearwater_International_Airport
PIT,KPIT,Pittsburgh International Airport,large,40.491501,-80.232903,US,US-PA,Pennsylvania,Pittsburgh,https://flypittsburgh.com/,https://en.wikipedia.org/wiki/Pittsburgh_International_Airport
PTU,PAPM,Platinum Airport,medium,59.017675,-161.827927,US,US-AK,Alaska,Platinum,,https://en.wikipedia.org/wiki/Platinum_Airport
PBG,KPBG,Plattsburgh International Airport,medium,44.650902,-73.468102,US,US-NY,New York,Plattsburgh,http://www.plattsburghinternationalairport.com/,https://en.wikipedia.org/wiki/Plattsburgh_International_Airport
PIH,KPIH,Pocatello Regional Airport,medium,42.909801,-112.596001,US,US-ID,Idaho,Pocatello,,https://en.wikipedia.org/wiki/Pocatello_Regional_Airport
PIZ,PPIZ,Point Lay LRRS Airport,medium,69.732903,-163.005005,US,US-AK,Alaska,Point Lay,,https://en.wikipedia.org/wiki/Point_Lay_LRRS_Airport
PTH,PAPH,Port Heiden Airport,medium,56.957893,-158.630219,US,US-AK,Alaska,Port Heiden,,https://en.wikipedia.org/wiki/Port_Heiden_Airport
PDX,KPDX,Portland International Airport,large,45.588699,-122.598,US,US-OR,Oregon,Portland,https://www.flypdx.com/,https://en.wikipedia.org/wiki/Portland_International_Airport
PWM,KPWM,Portland International Jetport,large,43.646198,-70.309303,US,US-ME,Maine,Portland,https://portlandjetport.org/,https://en.wikipedia.org/wiki/Portland_International_Jetport
PSM,KPSM,Portsmouth International Airport at Pease,medium,43.0779,-70.823303,US,US-NH,New Hampshire,Portsmouth,https://flypsmairport.com,https://en.wikipedia.org/wiki/Pease_International_Airport
PRC,KPRC,Prescott Regional Airport - Ernest A. Love Field,medium,34.653502,-112.419883,US,US-AZ,Arizona,Prescott,,https://en.wikipedia.org/wiki/Ernest_A._Love_Field
PQI,KPQI,Presque Isle International Airport,medium,46.688999,-68.0448,US,US-ME,Maine,Presque Isle,https://flypresqueisle.com,https://en.wikipedia.org/wiki/Presque_Isle_International_Airport
PVD,KPVD,Rhode Island T. F. Green International Airport,large,41.725038,-71.425668,US,US-RI,Rhode Island,Providence/Warwick,https://flyri.com/,https://en.wikipedia.org/wiki/T._F._Green_Airport
PVU,KPVU,Provo Municipal Airport,medium,40.218894,-111.722445,US,US-UT,Utah,Provo,https://airport.provo.gov/,https://en.wikipedia.org/wiki/Provo_Municipal_Airport
PUB,KPUB,Pueblo Memorial Airport,medium,38.289101,-104.497002,US,US-CO,Colorado,Pueblo,,https://en.wikipedia.org/wiki/Pueblo_Memorial_Airport
PUW,KPUW,Pullman-Moscow Regional Airport,medium,46.741601,-117.11163,US,US-WA,Washington,Pullman,http://www.pullman-wa.gov/airport/,https://en.wikipedia.org/wiki/Pullman-Moscow_Regional_Airport
PGD,KPGD,Punta Gorda Airport,medium,26.9202,-81.990501,US,US-FL,Florida,Punta Gorda,http://www.flypgd.com/,https://en.wikipedia.org/wiki/Punta_Gorda_Airport_(Florida)
UIN,KUIN,Quincy Regional Airport Baldwin Field,medium,39.942699,-91.194603,US,US-IL,Illinois,Quincy,,https://en.wikipedia.org/wiki/Quincy_Regional_Airport
RDU,KRDU,Raleigh-Durham International Airport,large,35.878659,-78.7873,US,US-NC,North Carolina,Raleigh/Durham,https://www.rdu.com/,https://en.wikipedia.org/wiki/Raleigh-Durham_International_Airport
RAP,KRAP,Rapid City Regional Airport,medium,44.0453,-103.056999,US,US-SD,South Dakota,Rapid City,,https://en.wikipedia.org/wiki/Rapid_City_Regional_Airport
RDD,KRDD,Redding Municipal Airport,medium,40.508999,-122.292999,US,US-CA,California,Redding,,https://en.wikipedia.org/wiki/Redding_Municipal_Airport
RDM,KRDM,Roberts Field,medium,44.254101,-121.150002,US,US-OR,Oregon,Redmond,,https://en.wikipedia.org/wiki/Roberts_Field
RNO,KRNO,Reno Tahoe International Airport,large,39.4991,-119.767998,US,US-NV,Nevada,Reno,https://www.renoairport.com/,https://en.wikipedia.org/wiki/Reno-Tahoe_International_Airport
RHI,KRHI,Rhinelander Oneida County Airport,medium,45.631199,-89.467499,US,US-WI,Wisconsin,Rhinelander,,https://en.wikipedia.org/wiki/Rhinelander-Oneida_County_Airport
OAJ,KOAJ,Albert J Ellis Airport,medium,34.829201,-77.612099,US,US-NC,North Carolina,Richlands,https://flyoaj.com/,https://en.wikipedia.org/wiki/Albert_J._Ellis_Airport
RIC,KRIC,Richmond International Airport,large,37.505199,-77.319702,US,US-VA,Virginia,Richmond,https://flyrichmond.com/,https://en.wikipedia.org/wiki/Richmond_International_Airport
RIW,KRIW,Central Wyoming Regional Airport,medium,43.064201,-108.459999,US,US-WY,Wyoming,Riverton,https://centralwyomingairport.com/,https://en.wikipedia.org/wiki/Central_Wyoming_Regional_Airport
ROA,KROA,Roanoke–Blacksburg Regional Airport,medium,37.3255,-79.975403,US,US-VA,Virginia,Roanoke,http://www.flyroa.com,https://en.wikipedia.org/wiki/Roanoke%E2%80%93Blacksburg_Regional_Airport
ROC,KROC,Frederick Douglass Greater Rochester International Airport,large,43.1189,-77.672401,US,US-NY,New York,Rochester,https://rocairport.com/,https://en.wikipedia.org/wiki/Greater_Rochester_International_Airport
RST,KRST,Rochester International Airport,medium,43.908298,-92.5,US,US-MN,Minnesota,Rochester,,https://en.wikipedia.org/wiki/Rochester_International_Airport
RKS,KRKS,Southwest Wyoming Regional Airport,medium,41.5942,-109.065001,US,US-WY,Wyoming,Rock Springs,,https://en.wikipedia.org/wiki/Rock_Springs_-_Sweetwater_County_Airport
RKD,KRKD,Knox County Regional Airport,medium,44.060101,-69.099197,US,US-ME,Maine,Rockland,,https://en.wikipedia.org/wiki/Knox_County_Regional_Airport
ROW,KROW,Roswell Air Center Airport,medium,33.301601,-104.530998,US,US-NM,New Mexico,Roswell,,https://en.wikipedia.org/wiki/Roswell_International_Air_Center
RBY,PARY,Ruby Airport,medium,64.727203,-155.470001,US,US-AK,Alaska,Ruby,,https://en.wikipedia.org/wiki/Ruby_Airport
RUT,KRUT,Rutland - Southern Vermont Regional Airport,medium,43.5294,-72.9496,US,US-VT,Vermont,Rutland,,https://en.wikipedia.org/wiki/Rutland_State_Airport
SMF,KSMF,Sacramento International Airport,large,38.6954,-121.591003,US,US-CA,California,Sacramento,https://sacramento.aero/smf,https://en.wikipedia.org/wiki/Sacramento_International_Airport
STC,KSTC,Saint Cloud Regional Airport,medium,45.5466,-94.059898,US,US-MN,Minnesota,Saint Cloud,,https://en.wikipedia.org/wiki/St._Cloud_Regional_Airport
SLE,KSLE,Salem-Willamette Valley Airport/McNary Field,medium,44.9095,-123.002998,US,US-OR,Oregon,Salem,http://www.flysalem.com/,https://en.wikipedia.org/wiki/McNary_Field
SLN,KSLN,Salina Municipal Airport,medium,38.791,-97.652199,US,US-KS,Kansas,Salina,,https://en.wikipedia.org/wiki/Salina_Municipal_Airport
SBY,KSBY,Salisbury Ocean City Wicomico Regional Airport,medium,38.3405,-75.5103,US,US-MD,Maryland,Salisbury,,https://en.wikipedia.org/wiki/Wicomico_Regional_Airport
SMN,KSMN,Lemhi County Airport,medium,45.122233,-113.88196,US,US-ID,Idaho,Salmon,http://lemhicountyairport.com/,https://en.wikipedia.org/wiki/Lemhi_County_Airport
SLC,KSLC,Salt Lake City International Airport,large,40.78886,-111.979866,US,US-UT,Utah,Salt Lake City,https://slcairport.com/,https://en.wikipedia.org/wiki/Salt_Lake_City_International_Airport
SJT,KSJT,San Angelo Regional Mathis Field,medium,31.3577,-100.496002,US,US-TX,Texas,San Angelo,,https://en.wikipedia.org/wiki/San_Angelo_Regional_Airport
SAT,KSAT,San Antonio International Airport,large,29.533701,-98.469803,US,US-TX,Texas,San Antonio,https://www.sanantonio.gov/aviation,https://en.wikipedia.org/wiki/San_Antonio_International_Airport
SBD,KSBD,San Bernardino International Airport,large,34.096717,-117.236596,US,US-CA,California,San Bernardino,http://sbdairport.com/,https://en.wikipedia.org/wiki/San_Bernardino_International_Airport
SQL,KSQL,San Carlos Airport,medium,37.51313,-122.250838,US,US-CA,California,San Carlos,http://publicworks.smcgov.org/san-carlos-airport,https://en.wikipedia.org/wiki/San_Carlos_Airport_(California)
SAN,KSAN,San Diego International Airport,large,32.733601,-117.190002,US,US-CA,California,San Diego,http://www.san.org/,https://en.wikipedia.org/wiki/San_Diego_International_Airport
SFO,KSFO,San Francisco International Airport,large,37.619806,-122.374821,US,US-CA,California,San Francisco,http://www.flysfo.com/,https://en.wikipedia.org/wiki/San_Francisco_International_Airport
SJC,KSJC,Mineta San Jose International Airport,large,37.362452,-121.929188,US,US-CA,California,San Jose,https://www.flysanjose.com/,https://en.wikipedia.org/wiki/San_Jose_International_Airport
SBP,KSBP,San Luis County Regional Airport,medium,35.236801,-120.641998,US,US-CA,California,San Luis Obispo,http://www.sloairport.com/,https://en.wikipedia.org/wiki/San_Luis_Obispo_County_Regional_Airport
SDP,PASD,Sand Point Airport,medium,55.313908,-160.522099,US,US-AK,Alaska,Sand Point,,https://en.wikipedia.org/wiki/Sand_Point_Airport
SNA,KSNA,John Wayne Orange County International Airport,large,33.675063,-117.869281,US,US-CA,California,Santa Ana,http://www.ocair.com/,https://en.wikipedia.org/wiki/John_Wayne_Airport
SBA,KSBA,Santa Barbara Municipal Airport,medium,34.426201,-119.839996,US,US-CA,California,Santa Barbara,,https://en.wikipedia.org/wiki/Santa_Barbara_Airport
SAF,KSAF,Santa Fe Municipal Airport,medium,35.6171,-106.088997,US,US-NM,New Mexico,Santa Fe,https://flysantafe.com/flights/airlines/,https://en.wikipedia.org/wiki/Santa_Fe_Regional_Airport
SMX,KSMX,Santa Maria Public Airport Captain G Allan Hancock Field,medium,34.898899,-120.457001,US,US-CA,California,Santa Maria,,https://en.wikipedia.org/wiki/Santa_Maria_Public_Airport
STS,KSTS,Charles M. Schulz Sonoma County Airport,medium,38.508999,-122.813003,US,US-CA,California,Santa Rosa,http://www.sonomacountyairport.org/,https://en.wikipedia.org/wiki/Charles_M._Schulz_-_Sonoma_County_Airport
SLK,KSLK,Adirondack Regional Airport,medium,44.38691,-74.204629,US,US-NY,New York,Saranac Lake,,https://en.wikipedia.org/wiki/Adirondack_Regional_Airport
SRQ,KSRQ,Sarasota Bradenton International Airport,large,27.394631,-82.554359,US,US-FL,Florida,Sarasota/Bradenton,https://flysrq.com,https://en.wikipedia.org/wiki/Sarasota-Bradenton_International_Airport
SAV,KSAV,Savannah Hilton Head International Airport,large,32.126591,-81.19998,US,US-GA,Georgia,Savannah,https://savannahairport.com/,https://en.wikipedia.org/wiki/Savannah/Hilton_Head_International_Airport
SVA,PASA,Savoonga Airport,medium,63.686401,-170.492996,US,US-AK,Alaska,Savoonga,,https://en.wikipedia.org/wiki/Savoonga_Airport
CMI,KCMI,University of Illinois Willard Airport,medium,40.039819,-88.276249,US,US-IL,Illinois,Savoy,,https://en.wikipedia.org/wiki/University_of_Illinois_Willard_Airport
BFF,KBFF,Western Neb. Rgnl/William B. Heilig Airport,medium,41.874001,-103.596001,US,US-NE,Nebraska,Scottsbluff,,https://en.wikipedia.org/wiki/Western_Nebraska_Regional_Airport
BFI,KBFI,King County International Airport - Boeing Field,medium,47.527042,-122.29995,US,US-WA,Washington,Seattle,https://kingcounty.gov/airport,https://en.wikipedia.org/wiki/Boeing_Field
SEA,KSEA,Seattle–Tacoma International Airport,large,47.447943,-122.310276,US,US-WA,Washington,Seattle,https://www.portseattle.org/sea-tac,https://en.wikipedia.org/wiki/Seattle%E2%80%93Tacoma_International_Airport
SHR,KSHR,Sheridan County Airport,medium,44.769199,-106.980003,US,US-WY,Wyoming,Sheridan,,https://en.wikipedia.org/wiki/Sheridan_County_Airport
SOW,KSOW,Show Low Regional Airport,medium,34.264062,-110.007091,US,US-AZ,Arizona,Show Low,,https://en.wikipedia.org/wiki/Show_Low_Regional_Airport
SHV,KSHV,Shreveport Regional Airport,medium,32.444747,-93.826741,US,US-LA,Louisiana,Shreveport,,https://en.wikipedia.org/wiki/Shreveport_Regional_Airport
SDY,KSDY,Sidney - Richland Regional Airport,medium,47.705141,-104.194422,US,US-MT,Montana,Sidney,,https://en.wikipedia.org/wiki/Sidney%E2%80%93Richland_Municipal_Airport
SVC,KSVC,Grant County Airport,medium,32.636701,-108.154736,US,US-NM,New Mexico,Silver City,,https://en.wikipedia.org/wiki/Grant_County_Airport_(New_Mexico)
SUX,KSUX,Sioux Gateway Airport / Brigadier General Bud Day Field,medium,42.397605,-96.382237,US,US-IA,Iowa,Sioux City,https://www.sioux-city.org/government/departments-a-f/airport,https://en.wikipedia.org/wiki/Sioux_Gateway_Airport
FSD,KFSD,Sioux Falls Regional Airport,medium,43.585463,-96.741152,US,US-SD,South Dakota,Sioux Falls,http://www.sfairport.com/,https://en.wikipedia.org/wiki/Sioux_Falls_Regional_Airport
SIT,PASI,Sitka Rocky Gutierrez Airport,medium,57.0471,-135.362,US,US-AK,Alaska,Sitka,,https://en.wikipedia.org/wiki/Sitka_Rocky_Gutierrez_Airport
SBN,KSBN,South Bend International Airport,medium,41.708304,-86.316922,US,US-IN,Indiana,South Bend,https://flysbn.com,https://en.wikipedia.org/wiki/South_Bend_Regional_Airport
GEG,KGEG,Spokane International Airport,large,47.6199,-117.533997,US,US-WA,Washington,Spokane,https://spokaneairports.net/,https://en.wikipedia.org/wiki/Spokane_International_Airport
SPI,KSPI,Abraham Lincoln Capital Airport,medium,39.844101,-89.677902,US,US-IL,Illinois,Springfield,,https://en.wikipedia.org/wiki/Abraham_Lincoln_Capital_Airport
SGF,KSGF,Springfield Branson National Airport,medium,37.245047,-93.388596,US,US-MO,Missouri,Springfield,https://flyspringfield.com,https://en.wikipedia.org/wiki/Springfield/Branson_National_Airport
UST,KSGJ,Northeast Florida Regional Airport,medium,29.9592,-81.339798,US,US-FL,Florida,St Augustine,http://www.flynf.com/,https://en.wikipedia.org/wiki/St._Augustine_Airport
STG,PAPB,St George Airport,medium,56.577345,-169.663823,US,US-AK,Alaska,St George,,https://en.wikipedia.org/wiki/St._George_Airport_(Alaska)
SGU,KSGU,St George Regional Airport,medium,37.036389,-113.510306,US,US-UT,Utah,St George,https://www.flysgu.org,https://en.wikipedia.org/wiki/St._George_Regional_Airport
STL,KSTL,St. Louis Lambert International Airport,large,38.748697,-90.370003,US,US-MO,Missouri,St Louis,https://www.flystl.com/,https://en.wikipedia.org/wiki/St._Louis_Lambert_International_Airport
SNP,PASN,St Paul Island Airport,medium,57.166311,-170.222555,US,US-AK,Alaska,St Paul Island,,https://en.wikipedia.org/wiki/St._Paul_Island_Airport
SCE,KUNV,State College Regional Airport,medium,40.849374,-77.84852,US,US-PA,Pennsylvania,State College,http://universityparkairport.com/,https://en.wikipedia.org/wiki/University_Park_Airport
SWO,KSWO,Stillwater Regional Airport,medium,36.162132,-97.085581,US,US-OK,Oklahoma,Stillwater,http://stillwater.org/government/city_facilities/stillwater_regional_airport/,https://en.wikipedia.org/wiki/Stillwater_Regional_Airport
SCK,KSCK,Stockton Metropolitan Airport,medium,37.893279,-121.238079,US,US-CA,California,Stockton,http://www.sjgov.org/airport/,https://en.wikipedia.org/wiki/Stockton_Metropolitan_Airport
SYR,KSYR,Syracuse Hancock International Airport,large,43.111198,-76.1063,US,US-NY,New York,Syracuse,http://www.syrairport.org/,https://en.wikipedia.org/wiki/Syracuse_Hancock_International_Airport
TIW,KTIW,Tacoma Narrows Airport,medium,47.267407,-122.577295,US,US-WA,Washington,Tacoma,,https://en.wikipedia.org/wiki/Tacoma_Narrows_Airport
TLH,KTLH,Tallahassee International Airport,medium,30.401209,-84.35433,US,US-FL,Florida,Tallahassee,https://www.talgov.com/airport/airport,https://en.wikipedia.org/wiki/Tallahassee_Regional_Airport
TPA,KTPA,Tampa International Airport,large,27.9755,-82.533203,US,US-FL,Florida,Tampa,https://www.tampaairport.com/,https://en.wikipedia.org/wiki/Tampa_International_Airport
TSM,KSKX,Taos Regional Airport,medium,36.452494,-105.67749,US,US-NM,New Mexico,Taos,http://www.taosairport.org/,https://en.wikipedia.org/wiki/Taos_Regional_Airport
TEX,KTEX,Telluride Regional Airport,medium,37.9538,-107.907997,US,US-CO,Colorado,Telluride,https://tellurideairport.com/,https://en.wikipedia.org/wiki/Telluride_Regional_Airport
TEB,KTEB,Teterboro Airport,medium,40.850101,-74.060799,US,US-NJ,New Jersey,Teterboro,http://www.teb.com/,https://en.wikipedia.org/wiki/Teterboro_Airport
TXK,KTXK,Texarkana Regional Airport (Webb Field),medium,33.453701,-93.990997,US,US-AR,Arkansas,Texarkana,,https://en.wikipedia.org/wiki/Texarkana_Regional_Airport
TVF,KTVF,Thief River Falls Regional Airport,medium,48.065701,-96.184998,US,US-MN,Minnesota,Thief River Falls,,https://en.wikipedia.org/wiki/Thief_River_Falls_Regional_Airport
TOL,KTOL,Eugene F. Kranz Toledo Express Airport,medium,41.5868,-83.8078,US,US-OH,Ohio,Toledo,,https://en.wikipedia.org/wiki/Toledo_Express_Airport
TVC,KTVC,Cherry Capital Airport,medium,44.741402,-85.582199,US,US-MI,Michigan,Traverse City,https://tvcairport.com,https://en.wikipedia.org/wiki/Cherry_Capital_Airport
TKF,KTRK,Truckee Tahoe Airport,medium,39.318628,-120.140562,US,US-CA,California,Truckee,,https://en.wikipedia.org/wiki/Truckee_Tahoe_Airport
TUS,KTUS,Tucson International Airport,large,32.115004,-110.938053,US,US-AZ,Arizona,Tucson,https://www.flytucson.com/,https://en.wikipedia.org/wiki/Tucson_International_Airport
TUL,KTUL,Tulsa International Airport,large,36.197084,-95.886225,US,US-OK,Oklahoma,Tulsa,,https://en.wikipedia.org/wiki/Tulsa_International_Airport
TUP,KTUP,Tupelo Regional Airport,medium,34.268101,-88.769897,US,US-MS,Mississippi,Tupelo,,https://en.wikipedia.org/wiki/Tupelo_Regional_Airport
TWF,KTWF,Joslin Field Magic Valley Regional Airport,medium,42.4818,-114.487999,US,US-ID,Idaho,Twin Falls,,https://en.wikipedia.org/wiki/Magic_Valley_Regional_Airport
TYR,KTYR,Tyler Pounds Regional Airport,medium,32.354099,-95.402397,US,US-TX,Texas,Tyler,,https://en.wikipedia.org/wiki/Tyler_Pounds_Regional_Airport
UNK,PAUN,Unalakleet Airport,medium,63.888401,-160.798996,US,US-AK,Alaska,Unalakleet,,https://en.wikipedia.org/wiki/Unalakleet_Airport
DUT,PADU,Tom Madsen (Dutch Harbor) Airport,medium,53.89881,-166.544996,US,US-AK,Alaska,Unalaska,,https://en.wikipedia.org/wiki/Unalaska_Airport
UTO,PAIM,Indian Mountain LRRS Airport,medium,65.992798,-153.703995,US,US-AK,Alaska,Utopia Creek,,https://en.wikipedia.org/wiki/Indian_Mountain_LRRS_Airport
BRW,PABR,Wiley Post Will Rogers Memorial Airport,medium,71.285402,-156.766008,US,US-AK,Alaska,Utqiaġvik,,https://en.wikipedia.org/wiki/Wiley_Post-Will_Rogers_Memorial_Airport
VDZ,PAVD,Valdez Pioneer Field,medium,61.132712,-146.246567,US,US-AK,Alaska,Valdez,,https://en.wikipedia.org/wiki/Valdez_Airport
VLD,KVLD,Valdosta Regional Airport,medium,30.782499,-83.276703,US,US-GA,Georgia,Valdosta,,https://en.wikipedia.org/wiki/Valdosta_Regional_Airport
VPS,KVPS,Destin-Fort Walton Beach Airport,medium,30.481315,-86.515839,US,US-FL,Florida,Valparaiso,http://www.flyvps.com/,https://en.wikipedia.org/wiki/Destin%E2%80%93Fort_Walton_Beach_Airport
VEL,KVEL,Vernal Regional Airport,medium,40.436214,-109.511661,US,US-UT,Utah,Vernal,,https://en.wikipedia.org/wiki/Vernal_Airport
VRB,KVRB,Vero Beach Regional Airport,medium,27.6556,-80.417901,US,US-FL,Florida,Vero Beach,http://verobeachairport.org/,https://en.wikipedia.org/wiki/Vero_Beach_Municipal_Airport
VCT,KVCT,Victoria Regional Airport,medium,28.8526,-96.918503,US,US-TX,Texas,Victoria,,https://en.wikipedia.org/wiki/Victoria_Regional_Airport
ACT,KACT,Waco Regional Airport,medium,31.6113,-97.230499,US,US-TX,Texas,Waco,,https://en.wikipedia.org/wiki/Waco_Regional_Airport
MUE,PHMU,Waimea Kohala Airport,medium,20.001301,-155.667999,US,US-HI,Hawaii,Waimea (Kamuela),,https://en.wikipedia.org/wiki/Waimea-Kohala_Airport
AIN,PAWI,Wainwright Airport,medium,70.638,-159.994995,US,US-AK,Alaska,Wainwright,,https://en.wikipedia.org/wiki/Wainwright_Airport_(Alaska)
ALW,KALW,Walla Walla Regional Airport,medium,46.094898,-118.288002,US,US-WA,Washington,Walla Walla,,https://en.wikipedia.org/wiki/Walla_Walla_Regional_Airport
DCA,KDCA,Ronald Reagan Washington National Airport,large,38.8521,-77.037697,US,US-DC,District of Columbia,Washington,http://www.flyreagan.com/dca/reagan-national-airport,https://en.wikipedia.org/wiki/Ronald_Reagan_Washington_National_Airport
ALO,KALO,Waterloo Regional Airport,medium,42.557098,-92.400299,US,US-IA,Iowa,Waterloo,,https://en.wikipedia.org/wiki/Waterloo_Regional_Airport
ART,KART,Watertown International Airport,medium,43.991901,-76.021698,US,US-NY,New York,Watertown,,https://en.wikipedia.org/wiki/Watertown_International_Airport
ATY,KATY,Watertown Regional Airport,medium,44.914001,-97.154701,US,US-SD,South Dakota,Watertown,,https://en.wikipedia.org/wiki/Watertown_Regional_Airport
EAT,KEAT,Pangborn Memorial Airport,medium,47.398899,-120.207001,US,US-WA,Washington,Wenatchee,http://www.pangbornairport.com/,https://en.wikipedia.org/wiki/Pangborn_Memorial_Airport
LAF,KLAF,Purdue University Airport,medium,40.412875,-86.939363,US,US-IN,Indiana,West Lafayette,,https://en.wikipedia.org/wiki/Purdue_University_Airport
DJT,KDJT,President Donald J. Trump International Airport,large,26.683201,-80.095596,US,US-FL,Florida,West Palm Beach,https://flydjt.org/,https://en.wikipedia.org/wiki/Palm_Beach_International_Airport
WYS,KWYS,Yellowstone Airport,medium,44.6884,-111.117996,US,US-MT,Montana,West Yellowstone,https://yellowstoneairport.mdt.mt.gov,https://en.wikipedia.org/wiki/Yellowstone_Airport
WST,KWST,Westerly State Airport,medium,41.349602,-71.803398,US,US-RI,Rhode Island,Westerly,,https://en.wikipedia.org/wiki/Westerly_State_Airport
SHD,KSHD,Shenandoah Valley Regional Airport,medium,38.263802,-78.8964,US,US-VA,Virginia,Weyers Cave,,https://en.wikipedia.org/wiki/Shenandoah_Valley_Regional_Airport
HPN,KHPN,Westchester County Airport,medium,41.067001,-73.707603,US,US-NY,New York,White Plains,,https://en.wikipedia.org/wiki/Westchester_County_Airport
ICT,KICT,Wichita Dwight D. Eisenhower National Airport,medium,37.650314,-97.428583,US,US-KS,Kansas,Wichita,https://flywichita.com,https://en.wikipedia.org/wiki/Wichita_Dwight_D._Eisenhower_National_Airport
SPS,KSPS,Wichita Falls Municipal Airport / Sheppard Air Force Base,medium,33.9888,-98.491898,US,US-TX,Texas,Wichita Falls,http://www.flywichitafalls.net/,https://en.wikipedia.org/wiki/Wichita_Falls_Municipal_Airport
AVP,KAVP,Wilkes-Barre/Scranton International Airport,medium,41.337064,-75.724232,US,US-PA,Pennsylvania,Wilkes-Barre/Scranton,http://www.flyavp.com/,https://en.wikipedia.org/wiki/Wilkes-Barre/Scranton_International_Airport
IPT,KIPT,Williamsport Regional Airport,medium,41.242126,-76.92245,US,US-PA,Pennsylvania,Williamsport,,https://en.wikipedia.org/wiki/Williamsport_Regional_Airport
XWA,KXWA,Williston Basin International Airport,medium,48.260863,-103.75116,US,US-ND,North Dakota,Williston,http://www.xwaproject.com/,https://en.wikipedia.org/wiki/Williston_Basin_International_Airport
ILG,KILG,Wilmington Airport,medium,39.678699,-75.606499,US,US-DE,Delaware,Wilmington,https://flyilg.com,https://en.wikipedia.org/wiki/New_Castle_Airport
ILM,KILM,Wilmington International Airport,medium,34.272345,-77.905117,US,US-NC,North Carolina,Wilmington,https://flyilm.com,https://en.wikipedia.org/wiki/Wilmington_International_Airport
OLF,KOLF,L M Clayton Airport,medium,48.094501,-105.574997,US,US-MT,Montana,Wolf Point,,https://en.wikipedia.org/wiki/L._M._Clayton_Airport
ORH,KORH,Worcester Regional Airport,medium,42.2673,-71.875702,US,US-MA,Massachusetts,Worcester,,https://en.wikipedia.org/wiki/Worcester-Metrowest-Boston_Airport
WRG,PAWG,Wrangell Airport,medium,56.484299,-132.369995,US,US-AK,Alaska,Wrangell,,https://en.wikipedia.org/wiki/Wrangell_Airport
YKM,KYKM,Yakima Air Terminal McAllister Field,medium,46.568199,-120.543999,US,US-WA,Washington,Yakima,,https://en.wikipedia.org/wiki/Yakima_Air_Terminal
YAK,PAYA,Yakutat Airport,medium,59.508717,-139.660435,US,US-AK,Alaska,Yakutat,,https://en.wikipedia.org/wiki/Yakutat_Airport
YUM,KNYL,Yuma International Airport / Marine Corps Air Station Yuma,medium,32.650938,-114.609375,US,US-AZ,Arizona,Yuma,,https://en.wikipedia.org/wiki/Yuma_International_Airport
MVD,SUMU,Carrasco General Cesáreo L. Berisso International Airport,large,-34.835647,-56.026497,UY,UY-CA,Canelones Department,Ciudad de la Costa,,https://en.wikipedia.org/wiki/Carrasco_International_Airport
PDP,SULS,Capitan Corbeta CA Curbelo International Airport,medium,-34.855099,-55.094299,UY,UY-MA,Maldonado Department,Punta del Este,http://www.puntadeleste.aero/,https://en.wikipedia.org/wiki/Capitan_Corbeta_CA_Curbelo_International_Airport
RVY,SURV,Pres. Gral. Óscar D. Gestido Binational Airport,medium,-30.9746,-55.4762,UY,UY-RV,Rivera Department,Rivera/Santana do Livramento,,https://en.wikipedia.org/wiki/Rivera_International_Airport
AZN,UZFA,Andijan International Airport,medium,40.727699,72.293999,UZ,UZ-AN,Andijan Region,Andijan,,https://en.wikipedia.org/wiki/Andizhan_Airport
BHK,UZSB,Bukhara International Airport,large,39.775319,64.482279,UZ,UZ-BU,Bukhara Region,Bukhara,,https://en.wikipedia.org/wiki/Bukhara_International_Airport
FEG,UZFF,Fergana International Airport,medium,40.358799,71.745003,UZ,UZ-FA,Fergana Region,Fergana,,https://en.wikipedia.org/wiki/Fergana_International_Airport
NMA,UZFN,Namangan International Airport,large,40.984622,71.5578,UZ,UZ-NG,Namangan Region,Namangan,,https://en.wikipedia.org/wiki/Namangan_Airport
NVI,UZSA,Navoi International Airport,medium,40.117599,65.172658,UZ,UZ-NW,Navoiy Region,Navoi,,https://en.wikipedia.org/wiki/Navoi_International_Airport
NCU,UZNN,Nukus International Airport,large,42.4884,59.623299,UZ,UZ-QR,Republic of Karakalpakstan,Nukus,,https://en.m.wikipedia.org/wiki/Nukus_Airport
SKD,UZSS,Samarkand International Airport,large,39.701842,66.981467,UZ,UZ-SA,Samarqand Region,Samarkand,,https://en.wikipedia.org/wiki/Samarkand_Airport
TAS,UZTT,Tashkent International Airport,large,41.2579,69.281197,UZ,UZ-TO,Tashkent Region,Tashkent,,https://en.wikipedia.org/wiki/Tashkent_International_Airport
TVT,UZTP,Tashkent-Khumo International Airport,medium,41.312889,69.395535,UZ,UZ-TO,Tashkent Region,Tashkent,,https://uz.wikipedia.org/wiki/Toshkent-sharqiy_aerodromi
TMJ,UZST,Termez Airport,medium,37.287261,67.311869,UZ,UZ-SU,Surxondaryo Region,Termez,,https://en.wikipedia.org/wiki/Termez_Airport
UGC,UZNU,Urgench International Airport,large,41.58274,60.64338,UZ,UZ-XO,Xorazm Region,Urgench,,https://en.wikipedia.org/wiki/Urgench_Airport
OMN,UZTZ,Zomin Airport,medium,40.01402,68.41103,UZ,UZ-JI,Jizzakh Region,Zomin,,https://en.wikipedia.org/wiki/Zomin_Airport
BQU,TVSB,J F Mitchell Airport,medium,12.9884,-61.262001,VC,VC-06,Grenadines,Bequia,https://security.gov.vc/security/index.php?option=com_content&view=article&id=8&Itemid=11,https://en.wikipedia.org/wiki/J._F._Mitchell_Airport
CIW,TVSC,Canouan Airport,medium,12.699,-61.3424,VC,VC-06,Grenadines,Canouan,,https://en.wikipedia.org/wiki/Canouan_Airport
SVD,TVSA,Argyle International Airport,large,13.159725,-61.148801,VC,VC-04,Saint George,Kingstown,http://www.svgiadc.com,https://en.m.wikipedia.org/wiki/Argyle_International_Airport
MQS,TVSM,Mustique Airport,medium,12.8879,-61.180199,VC,VC-06,Grenadines,Lovell,,https://en.wikipedia.org/wiki/Mustique_Airport
UNI,TVSU,Union Island International Airport,medium,12.600135,-61.411945,VC,VC-06,Grenadines,Union Island,,https://en.wikipedia.org/wiki/Union_Island_Airport
BLA,SVBC,General José Antonio Anzoategui International Airport,large,10.111111,-64.692222,VE,VE-B,Anzoátegui State,Barcelona,http://aigdjaa.baer.gob.ve,https://en.wikipedia.org/wiki/General_Jos%C3%A9_Antonio_Anzo%C3%A1tegui_International_Airport
BNS,SVBI,Barinas Airport,medium,8.615,-70.214167,VE,VE-E,Barinas State,Barinas,,https://en.wikipedia.org/wiki/Barinas_Airport
BRM,SVBM,Jacinto Lara International Airport,large,10.042747,-69.35862,VE,VE-K,Lara State,Barquisimeto,,https://en.wikipedia.org/wiki/Jacinto_Lara_International_Airport
CAJ,SVCN,Canaima Airport,medium,6.231989,-62.85485,VE,VE-F,Bolívar State,Canaima,,https://en.wikipedia.org/wiki/Canaima_Airport
CUP,SVCP,General Francisco Bermúdez Airport,medium,10.660014,-63.261681,VE,VE-R,Sucre State,Carúpano,,https://en.wikipedia.org/wiki/General_Jos%C3%A9_Francisco_Berm%C3%BAdez_Airport
CZE,SVCR,José Leonardo Chirinos Airport,medium,11.414944,-69.680901,VE,VE-I,Falcón State,Coro,,https://en.wikipedia.org/wiki/Jos%C3%A9_Leonardo_Chirino_Airport
CUM,SVCU,Antonio José de Sucre Airport,medium,10.450333,-64.13047,VE,VE-R,Sucre State,Cumaná,,https://en.wikipedia.org/wiki/Antonio_Jos%C3%A9_de_Sucre_Airport
SOM,SVST,San Tomé Airport,medium,8.945147,-64.151085,VE,VE-B,Anzoátegui State,El Tigre,,https://en.wikipedia.org/wiki/San_Tom%C3%A9_Airport
VIG,SVVG,Juan Pablo Pérez Alfonso Airport,medium,8.624139,-71.672668,VE,VE-L,Mérida State,El Vigía,,https://en.wikipedia.org/wiki/Juan_Pablo_P%C3%A9rez_Alfonzo_Airport
PZO,SVPR,General Manuel Carlos Piar International Airport,large,8.28853,-62.760399,VE,VE-F,Bolívar State,Guyana City,,https://en.wikipedia.org/wiki/Manuel_Carlos_Piar_Guayana_Airport
PMV,SVMG,Del Caribe Santiago Mariño International Airport,large,10.912603,-63.966599,VE,VE-O,Nueva Esparta State,Isla Margarita,,https://en.wikipedia.org/wiki/Del_Caribe_International_General_Santiago_Marino_Airport
CCS,SVMI,Maiquetía Simón Bolívar International Airport,large,10.602214,-66.991174,VE,VE-X,La Guaira State,Maiquetía,http://www.aeropuerto-maiquetia.com.ve/web/,https://en.wikipedia.org/wiki/Sim%C3%B3n_Bol%C3%ADvar_International_Airport
MAR,SVMC,La Chinita International Airport,large,10.557542,-71.729307,VE,VE-V,Zulia State,Maracaibo,https://baer.gob.ve/aeropuerto-internacional-la-chinita/,https://en.wikipedia.org/wiki/La_Chinita_International_Airport
MUN,SVMT,José Tadeo Monagas International Airport,medium,9.749023,-63.153348,VE,VE-N,Monagas State,Maturín,,https://en.wikipedia.org/wiki/Jos%C3%A9_Tadeo_Monagas_International_Airport
LSP,SVJC,Josefa Camejo International Airport,medium,11.780775,-70.151497,VE,VE-I,Falcón State,Paraguaná,,https://en.wikipedia.org/wiki/Josefa_Camejo_International_Airport
SVZ,SVSA,Juan Vicente Gómez International Airport,medium,7.840809,-72.439878,VE,VE-S,Táchira State,San Antonio del Tachira,,https://en.wikipedia.org/wiki/Juan_Vicente_G%C3%B3mez_International_Airport
SNV,SVSE,Santa Elena de Uairén Airport,medium,4.554699,-61.145234,VE,VE-F,Bolívar State,Santa Elena de Uairén,,https://en.wikipedia.org/wiki/Santa_Elena_de_Uair%C3%A9n_Airport
STD,SVSO,Mayor Buenaventura Vivas International Airport,medium,7.56538,-72.035103,VE,VE-S,Táchira State,Santo Domingo,,https://en.wikipedia.org/wiki/Mayor_Buenaventura_Vivas_Airport
VLN,SVVA,Arturo Michelena International Airport,large,10.149733,-67.928398,VE,VE-G,Carabobo State,Valencia,,https://en.wikipedia.org/wiki/Arturo_Michelena_International_Airport
VLV,SVVL,Dr. Antonio Nicolás Briceño Airport,medium,9.340478,-70.584061,VE,VE-T,Trujillo State,Valera,,https://en.wikipedia.org/wiki/Dr._Antonio_Nicol%C3%A1s_Brice%C3%B1o_Airport
EIS,TUPJ,Terrance B. Lettsome International Airport,large,18.445492,-64.541707,VG,VG-U-A,(unassigned),Beef Island,http://www.bareboatsbvi.com/beef_island.html,https://en.wikipedia.org/wiki/Terrance_B._Lettsome_International_Airport
VIJ,TUPW,Virgin Gorda Airport,medium,18.446634,-64.427932,VG,VG-U-A,(unassigned),Spanish Town,,https://en.wikipedia.org/wiki/Virgin_Gorda_Airport
STT,TIST,Cyril E. King Airport,large,18.337091,-64.977251,VI,VI-ST,Saint Thomas,Charlotte Amalie,http://www.viport.com/airports.html,https://en.wikipedia.org/wiki/Cyril_E._King_Airport
STX,TISX,Henry E. Rohlsen Airport,medium,17.701413,-64.802608,VI,VI-SC,Saint Croix,Christiansted,https://www.viport.com/herastx,https://en.wikipedia.org/wiki/Henry_E._Rohlsen_Airport
BMV,VVBM,Buon Ma Thuot Airport,medium,12.6683,108.120003,VN,VN-CH,Central Highlands Region,Buon Ma Thuot,,https://en.wikipedia.org/wiki/Buon_Ma_Thuot_Airport
CAH,VVCM,Cà Mau Airport,medium,9.177667,105.177778,VN,VN-SW,Southwest Region,Ca Mau City,,https://en.wikipedia.org/wiki/C%C3%A0_Mau_Airport
VCA,VVCT,Can Tho International Airport,large,10.083397,105.709371,VN,VN-SW,Southwest Region,Can Tho,,https://en.wikipedia.org/wiki/Can_Tho_International_Airport
VCS,VVCS,Con Dao Airport,medium,8.73183,106.633003,VN,VN-SE,Southeast Region,Con Dao,,https://en.wikipedia.org/wiki/Con_Dao_Airport
DLI,VVDL,Lien Khuong Airport,medium,11.750556,108.366997,VN,VN-CH,Central Highlands Region,Da Lat,,https://en.wikipedia.org/wiki/Lien_Khuong_Airport
DAD,VVDN,Da Nang International Airport,large,16.0439,108.198997,VN,VN-SCC,South Central Coast Region,Da Nang,,https://en.wikipedia.org/wiki/Da_Nang_International_Airport
DIN,VVDB,Dien Bien Phu Airport,medium,21.397499,103.008003,VN,VN-NW,Northwest Region,Dien Bien Phu,,https://en.wikipedia.org/wiki/Dien_Bien_Phu_Airport
VDH,VVDH,Dong Hoi Airport,medium,17.515,106.590556,VN,VN-NC,North Central Region,Dong Hoi,,https://en.wikipedia.org/wiki/Dong_Hoi_Airport
HPH,VVCI,Cat Bi International Airport,large,20.817428,106.724315,VN,VN-RRD,Red River Delta Region,Haiphong (Hai An),,https://en.wikipedia.org/wiki/Cat_Bi_Airport
HAN,VVNB,Noi Bai International Airport,large,21.221201,105.806999,VN,VN-RRD,Red River Delta Region,Hanoi (Soc Son),,https://en.wikipedia.org/wiki/Noi_Bai_International_Airport
SGN,VVTS,Tan Son Nhat International Airport,large,10.8188,106.652,VN,VN-SE,Southeast Region,Ho Chi Minh City,http://www.tsnairport.hochiminhcity.gov.vn/,https://en.wikipedia.org/wiki/Tan_Son_Nhat_International_Airport
HUI,VVPB,Phu Bai International Airport,large,16.400581,107.704094,VN,VN-NC,North Central Region,Huế,,https://en.wikipedia.org/wiki/Phu_Bai_International_Airport
CXR,VVCR,Cam Ranh International Airport / Cam Ranh Air Base,large,11.9982,109.219002,VN,VN-SCC,South Central Coast Region,Nha Trang/nha Trang aiurportCam Ranh,https://camranh.aero,https://en.wikipedia.org/wiki/Cam_Ranh_International_Airport
PQC,VVPQ,Phú Quốc International Airport,large,10.169783,103.99353,VN,VN-SW,Southwest Region,Phu Quoc Island,https://sunwairport.vn,https://en.wikipedia.org/wiki/Phu_Quoc_International_Airport
PXU,VVPK,Pleiku Airport,medium,14.0045,108.016998,VN,VN-CH,Central Highlands Region,Pleiku,,https://en.wikipedia.org/wiki/Pleiku_Air_Base
UIH,VVPC,Phu Cat Airport,medium,13.955,109.042,VN,VN-SCC,South Central Coast Region,Quy Nohn,https://vietnamairport.vn/phucatairport/,https://en.wikipedia.org/wiki/Phu_Cat_Airport
VKG,VVRG,Rach Gia Airport,medium,9.95803,105.13238,VN,VN-SW,Southwest Region,Rach Gia,,https://en.wikipedia.org/wiki/Rach_Gia_Airport
TBB,VVTH,Dong Tac Airport,medium,13.0496,109.334,VN,VN-SCC,South Central Coast Region,Tuy Hoa,,https://en.wikipedia.org/wiki/%C4%90%C3%B4ng_T%C3%A1c_(Tuy_Hoa)_Airport
VDO,VVVD,Van Don International Airport,medium,21.120693,107.41539,VN,VN-NE,Northeast Region,Van Don,http://www.vandon-airport.com/,https://en.wikipedia.org/wiki/Van_Don_International_Airport
VII,VVVH,Vinh Airport,medium,18.7376,105.670998,VN,VN-NC,North Central Region,Vinh,,https://en.wikipedia.org/wiki/Vinh_Airport
SON,NVSS,Santo Pekoa International Airport,medium,-15.505,167.220001,VU,VU-SAM,Sanma,Luganville,http://www.airports.vu/Santo%20Pekoa/Santo%20Pekoa.htm,https://en.wikipedia.org/wiki/Santo-Pekoa_International_Airport
VLI,NVVV,Bauerfield International Airport,large,-17.699301,168.320007,VU,VU-SEE,Shefa,Port Vila,,https://en.wikipedia.org/wiki/Bauerfield_International_Airport
TAH,NVVW,Whitegrass Airport,medium,-19.455099,169.223999,VU,VU-TAE,Tafea,Tanna Island,,https://en.wikipedia.org/wiki/White_Grass_Airport
WLS,NLWW,Hihifo Airport,large,-13.239445,-176.19865,WF,WF-U-A,(unassigned),Wallis Island,,https://en.wikipedia.org/wiki/Hihifo_Airport
APW,NSFA,Faleolo International Airport,large,-13.83,-172.007996,WS,WS-AA,A'ana District,Apia,,https://en.wikipedia.org/wiki/Faleolo_International_Airport
PRN,BKPR,Priština Adem Jashari International Airport,large,42.5728,21.035801,XK,XK-01,Pristina District,Prishtina,http://www.airportpristina.com/,https://en.wikipedia.org/wiki/Pristina_International_Airport
ADE,OYAA,Aden International Airport,large,12.829564,45.029976,YE,YE-AD,Aden Governorate,Aden,,https://en.wikipedia.org/wiki/Aden_International_Airport
AAY,OYGD,Al Ghaydah International Airport,medium,16.193341,52.174186,YE,YE-MR,Al Mahrah Governorate,Al Ghaydah,,https://en.wikipedia.org/wiki/Al_Ghaydah_Airport
SCT,OYSQ,Socotra Airport,medium,12.632093,53.906173,YE,YE-SU,Socotra Archipelago Governorate,Mori,,https://en.wikipedia.org/wiki/Socotra_Airport
RIY,OYRN,Riyan International Airport,large,14.662241,49.375289,YE,YE-HD,Hadhramaut Governorate,Mukalla(Riyan),,https://en.m.wikipedia.org/wiki/Riyan_International_Airport
SAH,OYSN,Sanaa International Airport,large,15.4763,44.2197,YE,YE-SA,Sanaa Municipality,Sanaa,,https://en.wikipedia.org/wiki/Sanaa_International_Airport
GXF,OYSY,Seiyun Hadhramaut International Airport,large,15.965887,48.788146,YE,YE-HD,Hadhramaut Governorate,Seiyun,,https://en.wikipedia.org/wiki/Seiyun_Airport
TAI,OYTZ,Taiz International Airport,medium,13.686,44.139099,YE,YE-TA,Taiz Governorate,Taiz,,https://en.wikipedia.org/wiki/Taiz_International_Airport
DZA,FMCZ,Dzaoudzi Pamandzi International Airport,large,-12.809319,45.281815,YT,YT-U-A,(unassigned),Dzaoudzi,,https://en.wikipedia.org/wiki/Dzaoudzi_Pamandzi_International_Airport
BFN,FABL,Bram Fischer International Airport,large,-29.092699,26.302401,ZA,ZA-FS,Free State,Bloemfontein,https://sa-airports.co.za/bram-fischer-airport,https://en.wikipedia.org/wiki/Bram_Fischer_International_Airport
CPT,FACT,Cape Town International Airport,large,-33.97403,18.604333,ZA,ZA-WC,Western Cape,Cape Town,https://www.airports.co.za/airports/cape-town-international-airport,https://en.wikipedia.org/wiki/Cape_Town_International_Airport
DUR,FALE,King Shaka International Airport,large,-29.614444,31.119722,ZA,ZA-NL,Kwazulu-Natal,Durban,,https://en.wikipedia.org/wiki/King_Shaka_International_Airport
ELS,FAEL,King Phalo Airport,large,-33.035599,27.825899,ZA,ZA-EC,Eastern Cape,East London,https://www.airports.co.za/airports/King-Phalo-airport,https://en.wikipedia.org/wiki/East_London_Airport
GRJ,FAGG,George Airport,large,-34.0056,22.378902,ZA,ZA-WC,Western Cape,George,https://www.airports.co.za/airports/george-airport,https://en.wikipedia.org/wiki/George_Airport
PLZ,FAPE,Chief Dawid Stuurman International Airport,large,-33.989715,25.617353,ZA,ZA-EC,Eastern Cape,Gqeberha (Port Elizabeth),http://www.acsa.co.za/home.asp?pid=236,https://en.wikipedia.org/wiki/Chief_Dawid_Stuurman_International_Airport
HDS,FAHS,Eastgate Airport / Air Force Base Hoedspruit,medium,-24.361864,31.052921,ZA,ZA-LP,Limpopo,Hoedspruit,https://eastgateairport.co.za,https://en.wikipedia.org/wiki/Air_Force_Base_Hoedspruit
HLA,FALA,Lanseria International Airport,large,-25.938964,27.926642,ZA,ZA-GT,Gauteng,Johannesburg,https://landseria.co.za,https://en.wikipedia.org/wiki/Lanseria_Airport
JNB,FAOR,O.R. Tambo International Airport,large,-26.140081,28.246801,ZA,ZA-GT,Gauteng,Johannesburg,https://ortambo-airport.com/,https://en.wikipedia.org/wiki/O._R._Tambo_International_Airport
KIM,FAKM,Kimberley Airport,large,-28.805401,24.764872,ZA,ZA-NC,Northern Cape,Kimberley,https://www.airports.co.za/airports/kimberley-airport,https://en.wikipedia.org/wiki/Kimberley_Airport
MBD,FAMM,Mmabatho International Airport,medium,-25.798401,25.548,ZA,ZA-NW,North-West,Mafeking,,https://en.wikipedia.org/wiki/Mmabatho_International_Airport
MGH,FAMG,Margate Airport,medium,-30.857401,30.343,ZA,ZA-NL,Kwazulu-Natal,Margate,,https://en.wikipedia.org/wiki/Margate_Airport
MQP,FAKN,Kruger Mpumalanga International Airport,large,-25.383327,31.105325,ZA,ZA-MP,Mpumalanga,Mbombela,https://kmiairport.co.za,https://en.wikipedia.org/wiki/Kruger_Mpumalanga_International_Airport
MZQ,FAMU,Mkuze Airport,medium,-27.626101,32.0443,ZA,ZA-NL,Kwazulu-Natal,Mkuze,https://umda.org.za/mkuze-airport/,https://en.wikipedia.org/wiki/Mkuze
UTT,FAUT,K. D. Matanzima Airport,medium,-31.546363,28.673355,ZA,ZA-EC,Eastern Cape,Mthatha,,https://en.wikipedia.org/wiki/K.D._Matanzima_Airport
PHW,FAPH,Hendrik Van Eck Airport,medium,-23.937201,31.155399,ZA,ZA-LP,Limpopo,Phalaborwa,,https://en.wikipedia.org/wiki/Hendrik_Van_Eck_Airport
PZB,FAPM,Pietermaritzburg Airport,medium,-29.649,30.398701,ZA,ZA-NL,Kwazulu-Natal,Pietermaritzburg,,https://en.wikipedia.org/wiki/Pietermaritzburg_Airport
PTG,FAPP,Polokwane International Airport,large,-23.845269,29.458615,ZA,ZA-LP,Limpopo,Polokwane,,https://en.wikipedia.org/wiki/Polokwane_International_Airport
RCB,FARB,Richards Bay Airport,medium,-28.740999,32.092098,ZA,ZA-NL,Kwazulu-Natal,Richards Bay,,https://en.wikipedia.org/wiki/Richards_Bay_Airport
SIS,FASS,Sishen Airport,medium,-27.6486,22.9993,ZA,ZA-NC,Northern Cape,Sishen,,
SZK,FASZ,Skukuza Airport,medium,-24.96085,31.588587,ZA,ZA-MP,Mpumalanga,Skukuza,,https://en.wikipedia.org/wiki/Skukuza_Airport
UTN,FAUP,Upington Airport,medium,-28.400246,21.263592,ZA,ZA-NC,Northern Cape,Upington,https://www.airports.co.za/airports/upington-international-airport,https://en.wikipedia.org/wiki/Upington_Airport
LVI,FLHN,Harry Mwanga Nkumbula International Airport,large,-17.821524,25.819642,ZM,ZM-07,Southern Province,Livingstone,https://www.zacl.co.zm/airport-section/airports/hmnia,https://en.wikipedia.org/wiki/Harry_Mwanga_Nkumbula_International_Airport
LUN,FLKK,Kenneth Kaunda International Airport,large,-15.330833,28.452722,ZM,ZM-09,Lusaka Province,Lusaka,http://www.nacl.co.zm/?page_id=336,https://en.wikipedia.org/wiki/Kenneth_Kaunda_International_Airport
MFU,FLMF,Mfuwe International Airport,large,-13.2589,31.9366,ZM,ZM-03,Eastern Province,Mfuwe,,https://en.wikipedia.org/wiki/Mfuwe_Airport
NLA,FLSK,Simon Mwansa Kapwepwe International Airport,large,-12.96513,28.515624,ZM,ZM-08,Copperbelt Province,Ndola,https://www.zacl.co.zm/airport-section/airports/smkia,https://en.wikipedia.org/wiki/Simon_Mwansa_Kapwepwe_International_Airport
BUQ,FVJN,Joshua Mqabuko Nkomo International Airport,large,-20.016284,28.622897,ZW,ZW-BU,Bulawayo Metropolitan Province,Bulawayo,https://www.acz.co.zw/airports/tour/joshua-mqabuko-nkomo-international-airport,https://en.wikipedia.org/wiki/Joshua_Mqabuko_Nkomo_International_Airport
HRE,FVRG,Robert Gabriel Mugabe International Airport,large,-17.931801,31.0928,ZW,ZW-HA,Harare Metropolitan Province,Harare,,https://en.wikipedia.org/wiki/Harare_International_Airport
KAB,FVKB,Kariba Airport,medium,-16.5198,28.885,ZW,ZW-MW,Mashonaland West Province,Kariba,https://www.caaz.co.zw/kariba-airport,https://en.wikipedia.org/wiki/Kariba_Airport
VFA,FVFA,Victoria Falls International Airport,large,-18.097437,25.836867,ZW,ZW-MN,Matabeleland North Province,Victoria Falls,https://www.acz.co.zw/airports/tour/victoria-falls-international-airport,https://en.wikipedia.org/wiki/Victoria_Falls_Airport
